asset,family,params,date,delay_ms,ret,n_trips,n_win,pnl,pnl_mid,n_long,n_short,min_long,min_short
AAPL,MA,"{'s': 5, 'l': 30, 'b': 0.0005}",2019-09-03,0,0.0002038459307324407,14,7,193.995829089636,1721.7129831708123,7,7,126.0,79.0
AAPL,MA,"{'s': 5, 'l': 30, 'b': 0.0005}",2019-09-03,10,0.0004446186603089625,14,7,436.49061545164653,2279.4509918035333,7,7,126.0,79.0
AAPL,MA,"{'s': 5, 'l': 30, 'b': 0.0005}",2019-09-03,20,0.0004446186603089625,14,7,436.49061545164653,2400.6983849846074,7,7,126.0,79.0
AAPL,MA,"{'s': 5, 'l': 30, 'b': 0.0005}",2019-09-03,50,5.883289907193982e-05,14,7,48.498957272236694,2376.4489063484198,7,7,126.0,79.0
AAPL,MA,"{'s': 5, 'l': 30, 'b': 0.0005}",2019-09-03,100,0.0005886865057269146,14,7,581.9874872687701,2352.199427712095,7,7,126.0,79.0
AAPL,MA,"{'s': 5, 'l': 30, 'b': 0.0005}",2019-09-03,200,0.0011666054618844615,14,7,1163.9749745379538,2691.69212861913,7,7,126.0,79.0
AAPL,MA,"{'s': 5, 'l': 30, 'b': 0.0005}",2019-09-03,300,0.0012631245922867964,14,7,1260.9728890828408,2740.191085891505,7,7,126.0,79.0
AAPL,MA,"{'s': 5, 'l': 30, 'b': 0.0005}",2019-09-03,400,0.0009251971395576876,14,7,921.4801881759432,2570.4447354381937,7,7,126.0,79.0
AAPL,MA,"{'s': 5, 'l': 30, 'b': 0.0005}",2019-09-03,500,0.0009746869587090244,14,7,969.9791454483178,2594.694214074519,7,7,126.0,79.0
AAPL,MA,"{'s': 5, 'l': 30, 'b': 0.0005}",2019-09-03,600,0.0009749240417450219,14,7,969.9791454483178,2667.442649983356,7,7,126.0,79.0
AAPL,MA,"{'s': 5, 'l': 30, 'b': 0.0005}",2019-09-03,700,0.001024035321108626,14,7,1018.4781027206924,2667.442649983356,7,7,126.0,79.0
AAPL,MA,"{'s': 5, 'l': 30, 'b': 0.0005}",2019-09-03,800,0.0013614700454248948,14,7,1357.9708036278655,2861.43847907313,7,7,126.0,79.0
AAPL,MA,"{'s': 5, 'l': 30, 'b': 0.0005}",2019-09-03,900,0.0013615966899009223,14,7,1357.9708036278655,2764.4405645283814,7,7,126.0,79.0
AAPL,MA,"{'s': 5, 'l': 30, 'b': 0.0005}",2019-09-03,1000,0.0013144675114244364,14,7,1309.4718463553531,2643.193171347307,7,7,126.0,79.0
AAPL,MA,"{'s': 5, 'l': 30, 'b': 0.0005}",2019-09-04,0,0.0018247648850914049,11,4,1842.9603763521623,2643.1931713467557,5,6,126.0,52.0
AAPL,MA,"{'s': 5, 'l': 30, 'b': 0.0005}",2019-09-04,10,0.001872939082990966,11,4,1891.4593336245368,2667.442649982943,5,6,126.0,52.0
AAPL,MA,"{'s': 5, 'l': 30, 'b': 0.0005}",2019-09-04,20,0.001920742510686476,11,4,1939.9582908969112,2691.69212861913,5,6,126.0,52.0
AAPL,MA,"{'s': 5, 'l': 30, 'b': 0.0005}",2019-09-04,50,0.0019207173680460866,11,4,1939.9582908970492,2691.692128619268,5,6,126.0,52.0
AAPL,MA,"{'s': 5, 'l': 30, 'b': 0.0005}",2019-09-04,100,0.002065272431281408,11,4,2085.4551627141727,2837.189000436392,5,6,126.0,52.0
AAPL,MA,"{'s': 5, 'l': 30, 'b': 0.0005}",2019-09-04,200,0.0021131454892963546,11,4,2133.9541199864093,2861.438479072579,5,6,126.0,52.0
AAPL,MA,"{'s': 5, 'l': 30, 'b': 0.0005}",2019-09-04,300,0.001968320516733245,11,4,1988.4572481690102,2764.4405645279676,5,6,126.0,52.0
AAPL,MA,"{'s': 5, 'l': 30, 'b': 0.0005}",2019-09-04,400,0.001968417849292568,11,4,1988.457248169148,2715.941607255731,5,6,126.0,52.0
AAPL,MA,"{'s': 5, 'l': 30, 'b': 0.0005}",2019-09-04,500,0.002064645793783931,11,4,2085.455162714035,2788.6900431642925,5,6,126.0,52.0
AAPL,MA,"{'s': 5, 'l': 30, 'b': 0.0005}",2019-09-04,600,0.0020164855163807764,11,4,2036.9562054416604,2788.6900431642925,5,6,126.0,52.0
AAPL,MA,"{'s': 5, 'l': 30, 'b': 0.0005}",2019-09-04,700,0.0019682858436880267,11,4,1988.4572481692858,2715.941607255593,5,6,126.0,52.0
AAPL,MA,"{'s': 5, 'l': 30, 'b': 0.0005}",2019-09-04,800,0.0019200815297170759,11,4,1939.9582908967734,2715.9416072554554,5,6,126.0,52.0
AAPL,MA,"{'s': 5, 'l': 30, 'b': 0.0005}",2019-09-04,900,0.0020159206947921475,11,4,2036.9562054415226,2812.9395218003424,5,6,126.0,52.0
AAPL,MA,"{'s': 5, 'l': 30, 'b': 0.0005}",2019-09-04,1000,0.0020638260367002613,11,4,2085.455162714035,2861.4384790727167,5,6,126.0,52.0
AAPL,MA,"{'s': 5, 'l': 30, 'b': 0.0005}",2019-09-05,0,-0.004966077319013025,14,4,-5140.889470876663,-3952.6650177022466,6,8,88.0,96.0
AAPL,MA,"{'s': 5, 'l': 30, 'b': 0.0005}",2019-09-05,10,-0.005858170259873327,14,4,-6062.369659052607,-4752.897812696978,6,8,88.0,96.0
AAPL,MA,"{'s': 5, 'l': 30, 'b': 0.0005}",2019-09-05,20,-0.006280269497778818,14,4,-6498.8602745042535,-5019.642077695314,6,8,88.0,96.0
AAPL,MA,"{'s': 5, 'l': 30, 'b': 0.0005}",2019-09-05,50,-0.006185813058151093,14,4,-6401.862359959367,-4971.143120422663,6,8,88.0,96.0
AAPL,MA,"{'s': 5, 'l': 30, 'b': 0.0005}",2019-09-05,100,-0.006279672616402559,14,4,-6498.860274504391,-5165.138949512437,6,8,88.0,96.0
AAPL,MA,"{'s': 5, 'l': 30, 'b': 0.0005}",2019-09-05,200,-0.006280128640692339,14,4,-6498.860274504391,-5189.388428148624,6,8,88.0,96.0
AAPL,MA,"{'s': 5, 'l': 30, 'b': 0.0005}",2019-09-05,300,-0.00632698021490519,14,3,-6547.359231776765,-5407.633735874585,6,8,88.0,96.0
AAPL,MA,"{'s': 5, 'l': 30, 'b': 0.0005}",2019-09-05,400,-0.006468345759096742,14,3,-6692.856103593889,-5504.631650419335,6,8,88.0,96.0
AAPL,MA,"{'s': 5, 'l': 30, 'b': 0.0005}",2019-09-05,500,-0.006515611575712158,14,3,-6741.355060866126,-5577.380086327758,6,8,88.0,96.0
AAPL,MA,"{'s': 5, 'l': 30, 'b': 0.0005}",2019-09-05,600,-0.006421877680634182,14,4,-6644.357146321377,-5504.631650419059,6,8,88.0,96.0
AAPL,MA,"{'s': 5, 'l': 30, 'b': 0.0005}",2019-09-05,700,-0.006280965951581372,14,4,-6498.860274504115,-5359.134778601935,6,8,88.0,96.0
AAPL,MA,"{'s': 5, 'l': 30, 'b': 0.0005}",2019-09-05,800,-0.006327901087224006,14,4,-6547.359231776628,-5383.384257238398,6,8,88.0,96.0
AAPL,MA,"{'s': 5, 'l': 30, 'b': 0.0005}",2019-09-05,900,-0.0064216175206384275,14,3,-6644.357146321377,-5456.13269314696,6,8,88.0,96.0
AAPL,MA,"{'s': 5, 'l': 30, 'b': 0.0005}",2019-09-05,1000,-0.006421191785868814,14,3,-6644.357146321515,-5480.382171783285,6,8,88.0,96.0
AAPL,MA,"{'s': 5, 'l': 30, 'b': 0.0005}",2019-09-06,0,0.002537543496209967,11,4,2618.9436927104307,3176.681701343427,4,7,99.0,81.0
AAPL,MA,"{'s': 5, 'l': 30, 'b': 0.0005}",2019-09-06,10,0.0026781266780261923,11,4,2764.440564527554,3322.1785731605505,4,7,99.0,81.0
AAPL,MA,"{'s': 5, 'l': 30, 'b': 0.0005}",2019-09-06,20,0.002678150767697285,11,4,2764.440564527692,3322.1785731605505,4,7,99.0,81.0
AAPL,MA,"{'s': 5, 'l': 30, 'b': 0.0005}",2019-09-06,50,0.0026781770850788002,11,4,2764.440564527692,3346.4280517968755,4,7,99.0,81.0
AAPL,MA,"{'s': 5, 'l': 30, 'b': 0.0005}",2019-09-06,100,0.00258458794141955,11,3,2667.442649982943,3249.4301372521268,4,7,99.0,81.0
AAPL,MA,"{'s': 5, 'l': 30, 'b': 0.0005}",2019-09-06,200,0.0026312391939102577,11,3,2715.9416072553176,3297.929094524639,4,7,99.0,81.0
AAPL,MA,"{'s': 5, 'l': 30, 'b': 0.0005}",2019-09-06,300,0.0027718068009888923,11,3,2861.438479072579,3467.6754449779496,4,7,99.0,81.0
AAPL,MA,"{'s': 5, 'l': 30, 'b': 0.0005}",2019-09-06,400,0.0029593998759809967,11,3,3055.434308162353,3661.6712740677235,4,7,99.0,81.0
AAPL,MA,"{'s': 5, 'l': 30, 'b': 0.0005}",2019-09-06,500,0.0031003317182710173,11,3,3200.931179979614,3782.91866724866,4,7,99.0,81.0
AAPL,MA,"{'s': 5, 'l': 30, 'b': 0.0005}",2019-09-06,600,0.0031941316288493235,11,3,3297.929094524501,3904.166060429734,4,7,99.0,81.0
AAPL,MA,"{'s': 5, 'l': 30, 'b': 0.0005}",2019-09-06,700,0.0032880327229842443,11,3,3394.927009069388,3976.914496338296,4,7,99.0,81.0
AAPL,MA,"{'s': 5, 'l': 30, 'b': 0.0005}",2019-09-06,800,0.0032410424499708015,11,3,3346.4280517970133,3976.914496338296,4,7,99.0,81.0
AAPL,MA,"{'s': 5, 'l': 30, 'b': 0.0005}",2019-09-06,900,0.0034289332917444197,11,3,3540.4238808865116,4195.1598040642575,4,7,99.0,81.0
AAPL,MA,"{'s': 5, 'l': 30, 'b': 0.0005}",2019-09-06,1000,0.0036637173124772666,11,3,3782.918667248522,4413.405111790218,4,7,99.0,81.0
AAPL,MA,"{'s': 5, 'l': 30, 'b': 0.0005}",2019-09-09,0,0.002955440379609631,15,3,3103.933265434865,3976.914496338296,7,8,111.0,136.0
AAPL,MA,"{'s': 5, 'l': 30, 'b': 0.0005}",2019-09-09,10,0.002955440379609631,15,3,3103.933265434865,3952.665017702109,7,8,111.0,136.0
AAPL,MA,"{'s': 5, 'l': 30, 'b': 0.0005}",2019-09-09,20,0.003094765052366744,15,3,3249.4301372521268,4025.4134536106703,7,8,111.0,136.0
AAPL,MA,"{'s': 5, 'l': 30, 'b': 0.0005}",2019-09-09,50,0.003141432963510999,15,3,3297.929094524501,4073.912410883045,7,8,111.0,136.0
AAPL,MA,"{'s': 5, 'l': 30, 'b': 0.0005}",2019-09-09,100,0.003141432963510999,15,3,3297.929094524501,4073.912410883045,7,8,111.0,136.0
AAPL,MA,"{'s': 5, 'l': 30, 'b': 0.0005}",2019-09-09,200,0.0031880573561771947,15,3,3346.4280517968755,4122.41136815542,7,8,111.0,136.0
AAPL,MA,"{'s': 5, 'l': 30, 'b': 0.0005}",2019-09-09,300,0.003094954019034378,15,3,3249.4301372521268,4049.66293224672,7,8,111.0,136.0
AAPL,MA,"{'s': 5, 'l': 30, 'b': 0.0005}",2019-09-09,400,0.0031414202745703246,15,3,3297.929094524639,4073.912410883045,7,8,111.0,136.0
AAPL,MA,"{'s': 5, 'l': 30, 'b': 0.0005}",2019-09-09,500,0.0031414202745703246,15,3,3297.929094524639,4073.912410883045,7,8,111.0,136.0
AAPL,MA,"{'s': 5, 'l': 30, 'b': 0.0005}",2019-09-09,600,0.0031408225880710924,15,3,3297.929094524639,4098.161889519371,7,8,111.0,136.0
AAPL,MA,"{'s': 5, 'l': 30, 'b': 0.0005}",2019-09-09,700,0.00309410886922309,15,3,3249.4301372522646,4025.4134536105325,7,8,111.0,136.0
AAPL,MA,"{'s': 5, 'l': 30, 'b': 0.0005}",2019-09-09,800,0.003140568635065959,15,4,3297.9290945247767,4073.9124108829074,7,8,111.0,136.0
AAPL,MA,"{'s': 5, 'l': 30, 'b': 0.0005}",2019-09-09,900,0.0031405409130399412,15,4,3297.9290945247767,4073.912410883045,7,8,111.0,136.0
AAPL,MA,"{'s': 5, 'l': 30, 'b': 0.0005}",2019-09-09,1000,0.0031873703749836424,15,4,3346.4280517971515,4146.660846791745,7,8,111.0,136.0
AAPL,MA,"{'s': 5, 'l': 30, 'b': 0.0005}",2019-09-10,0,-0.015291111064370626,17,3,-15859.159028081085,-14767.93248945183,10,7,156.0,85.0
AAPL,MA,"{'s': 5, 'l': 30, 'b': 0.0005}",2019-09-10,10,-0.015290977476200184,17,3,-15859.159028081085,-14792.181968088018,10,7,156.0,85.0
AAPL,MA,"{'s': 5, 'l': 30, 'b': 0.0005}",2019-09-10,20,-0.015337761097633133,17,3,-15907.65798535346,-14840.680925360393,10,7,156.0,85.0
AAPL,MA,"{'s': 5, 'l': 30, 'b': 0.0005}",2019-09-10,50,-0.015478473501947362,17,3,-16053.15485717072,-14961.928318541468,10,7,156.0,85.0
AAPL,MA,"{'s': 5, 'l': 30, 'b': 0.0005}",2019-09-10,100,-0.015290801130274468,17,3,-15859.159028081085,-14743.683010815506,10,7,156.0,85.0
AAPL,MA,"{'s': 5, 'l': 30, 'b': 0.0005}",2019-09-10,200,-0.01538394477456467,17,3,-15956.156942625696,-14792.181968088018,10,7,156.0,85.0
AAPL,MA,"{'s': 5, 'l': 30, 'b': 0.0005}",2019-09-10,300,-0.015571566321854236,17,3,-16150.152771715333,-15058.926233086217,10,7,156.0,85.0
AAPL,MA,"{'s': 5, 'l': 30, 'b': 0.0005}",2019-09-10,400,-0.015712129598654586,17,3,-16295.649643532732,-15204.423104903477,10,7,156.0,85.0
AAPL,MA,"{'s': 5, 'l': 30, 'b': 0.0005}",2019-09-10,500,-0.015478507926245024,17,3,-16053.154857170446,-15010.427275813841,10,7,156.0,85.0
AAPL,MA,"{'s': 5, 'l': 30, 'b': 0.0005}",2019-09-10,600,-0.01538603323900677,17,3,-15956.15694262556,-14913.429361268816,10,7,156.0,85.0
AAPL,MA,"{'s': 5, 'l': 30, 'b': 0.0005}",2019-09-10,700,-0.015572604888869999,17,3,-16150.152771715333,-15107.425190358177,10,7,156.0,85.0
AAPL,MA,"{'s': 5, 'l': 30, 'b': 0.0005}",2019-09-10,800,-0.01603907022209908,17,3,-16635.142344439355,-15495.416848537448,10,7,156.0,85.0
AAPL,MA,"{'s': 5, 'l': 30, 'b': 0.0005}",2019-09-10,900,-0.016132607674861143,17,3,-16732.14025898438,-15665.163198991035,10,7,156.0,85.0
AAPL,MA,"{'s': 5, 'l': 30, 'b': 0.0005}",2019-09-10,1000,-0.016226458518022204,17,3,-16829.13817352913,-15762.161113535922,10,7,156.0,85.0
AAPL,MA,"{'s': 5, 'l': 30, 'b': 0.0005}",2019-09-11,0,-0.0037362867805071534,17,6,-4025.4134536103948,-2376.448906348282,10,7,148.0,63.0
AAPL,MA,"{'s': 5, 'l': 30, 'b': 0.0005}",2019-09-11,10,-0.00378127710758679,17,6,-4073.9124108827696,-2400.6983849844696,10,7,148.0,63.0
AAPL,MA,"{'s': 5, 'l': 30, 'b': 0.0005}",2019-09-11,20,-0.0038264458683842646,17,6,-4122.411368155282,-2424.9478636207946,10,7,148.0,63.0
AAPL,MA,"{'s': 5, 'l': 30, 'b': 0.0005}",2019-09-11,50,-0.003600560561486542,17,6,-3879.9165817932712,-2279.450991803809,10,7,148.0,63.0
AAPL,MA,"{'s': 5, 'l': 30, 'b': 0.0005}",2019-09-11,100,-0.0035999970371750688,17,6,-3879.916581793409,-2206.702555895109,10,7,148.0,63.0
AAPL,MA,"{'s': 5, 'l': 30, 'b': 0.0005}",2019-09-11,200,-0.003780295251340471,17,6,-4073.912410883183,-2352.199427712784,10,7,148.0,63.0
AAPL,MA,"{'s': 5, 'l': 30, 'b': 0.0005}",2019-09-11,300,-0.004281534722467341,17,6,-4607.400940879854,-2861.43847907313,10,7,148.0,63.0
AAPL,MA,"{'s': 5, 'l': 30, 'b': 0.0005}",2019-09-11,400,-0.004104089819808395,17,7,-4413.405111790494,-2715.9416072561444,10,7,148.0,63.0
AAPL,MA,"{'s': 5, 'l': 30, 'b': 0.0005}",2019-09-11,500,-0.003968619033911449,17,7,-4267.908239973232,-2618.9436927112574,10,7,148.0,63.0
AAPL,MA,"{'s': 5, 'l': 30, 'b': 0.0005}",2019-09-11,600,-0.0036527581095767295,17,7,-3928.4155390660594,-2230.95203453171,10,7,148.0,63.0
AAPL,MA,"{'s': 5, 'l': 30, 'b': 0.0005}",2019-09-11,700,-0.0035604619221879007,17,7,-3831.4176245213102,-2158.2035986227347,10,7,148.0,63.0
AAPL,MA,"{'s': 5, 'l': 30, 'b': 0.0005}",2019-09-11,800,-0.0036058145596667536,17,7,-3879.9165817936846,-2109.70464135036,10,7,148.0,63.0
AAPL,MA,"{'s': 5, 'l': 30, 'b': 0.0005}",2019-09-11,900,-0.003559986092443121,17,7,-3831.4176245211725,-2036.9562054417981,10,7,148.0,63.0
AAPL,MA,"{'s': 5, 'l': 30, 'b': 0.0005}",2019-09-11,1000,-0.003470057305167651,17,7,-3734.4197099761477,-2012.7067268054732,10,7,148.0,63.0
AAPL,MA,"{'s': 5, 'l': 30, 'b': 0.0005}",2019-09-12,0,0.0012232975535806212,16,6,1309.4718463552153,2400.6983849844696,6,10,95.0,108.0
AAPL,MA,"{'s': 5, 'l': 30, 'b': 0.0005}",2019-09-12,10,0.001134372769864313,16,6,1212.4739318104662,2279.4509918032572,6,10,95.0,108.0
AAPL,MA,"{'s': 5, 'l': 30, 'b': 0.0005}",2019-09-12,20,0.001134372769864313,16,6,1212.4739318104662,2303.700470439445,6,10,95.0,108.0
AAPL,MA,"{'s': 5, 'l': 30, 'b': 0.0005}",2019-09-12,50,0.0010453868521239256,16,6,1115.476017265717,2279.4509918035333,6,10,95.0,108.0
AAPL,MA,"{'s': 5, 'l': 30, 'b': 0.0005}",2019-09-12,100,0.0011341652570147174,16,6,1212.473931810604,2327.9499490759076,6,10,95.0,108.0
AAPL,MA,"{'s': 5, 'l': 30, 'b': 0.0005}",2019-09-12,200,0.0011781611159530183,16,6,1260.9728890829786,2303.7004704395827,6,10,95.0,108.0
AAPL,MA,"{'s': 5, 'l': 30, 'b': 0.0005}",2019-09-12,300,0.0009112248637513987,16,6,969.9791454484556,2109.7046413499465,6,10,95.0,108.0
AAPL,MA,"{'s': 5, 'l': 30, 'b': 0.0005}",2019-09-12,400,0.0009557722621832898,16,6,1018.4781027208302,2206.7025558948335,6,10,95.0,108.0
AAPL,MA,"{'s': 5, 'l': 30, 'b': 0.0005}",2019-09-12,500,0.0009998477025832935,16,6,1066.9770599930669,2255.201513167208,6,10,95.0,108.0
AAPL,MA,"{'s': 5, 'l': 30, 'b': 0.0005}",2019-09-12,600,0.0010890705897133948,16,6,1163.9749745379538,2376.4489063484198,6,10,95.0,108.0
AAPL,MA,"{'s': 5, 'l': 30, 'b': 0.0005}",2019-09-12,700,0.0009112066772404691,16,6,969.97914544818,2230.9520345310207,6,10,95.0,108.0
AAPL,MA,"{'s': 5, 'l': 30, 'b': 0.0005}",2019-09-12,800,0.0006445750659296956,16,6,678.9854018136571,1915.7088122603104,6,10,95.0,108.0
AAPL,MA,"{'s': 5, 'l': 30, 'b': 0.0005}",2019-09-12,900,0.0007335709082341854,16,6,775.9833163584061,2061.205684077572,6,10,95.0,108.0
AAPL,MA,"{'s': 5, 'l': 30, 'b': 0.0005}",2019-09-12,1000,0.0008670723116253585,16,6,921.4801881758054,2158.203598622597,6,10,95.0,108.0
AAPL,MA,"{'s': 5, 'l': 30, 'b': 0.0005}",2019-09-13,0,-0.000772766703889197,18,7,-824.4822736310564,169.7463504537244,10,8,84.0,153.0
AAPL,MA,"{'s': 5, 'l': 30, 'b': 0.0005}",2019-09-13,10,-0.000772766703889197,18,7,-824.4822736310564,193.99582908991167,10,8,84.0,153.0
AAPL,MA,"{'s': 5, 'l': 30, 'b': 0.0005}",2019-09-13,20,-0.000772766703889197,18,7,-824.4822736310564,193.99582908991167,10,8,84.0,153.0
AAPL,MA,"{'s': 5, 'l': 30, 'b': 0.0005}",2019-09-13,50,-0.0008183804660116696,18,7,-872.9812309035688,193.99582908977385,10,8,84.0,153.0
AAPL,MA,"{'s': 5, 'l': 30, 'b': 0.0005}",2019-09-13,100,-0.0010017204300880357,18,7,-1066.9770599930669,-48.49895727237454,10,8,84.0,153.0
AAPL,MA,"{'s': 5, 'l': 30, 'b': 0.0005}",2019-09-13,200,-0.001276243677208066,18,7,-1357.9708036275897,-363.7421795430847,10,8,84.0,153.0
AAPL,MA,"{'s': 5, 'l': 30, 'b': 0.0005}",2019-09-13,300,-0.001458940047923555,18,7,-1551.9666327172258,-557.7380086325828,10,8,84.0,153.0
AAPL,MA,"{'s': 5, 'l': 30, 'b': 0.0005}",2019-09-13,400,-0.0014582409007286852,18,7,-1551.9666327172258,-533.4885299962577,10,8,84.0,153.0
AAPL,MA,"{'s': 5, 'l': 30, 'b': 0.0005}",2019-09-13,500,-0.0014129396151640824,18,7,-1503.467675444989,-509.2390513603462,10,8,84.0,153.0
AAPL,MA,"{'s': 5, 'l': 30, 'b': 0.0005}",2019-09-13,600,-0.0015500068445543779,18,7,-1648.9645472621128,-654.7359231776077,10,8,84.0,153.0
AAPL,MA,"{'s': 5, 'l': 30, 'b': 0.0005}",2019-09-13,700,-0.0012303158174193673,18,7,-1309.4718463553531,-363.7421795430847,10,8,84.0,153.0
AAPL,MA,"{'s': 5, 'l': 30, 'b': 0.0005}",2019-09-13,800,-0.0011396952602902054,18,7,-1212.473931810604,-218.24530772568542,10,8,84.0,153.0
AAPL,MA,"{'s': 5, 'l': 30, 'b': 0.0005}",2019-09-13,900,-0.0012310902779546506,18,7,-1309.4718463553531,-315.2432222704345,10,8,84.0,153.0
AAPL,MA,"{'s': 5, 'l': 30, 'b': 0.0005}",2019-09-13,1000,-0.0011397028707909374,18,7,-1212.4739318107418,-169.7463504533109,10,8,84.0,153.0
AAPL,MA,"{'s': 5, 'l': 30, 'b': 0.0005}",2019-09-16,0,-0.002639698144736192,12,4,-2812.939521800204,-1988.4572481694238,7,5,112.0,65.0
AAPL,MA,"{'s': 5, 'l': 30, 'b': 0.0005}",2019-09-16,10,-0.0025941172157969016,12,4,-2764.44056452783,-1964.2077695332364,7,5,112.0,65.0
AAPL,MA,"{'s': 5, 'l': 30, 'b': 0.0005}",2019-09-16,20,-0.0025487104006270598,12,4,-2715.9416072553176,-1915.7088122608618,7,5,112.0,65.0
AAPL,MA,"{'s': 5, 'l': 30, 'b': 0.0005}",2019-09-16,50,-0.0025031834258945726,12,4,-2667.442649982943,-1915.7088122608618,7,5,112.0,65.0
AAPL,MA,"{'s': 5, 'l': 30, 'b': 0.0005}",2019-09-16,100,-0.002867312004620689,12,4,-3055.434308162215,-2352.1994277123704,7,5,112.0,65.0
AAPL,MA,"{'s': 5, 'l': 30, 'b': 0.0005}",2019-09-16,200,-0.002821295117285698,12,4,-3006.9353508898403,-2279.4509918039466,7,5,112.0,65.0
AAPL,MA,"{'s': 5, 'l': 30, 'b': 0.0005}",2019-09-16,300,-0.0027756368748816053,12,4,-2958.4363936171903,-2206.702555895109,7,5,112.0,65.0
AAPL,MA,"{'s': 5, 'l': 30, 'b': 0.0005}",2019-09-16,400,-0.0027755265189622065,12,4,-2958.436393617328,-2279.4509918039466,7,5,112.0,65.0
AAPL,MA,"{'s': 5, 'l': 30, 'b': 0.0005}",2019-09-16,500,-0.0028207315989607607,12,4,-3006.935350890116,-2303.7004704404094,7,5,112.0,65.0
AAPL,MA,"{'s': 5, 'l': 30, 'b': 0.0005}",2019-09-16,600,-0.002957767808059827,12,4,-3152.4322227073776,-2424.9478636213457,7,5,112.0,65.0
AAPL,MA,"{'s': 5, 'l': 30, 'b': 0.0005}",2019-09-16,700,-0.003049322146675293,12,4,-3249.4301372521268,-2521.9457781663705,7,5,112.0,65.0
AAPL,MA,"{'s': 5, 'l': 30, 'b': 0.0005}",2019-09-16,800,-0.0030495112887160545,12,4,-3249.4301372521268,-2473.446820893996,7,5,112.0,65.0
AAPL,MA,"{'s': 5, 'l': 30, 'b': 0.0005}",2019-09-16,900,-0.0029129570092712065,12,4,-3103.933265435003,-2255.201513168035,7,5,112.0,65.0
AAPL,MA,"{'s': 5, 'l': 30, 'b': 0.0005}",2019-09-16,1000,-0.002730387651011265,12,4,-2909.937436345229,-2182.4530772593353,7,5,112.0,65.0
AAPL,MA,"{'s': 5, 'l': 30, 'b': 0.0005}",2019-09-17,0,-0.0017815418206646129,10,5,-1891.4593336239855,-1188.224453174141,7,3,88.0,37.0
AAPL,MA,"{'s': 5, 'l': 30, 'b': 0.0005}",2019-09-17,10,-0.0017815418206646129,10,5,-1891.4593336239855,-1188.224453174141,7,3,88.0,37.0
AAPL,MA,"{'s': 5, 'l': 30, 'b': 0.0005}",2019-09-17,20,-0.0017815418206646129,10,5,-1891.4593336239855,-1188.224453174141,7,3,88.0,37.0
AAPL,MA,"{'s': 5, 'l': 30, 'b': 0.0005}",2019-09-17,50,-0.0015995038915974503,10,5,-1697.4635045344874,-969.9791454483178,7,3,88.0,37.0
AAPL,MA,"{'s': 5, 'l': 30, 'b': 0.0005}",2019-09-17,100,-0.001690562505656148,10,5,-1794.4614190792363,-1018.4781027206924,7,3,88.0,37.0
AAPL,MA,"{'s': 5, 'l': 30, 'b': 0.0005}",2019-09-17,200,-0.001417256623284427,10,5,-1503.4676754447134,-703.23488045012,7,3,88.0,37.0
AAPL,MA,"{'s': 5, 'l': 30, 'b': 0.0005}",2019-09-17,300,-0.0012803724742416756,10,5,-1357.970803627452,-581.9874872687701,7,3,88.0,37.0
AAPL,MA,"{'s': 5, 'l': 30, 'b': 0.0005}",2019-09-17,400,-0.001007324399322053,10,5,-1066.9770599930669,-266.7442649981978,7,3,88.0,37.0
AAPL,MA,"{'s': 5, 'l': 30, 'b': 0.0005}",2019-09-17,500,-0.0008706064213681978,10,5,-921.4801881758054,-193.99582908949816,7,3,88.0,37.0
AAPL,MA,"{'s': 5, 'l': 30, 'b': 0.0005}",2019-09-17,600,-0.0008250441833509783,10,5,-872.9812309032931,-96.99791454474908,7,3,88.0,37.0
AAPL,MA,"{'s': 5, 'l': 30, 'b': 0.0005}",2019-09-17,700,-0.0008706231846975594,10,5,-921.4801881759432,-121.24739318093634,7,3,88.0,37.0
AAPL,MA,"{'s': 5, 'l': 30, 'b': 0.0005}",2019-09-17,800,-0.0008251932827032216,10,6,-872.9812309035688,-72.74843590842397,7,3,88.0,37.0
AAPL,MA,"{'s': 5, 'l': 30, 'b': 0.0005}",2019-09-17,900,-0.0009614930052752491,10,4,-1018.4781027206924,-242.49478636187268,7,3,88.0,37.0
AAPL,MA,"{'s': 5, 'l': 30, 'b': 0.0005}",2019-09-17,1000,-0.0009160343280117771,10,4,-969.9791454485935,-193.99582908977385,7,3,88.0,37.0
AAPL,MA,"{'s': 5, 'l': 30, 'b': 0.0005}",2019-09-18,0,-0.005723462653364326,18,5,-6159.367573597356,-4340.656675881519,7,11,110.0,106.0
AAPL,MA,"{'s': 5, 'l': 30, 'b': 0.0005}",2019-09-18,10,-0.005723462653364326,18,5,-6159.367573597356,-4316.407197245194,7,11,110.0,106.0
AAPL,MA,"{'s': 5, 'l': 30, 'b': 0.0005}",2019-09-18,20,-0.005678340371981692,18,5,-6110.868616324843,-4267.908239972819,7,11,110.0,106.0
AAPL,MA,"{'s': 5, 'l': 30, 'b': 0.0005}",2019-09-18,50,-0.005678340371981692,18,5,-6110.868616324843,-4267.908239972819,7,11,110.0,106.0
AAPL,MA,"{'s': 5, 'l': 30, 'b': 0.0005}",2019-09-18,100,-0.005724067737774216,18,5,-6159.367573597217,-4364.906154517844,7,11,110.0,106.0
AAPL,MA,"{'s': 5, 'l': 30, 'b': 0.0005}",2019-09-18,200,-0.005587388985921626,18,5,-6013.870701779956,-4292.157718609282,7,11,110.0,106.0
AAPL,MA,"{'s': 5, 'l': 30, 'b': 0.0005}",2019-09-18,300,-0.006038970659035494,18,5,-6498.860274504115,-4777.147291333578,7,11,110.0,106.0
AAPL,MA,"{'s': 5, 'l': 30, 'b': 0.0005}",2019-09-18,400,-0.006265162683239756,18,5,-6741.355060866402,-4874.145205878741,7,11,110.0,106.0
AAPL,MA,"{'s': 5, 'l': 30, 'b': 0.0005}",2019-09-18,500,-0.005858345109421864,18,5,-6304.86444541448,-4704.398855424879,7,11,110.0,106.0
AAPL,MA,"{'s': 5, 'l': 30, 'b': 0.0005}",2019-09-18,600,-0.005858326757173924,18,5,-6304.864445414341,-4728.648334060928,7,11,110.0,106.0
AAPL,MA,"{'s': 5, 'l': 30, 'b': 0.0005}",2019-09-18,700,-0.005722529563442209,18,5,-6159.36757359708,-4510.403026334967,7,11,110.0,106.0
AAPL,MA,"{'s': 5, 'l': 30, 'b': 0.0005}",2019-09-18,800,-0.0061751988892646765,18,5,-6644.357146321377,-4898.394684514653,7,11,110.0,106.0
AAPL,MA,"{'s': 5, 'l': 30, 'b': 0.0005}",2019-09-18,900,-0.006355919723674397,18,5,-6838.352975411013,-5116.639992240062,7,11,110.0,106.0
AAPL,MA,"{'s': 5, 'l': 30, 'b': 0.0005}",2019-09-18,1000,-0.006491768285333579,18,5,-6983.849847228412,-5237.887385421137,7,11,110.0,106.0
AAPL,MA,"{'s': 5, 'l': 30, 'b': 0.0005}",2019-09-19,0,-0.0006992667173106133,16,5,-727.4843590864451,290.99374363466075,10,6,100.0,157.0
AAPL,MA,"{'s': 5, 'l': 30, 'b': 0.0005}",2019-09-19,10,-0.0006992667173106133,16,5,-727.4843590864451,290.99374363466075,10,6,100.0,157.0
AAPL,MA,"{'s': 5, 'l': 30, 'b': 0.0005}",2019-09-19,20,-0.0006992667173106133,16,5,-727.4843590864451,315.24322227084804,10,6,100.0,157.0
AAPL,MA,"{'s': 5, 'l': 30, 'b': 0.0005}",2019-09-19,50,-0.0006539144386927256,16,5,-678.9854018139328,290.9937436345229,10,6,100.0,157.0
AAPL,MA,"{'s': 5, 'l': 30, 'b': 0.0005}",2019-09-19,100,-0.0007889395612262224,16,5,-824.4822736311942,169.74635045358656,10,6,100.0,157.0
AAPL,MA,"{'s': 5, 'l': 30, 'b': 0.0005}",2019-09-19,200,-0.0006992836030869048,16,5,-727.4843590861694,266.7442649981978,10,6,100.0,157.0
AAPL,MA,"{'s': 5, 'l': 30, 'b': 0.0005}",2019-09-19,300,-0.0005193313271165236,16,5,-533.4885299966713,509.23905136020835,10,6,100.0,157.0
AAPL,MA,"{'s': 5, 'l': 30, 'b': 0.0005}",2019-09-19,400,-0.00033943261339068,16,5,-339.49270090731096,703.2348804498444,10,6,100.0,157.0
AAPL,MA,"{'s': 5, 'l': 30, 'b': 0.0005}",2019-09-19,500,-0.0003836234676116747,16,5,-387.9916581796855,678.9854018137949,10,6,100.0,157.0
AAPL,MA,"{'s': 5, 'l': 30, 'b': 0.0005}",2019-09-19,600,-0.000293953141990306,16,5,-290.99374363493644,678.9854018140705,10,6,100.0,157.0
AAPL,MA,"{'s': 5, 'l': 30, 'b': 0.0005}",2019-09-19,700,-0.00024793196183235547,16,5,-242.49478636242407,727.4843590861694,10,6,100.0,157.0
AAPL,MA,"{'s': 5, 'l': 30, 'b': 0.0005}",2019-09-19,800,-0.00042660949474909954,16,5,-436.49061545206007,557.7380086327207,10,6,100.0,157.0
AAPL,MA,"{'s': 5, 'l': 30, 'b': 0.0005}",2019-09-19,900,-0.00042816678350790125,16,5,-436.4906154517844,533.4885299965334,10,6,100.0,157.0
AAPL,MA,"{'s': 5, 'l': 30, 'b': 0.0005}",2019-09-19,1000,-0.0004736283706791118,16,5,-484.9895727241589,484.98957272402106,10,6,100.0,157.0
AAPL,MA,"{'s': 5, 'l': 30, 'b': 0.0005}",2019-09-20,0,0.0018019665473125953,15,6,1891.4593336238474,3249.4301372524023,4,11,64.0,150.0
AAPL,MA,"{'s': 5, 'l': 30, 'b': 0.0005}",2019-09-20,10,0.001711815541452067,15,6,1794.4614190790985,3200.9311799800275,4,11,64.0,150.0
AAPL,MA,"{'s': 5, 'l': 30, 'b': 0.0005}",2019-09-20,20,0.001711814984230891,15,6,1794.4614190790985,3200.9311799800275,4,11,64.0,150.0
AAPL,MA,"{'s': 5, 'l': 30, 'b': 0.0005}",2019-09-20,50,0.0016205228825464822,15,6,1697.4635045343493,3031.1848295264413,4,11,64.0,150.0
AAPL,MA,"{'s': 5, 'l': 30, 'b': 0.0005}",2019-09-20,100,0.0018471525777906373,15,6,1939.9582908964978,3322.178573160826,4,11,64.0,150.0
AAPL,MA,"{'s': 5, 'l': 30, 'b': 0.0005}",2019-09-20,200,0.001982799837723404,15,6,2085.4551627137594,3419.176487705713,4,11,64.0,150.0
AAPL,MA,"{'s': 5, 'l': 30, 'b': 0.0005}",2019-09-20,300,0.0017999642755196035,15,6,1891.4593336241232,3152.43222270724,4,11,64.0,150.0
AAPL,MA,"{'s': 5, 'l': 30, 'b': 0.0005}",2019-09-20,400,0.0015708433056432476,15,6,1648.9645472621128,2958.4363936176037,4,11,64.0,150.0
AAPL,MA,"{'s': 5, 'l': 30, 'b': 0.0005}",2019-09-20,500,0.0014807632993133746,15,6,1551.966632717088,3006.9353508898403,4,11,64.0,150.0
AAPL,MA,"{'s': 5, 'l': 30, 'b': 0.0005}",2019-09-20,600,0.0013894587584736657,15,6,1454.9687181724767,2934.1869149811405,4,11,64.0,150.0
AAPL,MA,"{'s': 5, 'l': 30, 'b': 0.0005}",2019-09-20,700,0.00129989202400551,15,6,1357.9708036277277,2788.690043163879,4,11,64.0,150.0
AAPL,MA,"{'s': 5, 'l': 30, 'b': 0.0005}",2019-09-20,800,0.0011646945249302635,15,6,1212.4739318103284,2546.1952568020065,4,11,64.0,150.0
AAPL,MA,"{'s': 5, 'l': 30, 'b': 0.0005}",2019-09-20,900,0.0009368463405330463,15,6,969.9791454483178,2449.1973422571195,4,11,64.0,150.0
AAPL,MA,"{'s': 5, 'l': 30, 'b': 0.0005}",2019-09-20,1000,0.0011169481900238647,15,6,1163.9749745379538,2546.1952568020065,4,11,64.0,150.0
AAPL,MA,"{'s': 5, 'l': 30, 'b': 0.0005}",2019-09-23,0,-0.007316623689070111,19,4,-7759.833163586956,-6547.35923177649,11,8,116.0,44.0
AAPL,MA,"{'s': 5, 'l': 30, 'b': 0.0005}",2019-09-23,10,-0.007316648858010687,19,4,-7759.833163586956,-6547.35923177649,11,8,116.0,44.0
AAPL,MA,"{'s': 5, 'l': 30, 'b': 0.0005}",2019-09-23,20,-0.007270898599379683,19,4,-7711.334206314305,-6474.610795867652,11,8,116.0,44.0
AAPL,MA,"{'s': 5, 'l': 30, 'b': 0.0005}",2019-09-23,50,-0.007362629290321962,19,4,-7808.332120859192,-6595.858189049002,11,8,116.0,44.0
AAPL,MA,"{'s': 5, 'l': 30, 'b': 0.0005}",2019-09-23,100,-0.007362629290321962,19,4,-7808.332120859192,-6595.858189049002,11,8,116.0,44.0
AAPL,MA,"{'s': 5, 'l': 30, 'b': 0.0005}",2019-09-23,200,-0.007408385410202955,19,4,-7856.831078131568,-6644.357146321377,11,8,116.0,44.0
AAPL,MA,"{'s': 5, 'l': 30, 'b': 0.0005}",2019-09-23,300,-0.007682832588384478,19,4,-8147.82482176609,-6862.6024540472,11,8,116.0,44.0
AAPL,MA,"{'s': 5, 'l': 30, 'b': 0.0005}",2019-09-23,400,-0.007591195202479114,19,4,-8050.826907221341,-6838.352975411013,11,8,116.0,44.0
AAPL,MA,"{'s': 5, 'l': 30, 'b': 0.0005}",2019-09-23,500,-0.007498514301571704,19,4,-7953.828992676454,-6644.357146321239,11,8,116.0,44.0
AAPL,MA,"{'s': 5, 'l': 30, 'b': 0.0005}",2019-09-23,600,-0.007452862856895399,19,4,-7905.330035404079,-6620.107667685052,11,8,116.0,44.0
AAPL,MA,"{'s': 5, 'l': 30, 'b': 0.0005}",2019-09-23,700,-0.007453032054097006,19,4,-7905.330035403942,-6547.35923177649,11,8,116.0,44.0
AAPL,MA,"{'s': 5, 'l': 30, 'b': 0.0005}",2019-09-23,800,-0.0074072214357722875,19,4,-7856.831078131568,-6474.61079586779,11,8,116.0,44.0
AAPL,MA,"{'s': 5, 'l': 30, 'b': 0.0005}",2019-09-23,900,-0.0075448994332294635,19,4,-8002.327949949105,-6692.8561035940265,11,8,116.0,44.0
AAPL,MA,"{'s': 5, 'l': 30, 'b': 0.0005}",2019-09-23,1000,-0.007820046518830885,19,4,-8293.321693583628,-6886.8519326833875,11,8,116.0,44.0
AAPL,MA,"{'s': 5, 'l': 30, 'b': 0.0005}",2019-09-24,0,-0.00924094930455902,18,5,-9748.290411755552,-8269.072214947853,7,11,73.0,208.0
AAPL,MA,"{'s': 5, 'l': 30, 'b': 0.0005}",2019-09-24,10,-0.009150640794966658,18,5,-9651.292497210667,-8196.323779039154,7,11,73.0,208.0
AAPL,MA,"{'s': 5, 'l': 30, 'b': 0.0005}",2019-09-24,20,-0.00910436945727413,18,5,-9602.793539938291,-8075.076385858218,7,11,73.0,208.0
AAPL,MA,"{'s': 5, 'l': 30, 'b': 0.0005}",2019-09-24,50,-0.00919579097691885,18,5,-9699.791454483317,-8123.575343130592,7,11,73.0,208.0
AAPL,MA,"{'s': 5, 'l': 30, 'b': 0.0005}",2019-09-24,100,-0.009468990423979131,18,5,-9990.785198117701,-8438.818565401301,7,11,73.0,208.0
AAPL,MA,"{'s': 5, 'l': 30, 'b': 0.0005}",2019-09-24,200,-0.009653002357242658,18,5,-10184.781027207751,-8608.564915855026,7,11,73.0,208.0
AAPL,MA,"{'s': 5, 'l': 30, 'b': 0.0005}",2019-09-24,300,-0.009651066332589994,18,5,-10184.781027207751,-8560.065958582238,7,11,73.0,208.0
AAPL,MA,"{'s': 5, 'l': 30, 'b': 0.0005}",2019-09-24,400,-0.009600024495504199,18,4,-10136.282069935376,-8584.315437218012,7,11,73.0,208.0
AAPL,MA,"{'s': 5, 'l': 30, 'b': 0.0005}",2019-09-24,500,-0.009600487360529486,18,4,-10136.282069935238,-8657.063873126712,7,11,73.0,208.0
AAPL,MA,"{'s': 5, 'l': 30, 'b': 0.0005}",2019-09-24,600,-0.009508329195679944,18,4,-10039.284155390627,-8632.814394490662,7,11,73.0,208.0
AAPL,MA,"{'s': 5, 'l': 30, 'b': 0.0005}",2019-09-24,700,-0.010192397340305286,18,4,-10766.76851447721,-9020.806052670348,7,11,73.0,208.0
AAPL,MA,"{'s': 5, 'l': 30, 'b': 0.0005}",2019-09-24,800,-0.010100480765852486,18,4,-10669.770599932323,-8996.556574034023,7,11,73.0,208.0
AAPL,MA,"{'s': 5, 'l': 30, 'b': 0.0005}",2019-09-24,900,-0.01009787508765282,18,4,-10669.770599932323,-9020.806052670487,7,11,73.0,208.0
AAPL,MA,"{'s': 5, 'l': 30, 'b': 0.0005}",2019-09-24,1000,-0.00991860874277517,18,4,-10475.774770842412,-8802.560744943836,7,11,73.0,208.0
AAPL,MA,"{'s': 5, 'l': 30, 'b': 0.0005}",2019-09-25,0,-0.0012677155003759924,15,8,-1309.4718463552153,72.74843590814828,11,4,189.0,54.0
AAPL,MA,"{'s': 5, 'l': 30, 'b': 0.0005}",2019-09-25,10,-0.0013143327986849711,15,8,-1357.9708036277277,48.49895727196101,11,4,189.0,54.0
AAPL,MA,"{'s': 5, 'l': 30, 'b': 0.0005}",2019-09-25,20,-0.0013133204225067195,15,8,-1357.9708036275897,-4.1352698138227863e-10,11,4,189.0,54.0
AAPL,MA,"{'s': 5, 'l': 30, 'b': 0.0005}",2019-09-25,50,-0.0011295551387797403,15,8,-1163.9749745379538,145.49687181698576,11,4,189.0,54.0
AAPL,MA,"{'s': 5, 'l': 30, 'b': 0.0005}",2019-09-25,100,-0.0010831593711761274,15,8,-1115.476017265717,145.49687181684794,11,4,189.0,54.0
AAPL,MA,"{'s': 5, 'l': 30, 'b': 0.0005}",2019-09-25,200,-0.0009910939391790333,15,8,-1018.4781027209681,169.74635045317305,11,4,189.0,54.0
AAPL,MA,"{'s': 5, 'l': 30, 'b': 0.0005}",2019-09-25,300,-0.0007634804997231747,15,8,-775.983316358544,315.24322227029666,11,4,189.0,54.0
AAPL,MA,"{'s': 5, 'l': 30, 'b': 0.0005}",2019-09-25,400,-0.0008090355720927504,15,8,-824.4822736309185,363.742179542809,11,4,189.0,54.0
AAPL,MA,"{'s': 5, 'l': 30, 'b': 0.0005}",2019-09-25,500,-0.0007178675090318406,15,8,-727.4843590861694,557.7380086321693,11,4,189.0,54.0
AAPL,MA,"{'s': 5, 'l': 30, 'b': 0.0005}",2019-09-25,600,-0.000945469112011319,15,8,-969.9791454484556,315.24322227029666,11,4,189.0,54.0
AAPL,MA,"{'s': 5, 'l': 30, 'b': 0.0005}",2019-09-25,700,-0.000717547925224275,15,8,-727.4843590863072,484.98957272402106,11,4,189.0,54.0
AAPL,MA,"{'s': 5, 'l': 30, 'b': 0.0005}",2019-09-25,800,-0.0006719753530482785,15,8,-678.9854018139328,606.2369659052331,11,4,189.0,54.0
AAPL,MA,"{'s': 5, 'l': 30, 'b': 0.0005}",2019-09-25,900,-0.0006730595368090184,15,8,-678.9854018136571,654.7359231777455,11,4,189.0,54.0
AAPL,MA,"{'s': 5, 'l': 30, 'b': 0.0005}",2019-09-25,1000,-0.0006278212524052952,15,8,-630.4864445412825,703.23488045012,11,4,189.0,54.0
AAPL,MA,"{'s': 5, 'l': 30, 'b': 0.0005}",2019-09-26,0,-0.00394712166294369,16,4,-4219.409282700444,-3322.1785731606883,9,7,126.0,66.0
AAPL,MA,"{'s': 5, 'l': 30, 'b': 0.0005}",2019-09-26,10,-0.003992634131473011,16,4,-4267.908239972819,-3394.9270090692503,9,7,126.0,66.0
AAPL,MA,"{'s': 5, 'l': 30, 'b': 0.0005}",2019-09-26,20,-0.004083735419359948,16,4,-4364.906154517568,-3467.675444977674,9,7,126.0,66.0
AAPL,MA,"{'s': 5, 'l': 30, 'b': 0.0005}",2019-09-26,50,-0.004220090932621063,16,4,-4510.4030263348295,-3516.1744022503244,9,7,126.0,66.0
AAPL,MA,"{'s': 5, 'l': 30, 'b': 0.0005}",2019-09-26,100,-0.004083799558704948,16,4,-4364.90615451743,-3443.4259663416246,9,7,126.0,66.0
AAPL,MA,"{'s': 5, 'l': 30, 'b': 0.0005}",2019-09-26,200,-0.0038569353250967765,16,4,-4122.41136815542,-3200.9311799798897,9,7,126.0,66.0
AAPL,MA,"{'s': 5, 'l': 30, 'b': 0.0005}",2019-09-26,300,-0.003993226713642658,16,4,-4267.908239972681,-3346.4280517971515,9,7,126.0,66.0
AAPL,MA,"{'s': 5, 'l': 30, 'b': 0.0005}",2019-09-26,400,-0.004084288744046204,16,4,-4364.90615451743,-3370.6775304333387,9,7,126.0,66.0
AAPL,MA,"{'s': 5, 'l': 30, 'b': 0.0005}",2019-09-26,500,-0.0039935344615840895,16,4,-4267.908239972681,-3346.4280517971515,9,7,126.0,66.0
AAPL,MA,"{'s': 5, 'l': 30, 'b': 0.0005}",2019-09-26,600,-0.00426602953583705,16,4,-4558.901983607204,-3613.172316795487,9,7,126.0,66.0
AAPL,MA,"{'s': 5, 'l': 30, 'b': 0.0005}",2019-09-26,700,-0.004265690146496207,16,4,-4558.901983606928,-3588.922838159162,9,7,126.0,66.0
AAPL,MA,"{'s': 5, 'l': 30, 'b': 0.0005}",2019-09-26,800,-0.004129357397526552,16,4,-4413.405111789804,-3467.6754449782256,9,7,126.0,66.0
AAPL,MA,"{'s': 5, 'l': 30, 'b': 0.0005}",2019-09-26,900,-0.003993001958495649,16,4,-4267.908239972406,-3370.677530433201,9,7,126.0,66.0
AAPL,MA,"{'s': 5, 'l': 30, 'b': 0.0005}",2019-09-26,1000,-0.0039020104548043483,16,4,-4170.910325427519,-3225.1806586158013,9,7,126.0,66.0
AAPL,MA,"{'s': 5, 'l': 30, 'b': 0.0005}",2019-09-27,0,-0.008832880136790277,17,7,-9408.797710849345,-8220.573257675065,5,12,95.0,136.0
AAPL,MA,"{'s': 5, 'l': 30, 'b': 0.0005}",2019-09-27,10,-0.00883316736469033,17,7,-9408.797710849345,-8220.573257675065,5,12,95.0,136.0
AAPL,MA,"{'s': 5, 'l': 30, 'b': 0.0005}",2019-09-27,20,-0.009332949863734072,17,6,-9942.286240846015,-8851.059702216486,5,12,95.0,136.0
AAPL,MA,"{'s': 5, 'l': 30, 'b': 0.0005}",2019-09-27,50,-0.009378496388774043,17,6,-9990.78519811839,-8851.059702216347,5,12,95.0,136.0
AAPL,MA,"{'s': 5, 'l': 30, 'b': 0.0005}",2019-09-27,100,-0.009015551263929217,17,7,-9602.793539939119,-8487.317522672987,5,12,95.0,136.0
AAPL,MA,"{'s': 5, 'l': 30, 'b': 0.0005}",2019-09-27,200,-0.00892572367495818,17,7,-9505.795625394368,-8341.820650856278,5,12,95.0,136.0
AAPL,MA,"{'s': 5, 'l': 30, 'b': 0.0005}",2019-09-27,300,-0.009429014178448323,17,7,-10039.284155390766,-8729.812309035411,5,12,95.0,136.0
AAPL,MA,"{'s': 5, 'l': 30, 'b': 0.0005}",2019-09-27,400,-0.009429270975461812,17,7,-10039.284155390627,-8705.562830399087,5,12,95.0,136.0
AAPL,MA,"{'s': 5, 'l': 30, 'b': 0.0005}",2019-09-27,500,-0.00974773427843717,17,6,-10378.776856297662,-8972.307095397699,5,12,95.0,136.0
AAPL,MA,"{'s': 5, 'l': 30, 'b': 0.0005}",2019-09-27,600,-0.009793363823568421,17,6,-10427.275813570175,-9093.554488578771,5,12,95.0,136.0
AAPL,MA,"{'s': 5, 'l': 30, 'b': 0.0005}",2019-09-27,700,-0.009930300736372692,17,6,-10572.772685387297,-9287.550317668132,5,12,95.0,136.0
AAPL,MA,"{'s': 5, 'l': 30, 'b': 0.0005}",2019-09-27,800,-0.01015886768205385,17,6,-10815.267471749446,-9602.793539938843,5,12,95.0,136.0
AAPL,MA,"{'s': 5, 'l': 30, 'b': 0.0005}",2019-09-27,900,-0.010022029931196852,17,6,-10669.770599932184,-9457.296668121857,5,12,95.0,136.0
AAPL,MA,"{'s': 5, 'l': 30, 'b': 0.0005}",2019-09-27,1000,-0.009976225600787734,17,6,-10621.27164265981,-9360.298753577108,5,12,95.0,136.0
AAPL,MA,"{'s': 5, 'l': 30, 'b': 0.0005}",2019-09-30,0,-0.0018758772579452272,15,3,-2036.9562054419362,-606.2369659057845,7,8,157.0,53.0
AAPL,MA,"{'s': 5, 'l': 30, 'b': 0.0005}",2019-09-30,10,-0.0017854975890756713,15,3,-1939.958290897187,-557.7380086334099,7,8,157.0,53.0
AAPL,MA,"{'s': 5, 'l': 30, 'b': 0.0005}",2019-09-30,20,-0.0018304026031095491,15,3,-1988.4572481695616,-654.735923178159,7,8,157.0,53.0
AAPL,MA,"{'s': 5, 'l': 30, 'b': 0.0005}",2019-09-30,50,-0.0018307809382699242,15,3,-1988.4572481694238,-630.4864445416961,7,8,157.0,53.0
AAPL,MA,"{'s': 5, 'l': 30, 'b': 0.0005}",2019-09-30,100,-0.0018759848077211086,15,3,-2036.9562054417981,-678.9854018142084,7,8,157.0,53.0
AAPL,MA,"{'s': 5, 'l': 30, 'b': 0.0005}",2019-09-30,200,-0.001921188677172292,15,3,-2085.4551627141727,-751.7338377229081,7,8,157.0,53.0
AAPL,MA,"{'s': 5, 'l': 30, 'b': 0.0005}",2019-09-30,300,-0.0018759291334685044,15,3,-2036.9562054419362,-727.4843590867208,7,8,157.0,53.0
AAPL,MA,"{'s': 5, 'l': 30, 'b': 0.0005}",2019-09-30,400,-0.0018765438915807175,15,3,-2036.9562054419362,-703.2348804503957,7,8,157.0,53.0
AAPL,MA,"{'s': 5, 'l': 30, 'b': 0.0005}",2019-09-30,500,-0.0021908558252842015,15,3,-2376.4489063489714,-994.2286240850565,7,8,157.0,53.0
AAPL,MA,"{'s': 5, 'l': 30, 'b': 0.0005}",2019-09-30,600,-0.0025052254681156576,15,3,-2715.941607255869,-1357.970803628417,7,8,157.0,53.0
AAPL,MA,"{'s': 5, 'l': 30, 'b': 0.0005}",2019-09-30,700,-0.0024606812933501707,15,3,-2667.442649983356,-1260.9728890836677,7,8,157.0,53.0
AAPL,MA,"{'s': 5, 'l': 30, 'b': 0.0005}",2019-09-30,800,-0.002370554285451295,15,3,-2570.4447354386075,-1163.9749745387808,7,8,157.0,53.0
AAPL,MA,"{'s': 5, 'l': 30, 'b': 0.0005}",2019-09-30,900,-0.0023256684410497422,15,3,-2521.9457781662327,-1188.2244531749682,7,8,157.0,53.0
AAPL,MA,"{'s': 5, 'l': 30, 'b': 0.0005}",2019-09-30,1000,-0.0023717861993594407,15,3,-2570.4447354386075,-1236.7234104474805,7,8,157.0,53.0
AAPL,OBV,"{'s': 5, 'l': 30, 'b': 0.5}",2019-09-03,0,0.004174847552069307,5,1,4170.910325427794,4898.394684514102,0,5,0.0,78.0
AAPL,OBV,"{'s': 5, 'l': 30, 'b': 0.5}",2019-09-03,10,0.004174847552069307,5,1,4170.910325427794,4922.6441631502885,0,5,0.0,78.0
AAPL,OBV,"{'s': 5, 'l': 30, 'b': 0.5}",2019-09-03,20,0.004223585245801733,5,1,4219.409282700307,4946.893641786613,0,5,0.0,78.0
AAPL,OBV,"{'s': 5, 'l': 30, 'b': 0.5}",2019-09-03,50,0.004223585245801733,5,1,4219.409282700307,4849.895727241865,0,5,0.0,78.0
AAPL,OBV,"{'s': 5, 'l': 30, 'b': 0.5}",2019-09-03,100,0.0041748023806656475,5,1,4170.910325427932,4801.39676996949,0,5,0.0,78.0
AAPL,OBV,"{'s': 5, 'l': 30, 'b': 0.5}",2019-09-03,200,0.0041748023806656475,5,1,4170.910325427932,4777.147291333303,0,5,0.0,78.0
AAPL,OBV,"{'s': 5, 'l': 30, 'b': 0.5}",2019-09-03,300,0.0039798490789445225,5,1,3976.914496338158,4655.899898152229,0,5,0.0,78.0
AAPL,OBV,"{'s': 5, 'l': 30, 'b': 0.5}",2019-09-03,400,0.004028724889988857,5,1,4025.4134536106703,4655.899898152229,0,5,0.0,78.0
AAPL,OBV,"{'s': 5, 'l': 30, 'b': 0.5}",2019-09-03,500,0.003930968494405742,5,1,3928.415539065784,4558.901983607479,0,5,0.0,78.0
AAPL,OBV,"{'s': 5, 'l': 30, 'b': 0.5}",2019-09-03,600,0.003786393619614219,5,1,3782.91866724866,4510.403026335243,0,5,0.0,78.0
AAPL,OBV,"{'s': 5, 'l': 30, 'b': 0.5}",2019-09-03,700,0.0038834998113932845,5,1,3879.916581793547,4486.1535476989175,0,5,0.0,78.0
AAPL,OBV,"{'s': 5, 'l': 30, 'b': 0.5}",2019-09-03,800,0.003932145078198185,5,1,3928.4155390659216,4558.901983607479,0,5,0.0,78.0
AAPL,OBV,"{'s': 5, 'l': 30, 'b': 0.5}",2019-09-03,900,0.003932145078198185,5,1,3928.4155390659216,4437.654590426406,0,5,0.0,78.0
AAPL,OBV,"{'s': 5, 'l': 30, 'b': 0.5}",2019-09-03,1000,0.0039810591766072925,5,1,3976.914496338296,4534.652504971293,0,5,0.0,78.0
AAPL,OBV,"{'s': 5, 'l': 30, 'b': 0.5}",2019-09-04,0,-0.0021170053769895194,4,1,-2133.9541199864093,-1770.211940443187,1,3,1.0,42.0
AAPL,OBV,"{'s': 5, 'l': 30, 'b': 0.5}",2019-09-04,10,-0.0020688497613824846,4,1,-2085.455162714035,-1745.9624618069997,1,3,1.0,42.0
AAPL,OBV,"{'s': 5, 'l': 30, 'b': 0.5}",2019-09-04,20,-0.0020688497613824846,4,1,-2085.455162714035,-1745.9624618069997,1,3,1.0,42.0
AAPL,OBV,"{'s': 5, 'l': 30, 'b': 0.5}",2019-09-04,50,-0.0020688497613824846,4,1,-2085.455162714035,-1745.9624618069997,1,3,1.0,42.0
AAPL,OBV,"{'s': 5, 'l': 30, 'b': 0.5}",2019-09-04,100,-0.0020688497613824846,4,1,-2085.455162714035,-1745.9624618069997,1,3,1.0,42.0
AAPL,OBV,"{'s': 5, 'l': 30, 'b': 0.5}",2019-09-04,200,-0.0020688497613824846,4,1,-2085.455162714035,-1745.9624618069997,1,3,1.0,42.0
AAPL,OBV,"{'s': 5, 'l': 30, 'b': 0.5}",2019-09-04,300,-0.0020212497254173153,4,1,-2036.9562054416604,-1721.7129831708123,1,3,1.0,42.0
AAPL,OBV,"{'s': 5, 'l': 30, 'b': 0.5}",2019-09-04,400,-0.0020212497254173153,4,1,-2036.9562054416604,-1721.7129831708123,1,3,1.0,42.0
AAPL,OBV,"{'s': 5, 'l': 30, 'b': 0.5}",2019-09-04,500,-0.001973379931257474,4,1,-1988.4572481692858,-1673.2140258984377,1,3,1.0,42.0
AAPL,OBV,"{'s': 5, 'l': 30, 'b': 0.5}",2019-09-04,600,-0.0020212497254173153,4,1,-2036.9562054416604,-1697.4635045346251,1,3,1.0,42.0
AAPL,OBV,"{'s': 5, 'l': 30, 'b': 0.5}",2019-09-04,700,-0.0020212497254173153,4,1,-2036.9562054416604,-1697.4635045346251,1,3,1.0,42.0
AAPL,OBV,"{'s': 5, 'l': 30, 'b': 0.5}",2019-09-04,800,-0.0020212497254173153,4,1,-2036.9562054416604,-1697.4635045346251,1,3,1.0,42.0
AAPL,OBV,"{'s': 5, 'l': 30, 'b': 0.5}",2019-09-04,900,-0.001973379931257474,4,1,-1988.4572481692858,-1648.9645472622506,1,3,1.0,42.0
AAPL,OBV,"{'s': 5, 'l': 30, 'b': 0.5}",2019-09-04,1000,-0.0019252266284832068,4,1,-1939.9582908967734,-1624.7150686259254,1,3,1.0,42.0
AAPL,OBV,"{'s': 5, 'l': 30, 'b': 0.5}",2019-09-05,0,0.00187971773302495,6,2,1939.9582908964978,2497.6962995294944,2,4,9.0,52.0
AAPL,OBV,"{'s': 5, 'l': 30, 'b': 0.5}",2019-09-05,10,0.00187971773302495,6,2,1939.9582908964978,2497.6962995294944,2,4,9.0,52.0
AAPL,OBV,"{'s': 5, 'l': 30, 'b': 0.5}",2019-09-05,20,0.00187971773302495,6,2,1939.9582908964978,2497.6962995294944,2,4,9.0,52.0
AAPL,OBV,"{'s': 5, 'l': 30, 'b': 0.5}",2019-09-05,50,0.0019735616327705417,6,2,2036.9562054413848,2546.1952568020065,2,4,9.0,52.0
AAPL,OBV,"{'s': 5, 'l': 30, 'b': 0.5}",2019-09-05,100,0.0019735616327705417,6,2,2036.9562054413848,2546.1952568020065,2,4,9.0,52.0
AAPL,OBV,"{'s': 5, 'l': 30, 'b': 0.5}",2019-09-05,200,0.0018327055042286209,6,2,1891.459333624261,2376.4489063484198,2,4,9.0,52.0
AAPL,OBV,"{'s': 5, 'l': 30, 'b': 0.5}",2019-09-05,300,0.001879662667906809,6,2,1939.9582908966356,2424.9478636207946,2,4,9.0,52.0
AAPL,OBV,"{'s': 5, 'l': 30, 'b': 0.5}",2019-09-05,400,0.00183280683319279,6,2,1891.459333624261,2400.6983849846074,2,4,9.0,52.0
AAPL,OBV,"{'s': 5, 'l': 30, 'b': 0.5}",2019-09-05,500,0.0017857856268366286,6,2,1842.9603763518865,2352.1994277122326,2,4,9.0,52.0
AAPL,OBV,"{'s': 5, 'l': 30, 'b': 0.5}",2019-09-05,600,0.0018327715503224,6,2,1891.459333624261,2376.4489063484198,2,4,9.0,52.0
AAPL,OBV,"{'s': 5, 'l': 30, 'b': 0.5}",2019-09-05,700,0.001785915715608381,6,2,1842.9603763518865,2352.1994277122326,2,4,9.0,52.0
AAPL,OBV,"{'s': 5, 'l': 30, 'b': 0.5}",2019-09-05,800,0.001785915715608381,6,2,1842.9603763518865,2352.1994277122326,2,4,9.0,52.0
AAPL,OBV,"{'s': 5, 'l': 30, 'b': 0.5}",2019-09-05,900,0.0018328134316895651,6,2,1891.459333624261,2449.1973422569818,2,4,9.0,52.0
AAPL,OBV,"{'s': 5, 'l': 30, 'b': 0.5}",2019-09-05,1000,0.0018328134316895651,6,2,1891.459333624261,2449.1973422569818,2,4,9.0,52.0
AAPL,OBV,"{'s': 5, 'l': 30, 'b': 0.5}",2019-09-06,0,-0.0007048342874926435,3,1,-727.4843590861694,-581.987487268908,0,3,0.0,31.0
AAPL,OBV,"{'s': 5, 'l': 30, 'b': 0.5}",2019-09-06,10,-0.0007048342874926435,3,1,-727.4843590861694,-581.987487268908,0,3,0.0,31.0
AAPL,OBV,"{'s': 5, 'l': 30, 'b': 0.5}",2019-09-06,20,-0.0007048342874926435,3,1,-727.4843590861694,-581.987487268908,0,3,0.0,31.0
AAPL,OBV,"{'s': 5, 'l': 30, 'b': 0.5}",2019-09-06,50,-0.0007048342874926435,3,1,-727.4843590861694,-581.987487268908,0,3,0.0,31.0
AAPL,OBV,"{'s': 5, 'l': 30, 'b': 0.5}",2019-09-06,100,-0.0007048342874926435,3,1,-727.4843590861694,-581.987487268908,0,3,0.0,31.0
AAPL,OBV,"{'s': 5, 'l': 30, 'b': 0.5}",2019-09-06,200,-0.000751857699336052,3,1,-775.9833163586818,-630.4864445412825,0,3,0.0,31.0
AAPL,OBV,"{'s': 5, 'l': 30, 'b': 0.5}",2019-09-06,300,-0.000751857699336052,3,1,-775.9833163586818,-630.4864445412825,0,3,0.0,31.0
AAPL,OBV,"{'s': 5, 'l': 30, 'b': 0.5}",2019-09-06,400,-0.000751857699336052,3,1,-775.9833163586818,-606.2369659050953,0,3,0.0,31.0
AAPL,OBV,"{'s': 5, 'l': 30, 'b': 0.5}",2019-09-06,500,-0.0006108294389246988,3,1,-630.4864445414204,-484.9895727241589,0,3,0.0,31.0
AAPL,OBV,"{'s': 5, 'l': 30, 'b': 0.5}",2019-09-06,600,-0.0006578108812549357,3,1,-678.9854018137949,-533.4885299965334,0,3,0.0,31.0
AAPL,OBV,"{'s': 5, 'l': 30, 'b': 0.5}",2019-09-06,700,-0.0005638744878140137,3,1,-581.9874872690458,-436.4906154517844,0,3,0.0,31.0
AAPL,OBV,"{'s': 5, 'l': 30, 'b': 0.5}",2019-09-06,800,-0.0005638744878140137,3,1,-581.9874872690458,-436.4906154517844,0,3,0.0,31.0
AAPL,OBV,"{'s': 5, 'l': 30, 'b': 0.5}",2019-09-06,900,-0.0006578440153090345,3,1,-678.9854018137949,-533.4885299965334,0,3,0.0,31.0
AAPL,OBV,"{'s': 5, 'l': 30, 'b': 0.5}",2019-09-06,1000,-0.0006578440153090345,3,1,-678.9854018137949,-533.4885299965334,0,3,0.0,31.0
AAPL,OBV,"{'s': 5, 'l': 30, 'b': 0.5}",2019-09-09,0,0.004171809698166113,4,3,4364.906154517568,4558.901983607204,0,4,0.0,68.0
AAPL,OBV,"{'s': 5, 'l': 30, 'b': 0.5}",2019-09-09,10,0.004171809698166113,4,3,4364.906154517568,4558.901983607204,0,4,0.0,68.0
AAPL,OBV,"{'s': 5, 'l': 30, 'b': 0.5}",2019-09-09,20,0.004171809698166113,4,3,4364.906154517568,4558.901983607204,0,4,0.0,68.0
AAPL,OBV,"{'s': 5, 'l': 30, 'b': 0.5}",2019-09-09,50,0.004171809698166113,4,3,4364.906154517568,4558.901983607204,0,4,0.0,68.0
AAPL,OBV,"{'s': 5, 'l': 30, 'b': 0.5}",2019-09-09,100,0.004171809698166113,4,3,4364.906154517568,4558.901983607204,0,4,0.0,68.0
AAPL,OBV,"{'s': 5, 'l': 30, 'b': 0.5}",2019-09-09,200,0.004171809698166113,4,3,4364.906154517568,4558.901983607204,0,4,0.0,68.0
AAPL,OBV,"{'s': 5, 'l': 30, 'b': 0.5}",2019-09-09,300,0.004171809698166113,4,3,4364.906154517568,4558.901983607204,0,4,0.0,68.0
AAPL,OBV,"{'s': 5, 'l': 30, 'b': 0.5}",2019-09-09,400,0.004218639180307256,4,3,4413.405111790081,4607.400940879578,0,4,0.0,68.0
AAPL,OBV,"{'s': 5, 'l': 30, 'b': 0.5}",2019-09-09,500,0.004218639180307256,4,3,4413.405111790081,4607.400940879578,0,4,0.0,68.0
AAPL,OBV,"{'s': 5, 'l': 30, 'b': 0.5}",2019-09-09,600,0.004218639180307256,4,3,4413.405111790081,4607.400940879578,0,4,0.0,68.0
AAPL,OBV,"{'s': 5, 'l': 30, 'b': 0.5}",2019-09-09,700,0.004265788704506472,4,3,4461.904069062317,4655.899898151815,0,4,0.0,68.0
AAPL,OBV,"{'s': 5, 'l': 30, 'b': 0.5}",2019-09-09,800,0.004265938958540314,4,3,4461.904069062317,4655.899898151815,0,4,0.0,68.0
AAPL,OBV,"{'s': 5, 'l': 30, 'b': 0.5}",2019-09-09,900,0.004265938958540314,4,3,4461.904069062317,4655.899898151815,0,4,0.0,68.0
AAPL,OBV,"{'s': 5, 'l': 30, 'b': 0.5}",2019-09-09,1000,0.004172971433052394,4,3,4364.90615451743,4583.151462243116,0,4,0.0,68.0
AAPL,OBV,"{'s': 5, 'l': 30, 'b': 0.5}",2019-09-10,0,-0.005144388381579169,4,0,-5334.885299966024,-5116.639992240338,1,3,2.0,25.0
AAPL,OBV,"{'s': 5, 'l': 30, 'b': 0.5}",2019-09-10,10,-0.005191073722382247,4,0,-5383.384257238536,-5140.889470876526,1,3,2.0,25.0
AAPL,OBV,"{'s': 5, 'l': 30, 'b': 0.5}",2019-09-10,20,-0.005191073722382247,4,0,-5383.384257238536,-5140.889470876526,1,3,2.0,25.0
AAPL,OBV,"{'s': 5, 'l': 30, 'b': 0.5}",2019-09-10,50,-0.005237874866363484,4,0,-5431.883214510911,-5165.138949512575,1,3,2.0,25.0
AAPL,OBV,"{'s': 5, 'l': 30, 'b': 0.5}",2019-09-10,100,-0.005144364407966748,4,0,-5334.885299965886,-5092.390513604013,1,3,2.0,25.0
AAPL,OBV,"{'s': 5, 'l': 30, 'b': 0.5}",2019-09-10,200,-0.0050508561477612445,4,0,-5237.887385421137,-5043.891556331639,1,3,2.0,25.0
AAPL,OBV,"{'s': 5, 'l': 30, 'b': 0.5}",2019-09-10,300,-0.00514422464994797,4,0,-5334.885299966024,-5092.390513604013,1,3,2.0,25.0
AAPL,OBV,"{'s': 5, 'l': 30, 'b': 0.5}",2019-09-10,400,-0.005190936143782635,4,0,-5383.384257238536,-5140.889470876526,1,3,2.0,25.0
AAPL,OBV,"{'s': 5, 'l': 30, 'b': 0.5}",2019-09-10,500,-0.0051441460000400535,4,0,-5334.885299966024,-5068.141034967826,1,3,2.0,25.0
AAPL,OBV,"{'s': 5, 'l': 30, 'b': 0.5}",2019-09-10,600,-0.00505098564775173,4,0,-5237.887385421413,-4946.893641786752,1,3,2.0,25.0
AAPL,OBV,"{'s': 5, 'l': 30, 'b': 0.5}",2019-09-10,700,-0.004910699685524276,4,0,-5092.390513604013,-4825.646248605815,1,3,2.0,25.0
AAPL,OBV,"{'s': 5, 'l': 30, 'b': 0.5}",2019-09-10,800,-0.0049108417856016445,4,0,-5092.390513604013,-4874.14520587819,1,3,2.0,25.0
AAPL,OBV,"{'s': 5, 'l': 30, 'b': 0.5}",2019-09-10,900,-0.005004328108245555,4,0,-5189.388428148763,-4922.644163150427,1,3,2.0,25.0
AAPL,OBV,"{'s': 5, 'l': 30, 'b': 0.5}",2019-09-10,1000,-0.005004328108245555,4,0,-5189.388428148763,-4922.644163150427,1,3,2.0,25.0
AAPL,OBV,"{'s': 5, 'l': 30, 'b': 0.5}",2019-09-11,0,-0.0008653591969956208,4,1,-921.4801881760811,-581.987487268908,0,4,0.0,37.0
AAPL,OBV,"{'s': 5, 'l': 30, 'b': 0.5}",2019-09-11,10,-0.0008653591969956208,4,1,-921.4801881760811,-606.2369659050953,0,4,0.0,37.0
AAPL,OBV,"{'s': 5, 'l': 30, 'b': 0.5}",2019-09-11,20,-0.0008653591969956208,4,1,-921.4801881760811,-606.2369659050953,0,4,0.0,37.0
AAPL,OBV,"{'s': 5, 'l': 30, 'b': 0.5}",2019-09-11,50,-0.0008653591969956208,4,1,-921.4801881760811,-606.2369659050953,0,4,0.0,37.0
AAPL,OBV,"{'s': 5, 'l': 30, 'b': 0.5}",2019-09-11,100,-0.0008653591969956208,4,1,-921.4801881760811,-581.987487268908,0,4,0.0,37.0
AAPL,OBV,"{'s': 5, 'l': 30, 'b': 0.5}",2019-09-11,200,-0.0008653591969956208,4,1,-921.4801881760811,-581.987487268908,0,4,0.0,37.0
AAPL,OBV,"{'s': 5, 'l': 30, 'b': 0.5}",2019-09-11,300,-0.0008653591969956208,4,1,-921.4801881760811,-606.2369659052331,0,4,0.0,37.0
AAPL,OBV,"{'s': 5, 'l': 30, 'b': 0.5}",2019-09-11,400,-0.0008653591969956208,4,1,-921.4801881760811,-606.2369659052331,0,4,0.0,37.0
AAPL,OBV,"{'s': 5, 'l': 30, 'b': 0.5}",2019-09-11,500,-0.0008653591969956208,4,1,-921.4801881760811,-606.2369659052331,0,4,0.0,37.0
AAPL,OBV,"{'s': 5, 'l': 30, 'b': 0.5}",2019-09-11,600,-0.0008653591969956208,4,1,-921.4801881760811,-606.2369659052331,0,4,0.0,37.0
AAPL,OBV,"{'s': 5, 'l': 30, 'b': 0.5}",2019-09-11,700,-0.0009107415432628816,4,1,-969.9791454484556,-630.4864445412825,0,4,0.0,37.0
AAPL,OBV,"{'s': 5, 'l': 30, 'b': 0.5}",2019-09-11,800,-0.0009107415432628816,4,1,-969.9791454484556,-630.4864445412825,0,4,0.0,37.0
AAPL,OBV,"{'s': 5, 'l': 30, 'b': 0.5}",2019-09-11,900,-0.0009557035503668378,4,1,-1018.4781027208302,-703.2348804499821,0,4,0.0,37.0
AAPL,OBV,"{'s': 5, 'l': 30, 'b': 0.5}",2019-09-11,1000,-0.0009557035503668378,4,1,-1018.4781027208302,-703.2348804499821,0,4,0.0,37.0
AAPL,OBV,"{'s': 5, 'l': 30, 'b': 0.5}",2019-09-12,0,-0.0028436600738503282,5,2,-3103.9332654345894,-2740.1910858916426,0,5,0.0,55.0
AAPL,OBV,"{'s': 5, 'l': 30, 'b': 0.5}",2019-09-12,10,-0.0028436600738503282,5,2,-3103.9332654345894,-2764.44056452783,0,5,0.0,55.0
AAPL,OBV,"{'s': 5, 'l': 30, 'b': 0.5}",2019-09-12,20,-0.0028436600738503282,5,2,-3103.9332654345894,-2788.690043164017,0,5,0.0,55.0
AAPL,OBV,"{'s': 5, 'l': 30, 'b': 0.5}",2019-09-12,50,-0.002754767352429484,5,2,-3006.9353508898403,-2667.4426499830806,0,5,0.0,55.0
AAPL,OBV,"{'s': 5, 'l': 30, 'b': 0.5}",2019-09-12,100,-0.0028881123546906163,5,2,-3152.432222707102,-2788.690043164017,0,5,0.0,55.0
AAPL,OBV,"{'s': 5, 'l': 30, 'b': 0.5}",2019-09-12,200,-0.002888090695259241,5,2,-3152.432222706964,-2788.690043164017,0,5,0.0,55.0
AAPL,OBV,"{'s': 5, 'l': 30, 'b': 0.5}",2019-09-12,300,-0.002932570662094021,5,2,-3200.9311799793386,-2812.939521800204,0,5,0.0,55.0
AAPL,OBV,"{'s': 5, 'l': 30, 'b': 0.5}",2019-09-12,400,-0.002799237499041162,5,2,-3055.434308162077,-2715.9416072553176,0,5,0.0,55.0
AAPL,OBV,"{'s': 5, 'l': 30, 'b': 0.5}",2019-09-12,500,-0.002799237499041162,5,2,-3055.434308162077,-2715.9416072553176,0,5,0.0,55.0
AAPL,OBV,"{'s': 5, 'l': 30, 'b': 0.5}",2019-09-12,600,-0.0027548029289456684,5,2,-3006.9353508897025,-2667.442649982943,0,5,0.0,55.0
AAPL,OBV,"{'s': 5, 'l': 30, 'b': 0.5}",2019-09-12,700,-0.0027103229621108886,5,2,-2958.436393617328,-2667.4426499830806,0,5,0.0,55.0
AAPL,OBV,"{'s': 5, 'l': 30, 'b': 0.5}",2019-09-12,800,-0.0027992334200876877,5,2,-3055.434308162353,-2740.1910858917804,0,5,0.0,55.0
AAPL,OBV,"{'s': 5, 'l': 30, 'b': 0.5}",2019-09-12,900,-0.002843667990183308,5,1,-3103.933265434865,-2764.44056452783,0,5,0.0,55.0
AAPL,OBV,"{'s': 5, 'l': 30, 'b': 0.5}",2019-09-12,1000,-0.0027992255778873923,5,1,-3055.434308162353,-2740.191085891505,0,5,0.0,55.0
AAPL,OBV,"{'s': 5, 'l': 30, 'b': 0.5}",2019-09-13,0,0.0035236991718018773,3,3,3734.4197099762855,3928.415539065784,1,2,15.0,21.0
AAPL,OBV,"{'s': 5, 'l': 30, 'b': 0.5}",2019-09-13,10,0.0035236991718018773,3,3,3734.4197099762855,3928.415539065784,1,2,15.0,21.0
AAPL,OBV,"{'s': 5, 'l': 30, 'b': 0.5}",2019-09-13,20,0.0035236991718018773,3,3,3734.4197099762855,3928.415539065784,1,2,15.0,21.0
AAPL,OBV,"{'s': 5, 'l': 30, 'b': 0.5}",2019-09-13,50,0.0035696635034804533,3,3,3782.91866724866,3952.665017701971,1,2,15.0,21.0
AAPL,OBV,"{'s': 5, 'l': 30, 'b': 0.5}",2019-09-13,100,0.0036609005475672658,3,3,3879.916581793547,4049.6629322469958,1,2,15.0,21.0
AAPL,OBV,"{'s': 5, 'l': 30, 'b': 0.5}",2019-09-13,200,0.003752002118528933,3,3,3976.914496338296,4122.411368155557,1,2,15.0,21.0
AAPL,OBV,"{'s': 5, 'l': 30, 'b': 0.5}",2019-09-13,300,0.0036606881567016825,3,3,3879.916581793547,4049.6629322469958,1,2,15.0,21.0
AAPL,OBV,"{'s': 5, 'l': 30, 'b': 0.5}",2019-09-13,400,0.003706410799116191,3,3,3928.4155390659216,4073.912410883183,1,2,15.0,21.0
AAPL,OBV,"{'s': 5, 'l': 30, 'b': 0.5}",2019-09-13,500,0.00370664837329972,3,3,3928.4155390659216,4098.161889519508,1,2,15.0,21.0
AAPL,OBV,"{'s': 5, 'l': 30, 'b': 0.5}",2019-09-13,600,0.0036611339644244453,3,3,3879.916581793547,4073.9124108833207,1,2,15.0,21.0
AAPL,OBV,"{'s': 5, 'l': 30, 'b': 0.5}",2019-09-13,700,0.003752239692712592,3,3,3976.9144963384338,4146.660846791882,1,2,15.0,21.0
AAPL,OBV,"{'s': 5, 'l': 30, 'b': 0.5}",2019-09-13,800,0.0037979706943107117,3,3,4025.4134536109464,4170.91032542807,1,2,15.0,21.0
AAPL,OBV,"{'s': 5, 'l': 30, 'b': 0.5}",2019-09-13,900,0.0038434788747776366,3,3,4073.9124108833207,4243.658761336769,1,2,15.0,21.0
AAPL,OBV,"{'s': 5, 'l': 30, 'b': 0.5}",2019-09-13,1000,0.0037063815499965686,3,3,3928.4155390660594,4122.4113681556955,1,2,15.0,21.0
AAPL,OBV,"{'s': 5, 'l': 30, 'b': 0.5}",2019-09-16,0,0.0025558001219087995,5,2,2715.941607255593,3079.68378679854,0,5,0.0,64.0
AAPL,OBV,"{'s': 5, 'l': 30, 'b': 0.5}",2019-09-16,10,0.0025558001219087995,5,2,2715.941607255593,3079.68378679854,0,5,0.0,64.0
AAPL,OBV,"{'s': 5, 'l': 30, 'b': 0.5}",2019-09-16,20,0.0025558001219087995,5,2,2715.941607255593,3079.68378679854,0,5,0.0,64.0
AAPL,OBV,"{'s': 5, 'l': 30, 'b': 0.5}",2019-09-16,50,0.0026014351330893356,5,2,2764.4405645279676,3103.933265434727,0,5,0.0,64.0
AAPL,OBV,"{'s': 5, 'l': 30, 'b': 0.5}",2019-09-16,100,0.0026014351330893356,5,2,2764.4405645279676,3079.68378679854,0,5,0.0,64.0
AAPL,OBV,"{'s': 5, 'l': 30, 'b': 0.5}",2019-09-16,200,0.002510150528190225,5,2,2667.4426499832184,2982.685872253791,0,5,0.0,64.0
AAPL,OBV,"{'s': 5, 'l': 30, 'b': 0.5}",2019-09-16,300,0.002510150528190225,5,2,2667.4426499832184,2982.685872253791,0,5,0.0,64.0
AAPL,OBV,"{'s': 5, 'l': 30, 'b': 0.5}",2019-09-16,400,0.0026014351330893356,5,2,2764.4405645279676,3055.434308162353,0,5,0.0,64.0
AAPL,OBV,"{'s': 5, 'l': 30, 'b': 0.5}",2019-09-16,500,0.0027382567883969147,5,2,2909.937436345229,3152.432222707102,0,5,0.0,64.0
AAPL,OBV,"{'s': 5, 'l': 30, 'b': 0.5}",2019-09-16,600,0.002738085928436733,5,2,2909.937436345367,3176.681701343427,0,5,0.0,64.0
AAPL,OBV,"{'s': 5, 'l': 30, 'b': 0.5}",2019-09-16,700,0.0027381151035934122,5,2,2909.937436345229,3152.43222270724,0,5,0.0,64.0
AAPL,OBV,"{'s': 5, 'l': 30, 'b': 0.5}",2019-09-16,800,0.0028292601175607637,5,2,3006.935350890116,3273.679615888176,0,5,0.0,64.0
AAPL,OBV,"{'s': 5, 'l': 30, 'b': 0.5}",2019-09-16,900,0.002783829385683304,5,2,2958.4363936176037,3200.9311799794764,0,5,0.0,64.0
AAPL,OBV,"{'s': 5, 'l': 30, 'b': 0.5}",2019-09-16,1000,0.002829462314404628,5,2,3006.935350889978,3273.679615888176,0,5,0.0,64.0
AAPL,OBV,"{'s': 5, 'l': 30, 'b': 0.5}",2019-09-17,0,-0.0009166645724917263,6,3,-969.97914544818,-581.9874872687701,2,4,12.0,61.0
AAPL,OBV,"{'s': 5, 'l': 30, 'b': 0.5}",2019-09-17,10,-0.0009166645724917263,6,3,-969.97914544818,-581.9874872687701,2,4,12.0,61.0
AAPL,OBV,"{'s': 5, 'l': 30, 'b': 0.5}",2019-09-17,20,-0.00087098387871223,6,3,-921.4801881758054,-557.7380086325828,2,4,12.0,61.0
AAPL,OBV,"{'s': 5, 'l': 30, 'b': 0.5}",2019-09-17,50,-0.0008255644424853086,6,3,-872.9812309034309,-484.98957272402106,2,4,12.0,61.0
AAPL,OBV,"{'s': 5, 'l': 30, 'b': 0.5}",2019-09-17,100,-0.0008255768060005996,6,3,-872.9812309034309,-484.9895727241589,2,4,12.0,61.0
AAPL,OBV,"{'s': 5, 'l': 30, 'b': 0.5}",2019-09-17,200,-0.0007801614974999678,6,3,-824.4822736310564,-484.9895727241589,2,4,12.0,61.0
AAPL,OBV,"{'s': 5, 'l': 30, 'b': 0.5}",2019-09-17,300,-0.0007801614974999678,6,3,-824.4822736310564,-484.9895727241589,2,4,12.0,61.0
AAPL,OBV,"{'s': 5, 'l': 30, 'b': 0.5}",2019-09-17,400,-0.0007801614974999678,6,3,-824.4822736310564,-460.7400940879716,2,4,12.0,61.0
AAPL,OBV,"{'s': 5, 'l': 30, 'b': 0.5}",2019-09-17,500,-0.0007801614974999678,6,3,-824.4822736310564,-460.7400940879716,2,4,12.0,61.0
AAPL,OBV,"{'s': 5, 'l': 30, 'b': 0.5}",2019-09-17,600,-0.0007801614974999678,6,3,-824.4822736310564,-460.7400940879716,2,4,12.0,61.0
AAPL,OBV,"{'s': 5, 'l': 30, 'b': 0.5}",2019-09-17,700,-0.000870990101908474,6,3,-921.4801881759432,-533.4885299966713,2,4,12.0,61.0
AAPL,OBV,"{'s': 5, 'l': 30, 'b': 0.5}",2019-09-17,800,-0.0007796412084990835,6,3,-824.4822736310564,-412.24113681573493,2,4,12.0,61.0
AAPL,OBV,"{'s': 5, 'l': 30, 'b': 0.5}",2019-09-17,900,-0.0006430783929870008,6,3,-678.9854018136571,-315.24322227084804,2,4,12.0,61.0
AAPL,OBV,"{'s': 5, 'l': 30, 'b': 0.5}",2019-09-17,1000,-0.0006884710393783732,6,3,-727.4843590861694,-339.4927009071731,2,4,12.0,61.0
AAPL,OBV,"{'s': 5, 'l': 30, 'b': 0.5}",2019-09-18,0,-0.00041877081136932953,6,2,-436.4906154517844,96.9979145451626,0,6,0.0,54.0
AAPL,OBV,"{'s': 5, 'l': 30, 'b': 0.5}",2019-09-18,10,-0.00041877081136932953,6,2,-436.4906154517844,96.9979145451626,0,6,0.0,54.0
AAPL,OBV,"{'s': 5, 'l': 30, 'b': 0.5}",2019-09-18,20,-0.00041877081136932953,6,2,-436.4906154517844,121.24739318134988,0,6,0.0,54.0
AAPL,OBV,"{'s': 5, 'l': 30, 'b': 0.5}",2019-09-18,50,-0.00019229076426142836,6,2,-193.995829089636,315.2432222711237,0,6,0.0,54.0
AAPL,OBV,"{'s': 5, 'l': 30, 'b': 0.5}",2019-09-18,100,-0.00014690429850555816,6,2,-145.49687181726145,339.49270090731096,0,6,0.0,54.0
AAPL,OBV,"{'s': 5, 'l': 30, 'b': 0.5}",2019-09-18,200,-0.0001467012775354772,6,2,-145.49687181726145,412.2411368160106,0,6,0.0,54.0
AAPL,OBV,"{'s': 5, 'l': 30, 'b': 0.5}",2019-09-18,300,-0.00028195864185916577,6,2,-290.9937436345229,242.49478636242407,0,6,0.0,54.0
AAPL,OBV,"{'s': 5, 'l': 30, 'b': 0.5}",2019-09-18,400,-0.00023680423432790405,6,2,-242.49478636214837,315.2432222709859,0,6,0.0,54.0
AAPL,OBV,"{'s': 5, 'l': 30, 'b': 0.5}",2019-09-18,500,-0.00028266232872759846,6,2,-290.9937436345229,242.49478636214837,0,6,0.0,54.0
AAPL,OBV,"{'s': 5, 'l': 30, 'b': 0.5}",2019-09-18,600,-0.0001919875364518168,6,2,-193.995829089636,290.99374363466075,0,6,0.0,54.0
AAPL,OBV,"{'s': 5, 'l': 30, 'b': 0.5}",2019-09-18,700,-0.0002826954434117582,6,2,-290.99374363438505,218.2453077259611,0,6,0.0,54.0
AAPL,OBV,"{'s': 5, 'l': 30, 'b': 0.5}",2019-09-18,800,-0.00023772332612451716,6,2,-242.49478636201053,290.99374363466075,0,6,0.0,54.0
AAPL,OBV,"{'s': 5, 'l': 30, 'b': 0.5}",2019-09-18,900,-0.00028266308209519636,6,2,-290.9937436345229,218.24530772609896,0,6,0.0,54.0
AAPL,OBV,"{'s': 5, 'l': 30, 'b': 0.5}",2019-09-18,1000,-0.0007381350781033207,6,2,-775.9833163586818,-339.4927009067596,0,6,0.0,54.0
AAPL,OBV,"{'s': 5, 'l': 30, 'b': 0.5}",2019-09-19,0,-0.004285361610085478,8,2,-4607.400940879854,-4073.912410883183,0,8,0.0,65.0
AAPL,OBV,"{'s': 5, 'l': 30, 'b': 0.5}",2019-09-19,10,-0.0041042022120748485,8,2,-4413.405111790218,-3879.916581793547,0,8,0.0,65.0
AAPL,OBV,"{'s': 5, 'l': 30, 'b': 0.5}",2019-09-19,20,-0.004194769550145244,8,2,-4510.403026334967,-3976.914496338296,0,8,0.0,65.0
AAPL,OBV,"{'s': 5, 'l': 30, 'b': 0.5}",2019-09-19,50,-0.004149549330603098,8,2,-4461.9040690625925,-3976.914496338296,0,8,0.0,65.0
AAPL,OBV,"{'s': 5, 'l': 30, 'b': 0.5}",2019-09-19,100,-0.004194816634029919,8,2,-4510.403026335105,-3976.914496338158,0,8,0.0,65.0
AAPL,OBV,"{'s': 5, 'l': 30, 'b': 0.5}",2019-09-19,200,-0.004240147419189428,8,2,-4558.901983607479,-4025.4134536106703,0,8,0.0,65.0
AAPL,OBV,"{'s': 5, 'l': 30, 'b': 0.5}",2019-09-19,300,-0.004105258440933592,8,2,-4413.405111790081,-3904.166060429734,0,8,0.0,65.0
AAPL,OBV,"{'s': 5, 'l': 30, 'b': 0.5}",2019-09-19,400,-0.0041058365820895275,8,2,-4413.405111789943,-3904.166060429596,0,8,0.0,65.0
AAPL,OBV,"{'s': 5, 'l': 30, 'b': 0.5}",2019-09-19,500,-0.004150593329169236,8,2,-4461.904069062455,-3928.4155390660594,0,8,0.0,65.0
AAPL,OBV,"{'s': 5, 'l': 30, 'b': 0.5}",2019-09-19,600,-0.004422596639418788,8,2,-4752.897812697116,-4219.4092827005825,0,8,0.0,65.0
AAPL,OBV,"{'s': 5, 'l': 30, 'b': 0.5}",2019-09-19,700,-0.0043320374374526075,8,2,-4655.899898152366,-4170.91032542807,0,8,0.0,65.0
AAPL,OBV,"{'s': 5, 'l': 30, 'b': 0.5}",2019-09-19,800,-0.004467956157813983,8,2,-4801.39676996949,-4267.908239972819,0,8,0.0,65.0
AAPL,OBV,"{'s': 5, 'l': 30, 'b': 0.5}",2019-09-19,900,-0.004513795579232806,8,2,-4849.895727241865,-4316.407197245194,0,8,0.0,65.0
AAPL,OBV,"{'s': 5, 'l': 30, 'b': 0.5}",2019-09-19,1000,-0.004513756734596305,8,2,-4849.895727241865,-4340.656675881243,0,8,0.0,65.0
AAPL,OBV,"{'s': 5, 'l': 30, 'b': 0.5}",2019-09-20,0,0.001505588174607177,7,4,1600.465589989876,2424.9478636209324,0,7,0.0,58.0
AAPL,OBV,"{'s': 5, 'l': 30, 'b': 0.5}",2019-09-20,10,0.0014605126731422641,7,4,1551.9666327175014,2376.448906348558,0,7,0.0,58.0
AAPL,OBV,"{'s': 5, 'l': 30, 'b': 0.5}",2019-09-20,20,0.001506137267083649,7,4,1600.465589989876,2400.698384984745,0,7,0.0,58.0
AAPL,OBV,"{'s': 5, 'l': 30, 'b': 0.5}",2019-09-20,50,0.0015516974292779145,7,4,1648.9645472623884,2400.698384984745,0,7,0.0,58.0
AAPL,OBV,"{'s': 5, 'l': 30, 'b': 0.5}",2019-09-20,100,0.0015060561695790587,7,4,1600.465589989876,2327.949949076183,0,7,0.0,58.0
AAPL,OBV,"{'s': 5, 'l': 30, 'b': 0.5}",2019-09-20,200,0.0014598491516465192,7,4,1551.9666327175014,2279.450991803671,0,7,0.0,58.0
AAPL,OBV,"{'s': 5, 'l': 30, 'b': 0.5}",2019-09-20,300,0.0014589619411591983,7,4,1551.9666327175014,2279.450991803809,0,7,0.0,58.0
AAPL,OBV,"{'s': 5, 'l': 30, 'b': 0.5}",2019-09-20,400,0.0013670571136816876,7,4,1454.9687181726144,2327.949949076183,0,7,0.0,58.0
AAPL,OBV,"{'s': 5, 'l': 30, 'b': 0.5}",2019-09-20,500,0.0014577403827332536,7,4,1551.9666327173636,2376.448906348558,0,7,0.0,58.0
AAPL,OBV,"{'s': 5, 'l': 30, 'b': 0.5}",2019-09-20,600,0.001458697939999036,7,3,1551.9666327175014,2303.700470440134,0,7,0.0,58.0
AAPL,OBV,"{'s': 5, 'l': 30, 'b': 0.5}",2019-09-20,700,0.0012307273865686528,7,3,1309.471846355491,2085.4551627141727,0,7,0.0,58.0
AAPL,OBV,"{'s': 5, 'l': 30, 'b': 0.5}",2019-09-20,800,0.0011401875440469325,7,3,1212.4739318108798,2012.706726805611,0,7,0.0,58.0
AAPL,OBV,"{'s': 5, 'l': 30, 'b': 0.5}",2019-09-20,900,0.0009588977233241416,7,3,1018.4781027212438,1818.7108977161129,0,7,0.0,58.0
AAPL,OBV,"{'s': 5, 'l': 30, 'b': 0.5}",2019-09-20,1000,0.0008664623163670255,7,3,921.4801881763568,1673.2140258989891,0,7,0.0,58.0
AAPL,OBV,"{'s': 5, 'l': 30, 'b': 0.5}",2019-09-23,0,-0.002156581012142725,2,1,-2279.450991803671,-2182.453077258784,1,1,2.0,5.0
AAPL,OBV,"{'s': 5, 'l': 30, 'b': 0.5}",2019-09-23,10,-0.002156581012142725,2,1,-2279.450991803671,-2182.453077258784,1,1,2.0,5.0
AAPL,OBV,"{'s': 5, 'l': 30, 'b': 0.5}",2019-09-23,20,-0.002156581012142725,2,1,-2279.450991803671,-2182.453077258784,1,1,2.0,5.0
AAPL,OBV,"{'s': 5, 'l': 30, 'b': 0.5}",2019-09-23,50,-0.002156581012142725,2,1,-2279.450991803671,-2182.453077258784,1,1,2.0,5.0
AAPL,OBV,"{'s': 5, 'l': 30, 'b': 0.5}",2019-09-23,100,-0.002110918911876403,2,1,-2230.9520345311585,-2133.9541199864093,1,1,2.0,5.0
AAPL,OBV,"{'s': 5, 'l': 30, 'b': 0.5}",2019-09-23,200,-0.002110918911876403,2,1,-2230.9520345311585,-2133.9541199864093,1,1,2.0,5.0
AAPL,OBV,"{'s': 5, 'l': 30, 'b': 0.5}",2019-09-23,300,-0.002294438823786809,2,1,-2424.9478636207946,-2327.9499490760454,1,1,2.0,5.0
AAPL,OBV,"{'s': 5, 'l': 30, 'b': 0.5}",2019-09-23,400,-0.002294438823786809,2,1,-2424.9478636207946,-2327.9499490760454,1,1,2.0,5.0
AAPL,OBV,"{'s': 5, 'l': 30, 'b': 0.5}",2019-09-23,500,-0.002248778808262445,2,1,-2376.4489063484198,-2279.4509918035333,1,1,2.0,5.0
AAPL,OBV,"{'s': 5, 'l': 30, 'b': 0.5}",2019-09-23,600,-0.002294223030627029,2,1,-2424.9478636209324,-2327.9499490760454,1,1,2.0,5.0
AAPL,OBV,"{'s': 5, 'l': 30, 'b': 0.5}",2019-09-23,700,-0.002294223030627029,2,1,-2424.9478636209324,-2327.9499490760454,1,1,2.0,5.0
AAPL,OBV,"{'s': 5, 'l': 30, 'b': 0.5}",2019-09-23,800,-0.0022944429932705954,2,1,-2424.9478636209324,-2327.9499490759076,1,1,2.0,5.0
AAPL,OBV,"{'s': 5, 'l': 30, 'b': 0.5}",2019-09-23,900,-0.0022944429932705954,2,1,-2424.9478636209324,-2327.9499490759076,1,1,2.0,5.0
AAPL,OBV,"{'s': 5, 'l': 30, 'b': 0.5}",2019-09-23,1000,-0.0022944429932705954,2,1,-2424.9478636209324,-2327.9499490759076,1,1,2.0,5.0
AAPL,OBV,"{'s': 5, 'l': 30, 'b': 0.5}",2019-09-24,0,0.00076576116537396,5,2,824.4822736309185,1260.9728890829786,0,5,0.0,112.0
AAPL,OBV,"{'s': 5, 'l': 30, 'b': 0.5}",2019-09-24,10,0.000811706490437093,5,2,872.9812309032931,1285.2223677191657,0,5,0.0,112.0
AAPL,OBV,"{'s': 5, 'l': 30, 'b': 0.5}",2019-09-24,20,0.000811706490437093,5,2,872.9812309032931,1285.2223677191657,0,5,0.0,112.0
AAPL,OBV,"{'s': 5, 'l': 30, 'b': 0.5}",2019-09-24,50,0.00076576116537396,5,2,824.4822736309185,1236.7234104469292,0,5,0.0,112.0
AAPL,OBV,"{'s': 5, 'l': 30, 'b': 0.5}",2019-09-24,100,0.000674933432228872,5,2,727.4843590860316,1139.7254959020422,0,5,0.0,112.0
AAPL,OBV,"{'s': 5, 'l': 30, 'b': 0.5}",2019-09-24,200,0.0005840891034811636,5,2,630.4864445411447,1018.4781027211059,0,5,0.0,112.0
AAPL,OBV,"{'s': 5, 'l': 30, 'b': 0.5}",2019-09-24,300,0.0004939001198270847,5,2,533.4885299962577,994.2286240847808,0,5,0.0,112.0
AAPL,OBV,"{'s': 5, 'l': 30, 'b': 0.5}",2019-09-24,400,0.0005867964005236803,5,2,630.4864445411447,1042.727581357431,0,5,0.0,112.0
AAPL,OBV,"{'s': 5, 'l': 30, 'b': 0.5}",2019-09-24,500,0.0006332305183984386,5,2,678.9854018136571,1091.2265386298054,0,5,0.0,112.0
AAPL,OBV,"{'s': 5, 'l': 30, 'b': 0.5}",2019-09-24,600,0.0007696235667623928,5,2,824.4822736309185,1212.4739318108798,0,5,0.0,112.0
AAPL,OBV,"{'s': 5, 'l': 30, 'b': 0.5}",2019-09-24,700,0.0008150275511404899,5,2,872.9812309034309,1382.2202822641907,0,5,0.0,112.0
AAPL,OBV,"{'s': 5, 'l': 30, 'b': 0.5}",2019-09-24,800,0.0009069462443147777,5,2,969.97914544818,1357.9708036278655,0,5,0.0,112.0
AAPL,OBV,"{'s': 5, 'l': 30, 'b': 0.5}",2019-09-24,900,0.0013654105748182868,5,2,1454.9687181723389,1842.9603763518865,0,5,0.0,112.0
AAPL,OBV,"{'s': 5, 'l': 30, 'b': 0.5}",2019-09-24,1000,0.0011821707937382676,5,2,1260.9728890828408,1697.4635045344874,0,5,0.0,112.0
AAPL,OBV,"{'s': 5, 'l': 30, 'b': 0.5}",2019-09-25,0,-0.0041809059712996435,4,2,-4413.405111790218,-4098.161889519508,2,2,5.0,16.0
AAPL,OBV,"{'s': 5, 'l': 30, 'b': 0.5}",2019-09-25,10,-0.0043189794078829224,4,2,-4558.901983607479,-4195.1598040642575,2,2,5.0,16.0
AAPL,OBV,"{'s': 5, 'l': 30, 'b': 0.5}",2019-09-25,20,-0.004227477529810681,4,2,-4461.904069062455,-4122.411368155557,2,2,5.0,16.0
AAPL,OBV,"{'s': 5, 'l': 30, 'b': 0.5}",2019-09-25,50,-0.004134592570205976,4,2,-4364.9061545177055,-4025.4134536106703,2,2,5.0,16.0
AAPL,OBV,"{'s': 5, 'l': 30, 'b': 0.5}",2019-09-25,100,-0.004042424521048106,4,2,-4267.908239972957,-3928.4155390659216,2,2,5.0,16.0
AAPL,OBV,"{'s': 5, 'l': 30, 'b': 0.5}",2019-09-25,200,-0.003904948691550153,4,2,-4122.411368155557,-3807.1681458849853,2,2,5.0,16.0
AAPL,OBV,"{'s': 5, 'l': 30, 'b': 0.5}",2019-09-25,300,-0.004042744231689053,4,2,-4267.908239972819,-3904.166060429734,2,2,5.0,16.0
AAPL,OBV,"{'s': 5, 'l': 30, 'b': 0.5}",2019-09-25,400,-0.0039051611085521524,4,2,-4122.411368155557,-3758.6691886126105,2,2,5.0,16.0
AAPL,OBV,"{'s': 5, 'l': 30, 'b': 0.5}",2019-09-25,500,-0.0037675779854152523,4,2,-3976.914496338296,-3661.6712740677235,2,2,5.0,16.0
AAPL,OBV,"{'s': 5, 'l': 30, 'b': 0.5}",2019-09-25,600,-0.0038595104006612395,4,2,-4073.912410883183,-3734.4197099762855,2,2,5.0,16.0
AAPL,OBV,"{'s': 5, 'l': 30, 'b': 0.5}",2019-09-25,700,-0.0038595104006612395,4,2,-4073.912410883183,-3734.4197099762855,2,2,5.0,16.0
AAPL,OBV,"{'s': 5, 'l': 30, 'b': 0.5}",2019-09-25,800,-0.0038595104006612395,4,2,-4073.912410883183,-3710.1702313400983,2,2,5.0,16.0
AAPL,OBV,"{'s': 5, 'l': 30, 'b': 0.5}",2019-09-25,900,-0.0038599311248551406,4,2,-4073.912410883183,-3734.4197099761477,2,2,5.0,16.0
AAPL,OBV,"{'s': 5, 'l': 30, 'b': 0.5}",2019-09-25,1000,-0.0038599311248551406,4,2,-4073.912410883183,-3710.1702313399605,2,2,5.0,16.0
AAPL,OBV,"{'s': 5, 'l': 30, 'b': 0.5}",2019-09-26,0,-0.0011795264442986913,4,2,-1260.972889082703,-1018.4781027206924,1,3,16.0,74.0
AAPL,OBV,"{'s': 5, 'l': 30, 'b': 0.5}",2019-09-26,10,-0.0011795264442986913,4,2,-1260.972889082703,-1018.4781027206924,1,3,16.0,74.0
AAPL,OBV,"{'s': 5, 'l': 30, 'b': 0.5}",2019-09-26,20,-0.0011795264442986913,4,2,-1260.972889082703,-1018.4781027206924,1,3,16.0,74.0
AAPL,OBV,"{'s': 5, 'l': 30, 'b': 0.5}",2019-09-26,50,-0.0012249252533333952,4,2,-1309.4718463550773,-1091.2265386292543,1,3,16.0,74.0
AAPL,OBV,"{'s': 5, 'l': 30, 'b': 0.5}",2019-09-26,100,-0.0012249252533333952,4,2,-1309.4718463550773,-1091.2265386292543,1,3,16.0,74.0
AAPL,OBV,"{'s': 5, 'l': 30, 'b': 0.5}",2019-09-26,200,-0.0012248100483453813,4,2,-1309.4718463550773,-1115.4760172654414,1,3,16.0,74.0
AAPL,OBV,"{'s': 5, 'l': 30, 'b': 0.5}",2019-09-26,300,-0.0012248100483453813,4,2,-1309.4718463550773,-1115.4760172654414,1,3,16.0,74.0
AAPL,OBV,"{'s': 5, 'l': 30, 'b': 0.5}",2019-09-26,400,-0.0013607637450807092,4,2,-1454.9687181723389,-1236.7234104463778,1,3,16.0,74.0
AAPL,OBV,"{'s': 5, 'l': 30, 'b': 0.5}",2019-09-26,500,-0.0013607637450807092,4,2,-1454.9687181723389,-1236.7234104463778,1,3,16.0,74.0
AAPL,OBV,"{'s': 5, 'l': 30, 'b': 0.5}",2019-09-26,600,-0.0013607637450807092,4,2,-1454.9687181723389,-1236.7234104463778,1,3,16.0,74.0
AAPL,OBV,"{'s': 5, 'l': 30, 'b': 0.5}",2019-09-26,700,-0.0014061935106632066,4,2,-1503.4676754448512,-1260.972889082703,1,3,16.0,74.0
AAPL,OBV,"{'s': 5, 'l': 30, 'b': 0.5}",2019-09-26,800,-0.0013609181200255405,4,2,-1454.9687181724767,-1236.7234104465156,1,3,16.0,74.0
AAPL,OBV,"{'s': 5, 'l': 30, 'b': 0.5}",2019-09-26,900,-0.0013609181200255405,4,2,-1454.9687181724767,-1212.4739318103284,1,3,16.0,74.0
AAPL,OBV,"{'s': 5, 'l': 30, 'b': 0.5}",2019-09-26,1000,-0.0013155707592419795,4,2,-1406.469760900102,-1188.224453174141,1,3,16.0,74.0
AAPL,OBV,"{'s': 5, 'l': 30, 'b': 0.5}",2019-09-27,0,-0.004717194130849915,12,5,-4995.392599059264,-3952.665017701695,1,11,18.0,159.0
AAPL,OBV,"{'s': 5, 'l': 30, 'b': 0.5}",2019-09-27,10,-0.004671282764880741,12,5,-4946.89364178689,-3928.415539065508,1,11,18.0,159.0
AAPL,OBV,"{'s': 5, 'l': 30, 'b': 0.5}",2019-09-27,20,-0.005172236507396705,12,5,-5480.382171783561,-4558.901983606928,1,11,18.0,159.0
AAPL,OBV,"{'s': 5, 'l': 30, 'b': 0.5}",2019-09-27,50,-0.005172745179823365,12,5,-5480.382171783423,-4534.652504970741,1,11,18.0,159.0
AAPL,OBV,"{'s': 5, 'l': 30, 'b': 0.5}",2019-09-27,100,-0.00481010205222445,12,5,-5092.390513604013,-4267.908239972267,1,11,18.0,159.0
AAPL,OBV,"{'s': 5, 'l': 30, 'b': 0.5}",2019-09-27,200,-0.004949590311633737,12,5,-5237.887385421413,-4267.908239972543,1,11,18.0,159.0
AAPL,OBV,"{'s': 5, 'l': 30, 'b': 0.5}",2019-09-27,300,-0.005177542550580448,12,6,-5480.382171783423,-4461.90406906218,1,11,18.0,159.0
AAPL,OBV,"{'s': 5, 'l': 30, 'b': 0.5}",2019-09-27,400,-0.005040461565553027,12,6,-5334.8852999662995,-4146.660846791469,1,11,18.0,159.0
AAPL,OBV,"{'s': 5, 'l': 30, 'b': 0.5}",2019-09-27,500,-0.005131008828143605,12,6,-5431.883214510911,-4267.908239972543,1,11,18.0,159.0
AAPL,OBV,"{'s': 5, 'l': 30, 'b': 0.5}",2019-09-27,600,-0.005132951727657131,12,6,-5431.883214511048,-4292.157718608731,1,11,18.0,159.0
AAPL,OBV,"{'s': 5, 'l': 30, 'b': 0.5}",2019-09-27,700,-0.004995798734046791,12,6,-5286.386342693649,-4146.660846791331,1,11,18.0,159.0
AAPL,OBV,"{'s': 5, 'l': 30, 'b': 0.5}",2019-09-27,800,-0.004904365982835261,12,6,-5189.388428148763,-4122.411368155144,1,11,18.0,159.0
AAPL,OBV,"{'s': 5, 'l': 30, 'b': 0.5}",2019-09-27,900,-0.004767395206051007,12,6,-5043.8915563315,-4001.163974974483,1,11,18.0,159.0
AAPL,OBV,"{'s': 5, 'l': 30, 'b': 0.5}",2019-09-27,1000,-0.005042273943316635,12,6,-5334.885299965886,-4340.656675881243,1,11,18.0,159.0
AAPL,OBV,"{'s': 5, 'l': 30, 'b': 0.5}",2019-09-30,0,0.002069734558933989,6,4,2230.9520345312962,2618.943692710982,5,1,86.0,14.0
AAPL,OBV,"{'s': 5, 'l': 30, 'b': 0.5}",2019-09-30,10,0.002069734558933989,6,4,2230.9520345312962,2618.943692710982,5,1,86.0,14.0
AAPL,OBV,"{'s': 5, 'l': 30, 'b': 0.5}",2019-09-30,20,0.002069734558933989,6,4,2230.9520345312962,2618.943692710982,5,1,86.0,14.0
AAPL,OBV,"{'s': 5, 'l': 30, 'b': 0.5}",2019-09-30,50,0.002114451278515527,6,4,2279.450991803809,2643.193171347169,5,1,86.0,14.0
AAPL,OBV,"{'s': 5, 'l': 30, 'b': 0.5}",2019-09-30,100,0.002114451278515527,6,4,2279.450991803809,2643.193171347169,5,1,86.0,14.0
AAPL,OBV,"{'s': 5, 'l': 30, 'b': 0.5}",2019-09-30,200,0.0021594718859666534,6,4,2327.949949076321,2715.941607255731,5,1,86.0,14.0
AAPL,OBV,"{'s': 5, 'l': 30, 'b': 0.5}",2019-09-30,300,0.002249233286401839,6,4,2424.94786362107,2764.4405645281054,5,1,86.0,14.0
AAPL,OBV,"{'s': 5, 'l': 30, 'b': 0.5}",2019-09-30,400,0.0022941872086316407,6,4,2473.4468208935828,2812.93952180048,5,1,86.0,14.0
AAPL,OBV,"{'s': 5, 'l': 30, 'b': 0.5}",2019-09-30,500,0.0022941872086316407,6,4,2473.4468208935828,2837.1890004366674,5,1,86.0,14.0
AAPL,OBV,"{'s': 5, 'l': 30, 'b': 0.5}",2019-09-30,600,0.0022941872086316407,6,4,2473.4468208935828,2837.1890004366674,5,1,86.0,14.0
AAPL,OBV,"{'s': 5, 'l': 30, 'b': 0.5}",2019-09-30,700,0.002204425808196454,6,4,2376.4489063488336,2788.6900431642925,5,1,86.0,14.0
AAPL,OBV,"{'s': 5, 'l': 30, 'b': 0.5}",2019-09-30,800,0.002294483209381288,6,4,2473.4468208935828,2885.6879577090417,5,1,86.0,14.0
AAPL,OBV,"{'s': 5, 'l': 30, 'b': 0.5}",2019-09-30,900,0.002294483209381288,6,4,2473.4468208935828,2885.6879577090417,5,1,86.0,14.0
AAPL,OBV,"{'s': 5, 'l': 30, 'b': 0.5}",2019-09-30,1000,0.0022497228589605325,6,4,2424.947863621208,2861.4384790728545,5,1,86.0,14.0
AAPL,IMB,"{'k': 2, 'theta': 0.3}",2019-09-03,0,-0.0004386820042893518,1,0,-436.4906154517844,-315.2432222707102,1,0,1.0,0.0
AAPL,IMB,"{'k': 2, 'theta': 0.3}",2019-09-03,10,-0.0004386820042893518,1,0,-436.4906154517844,-315.2432222707102,1,0,1.0,0.0
AAPL,IMB,"{'k': 2, 'theta': 0.3}",2019-09-03,20,-0.0004386820042893518,1,0,-436.4906154517844,-315.2432222707102,1,0,1.0,0.0
AAPL,IMB,"{'k': 2, 'theta': 0.3}",2019-09-03,50,-0.0004386820042893518,1,0,-436.4906154517844,-315.2432222707102,1,0,1.0,0.0
AAPL,IMB,"{'k': 2, 'theta': 0.3}",2019-09-03,100,-0.0004386820042893518,1,0,-436.4906154517844,-315.2432222707102,1,0,1.0,0.0
AAPL,IMB,"{'k': 2, 'theta': 0.3}",2019-09-03,200,-0.0004386820042893518,1,0,-436.4906154517844,-315.2432222707102,1,0,1.0,0.0
AAPL,IMB,"{'k': 2, 'theta': 0.3}",2019-09-03,300,-0.0004386820042893518,1,0,-436.4906154517844,-315.2432222707102,1,0,1.0,0.0
AAPL,IMB,"{'k': 2, 'theta': 0.3}",2019-09-03,400,-0.0004386820042893518,1,0,-436.4906154517844,-315.2432222707102,1,0,1.0,0.0
AAPL,IMB,"{'k': 2, 'theta': 0.3}",2019-09-03,500,-0.0004386820042893518,1,0,-436.4906154517844,-315.2432222707102,1,0,1.0,0.0
AAPL,IMB,"{'k': 2, 'theta': 0.3}",2019-09-03,600,-0.0004386820042893518,1,0,-436.4906154517844,-315.2432222707102,1,0,1.0,0.0
AAPL,IMB,"{'k': 2, 'theta': 0.3}",2019-09-03,700,-0.0004386820042893518,1,0,-436.4906154517844,-315.2432222707102,1,0,1.0,0.0
AAPL,IMB,"{'k': 2, 'theta': 0.3}",2019-09-03,800,-0.0004386820042893518,1,0,-436.4906154517844,-315.2432222707102,1,0,1.0,0.0
AAPL,IMB,"{'k': 2, 'theta': 0.3}",2019-09-03,900,-0.0004386820042893518,1,0,-436.4906154517844,-315.2432222707102,1,0,1.0,0.0
AAPL,IMB,"{'k': 2, 'theta': 0.3}",2019-09-03,1000,-0.0003411971144472274,1,0,-339.4927009068974,-266.7442649981978,1,0,1.0,0.0
AAPL,IMB,"{'k': 2, 'theta': 0.3}",2019-09-04,0,0.0,0,0,0.0,0.0,0,0,0.0,0.0
AAPL,IMB,"{'k': 2, 'theta': 0.3}",2019-09-04,10,0.0,0,0,0.0,0.0,0,0,0.0,0.0
AAPL,IMB,"{'k': 2, 'theta': 0.3}",2019-09-04,20,0.0,0,0,0.0,0.0,0,0,0.0,0.0
AAPL,IMB,"{'k': 2, 'theta': 0.3}",2019-09-04,50,0.0,0,0,0.0,0.0,0,0,0.0,0.0
AAPL,IMB,"{'k': 2, 'theta': 0.3}",2019-09-04,100,0.0,0,0,0.0,0.0,0,0,0.0,0.0
AAPL,IMB,"{'k': 2, 'theta': 0.3}",2019-09-04,200,0.0,0,0,0.0,0.0,0,0,0.0,0.0
AAPL,IMB,"{'k': 2, 'theta': 0.3}",2019-09-04,300,0.0,0,0,0.0,0.0,0,0,0.0,0.0
AAPL,IMB,"{'k': 2, 'theta': 0.3}",2019-09-04,400,0.0,0,0,0.0,0.0,0,0,0.0,0.0
AAPL,IMB,"{'k': 2, 'theta': 0.3}",2019-09-04,500,0.0,0,0,0.0,0.0,0,0,0.0,0.0
AAPL,IMB,"{'k': 2, 'theta': 0.3}",2019-09-04,600,0.0,0,0,0.0,0.0,0,0,0.0,0.0
AAPL,IMB,"{'k': 2, 'theta': 0.3}",2019-09-04,700,0.0,0,0,0.0,0.0,0,0,0.0,0.0
AAPL,IMB,"{'k': 2, 'theta': 0.3}",2019-09-04,800,0.0,0,0,0.0,0.0,0,0,0.0,0.0
AAPL,IMB,"{'k': 2, 'theta': 0.3}",2019-09-04,900,0.0,0,0,0.0,0.0,0,0,0.0,0.0
AAPL,IMB,"{'k': 2, 'theta': 0.3}",2019-09-04,1000,0.0,0,0,0.0,0.0,0,0,0.0,0.0
AAPL,IMB,"{'k': 2, 'theta': 0.3}",2019-09-05,0,0.0,0,0,0.0,0.0,0,0,0.0,0.0
AAPL,IMB,"{'k': 2, 'theta': 0.3}",2019-09-05,10,0.0,0,0,0.0,0.0,0,0,0.0,0.0
AAPL,IMB,"{'k': 2, 'theta': 0.3}",2019-09-05,20,0.0,0,0,0.0,0.0,0,0,0.0,0.0
AAPL,IMB,"{'k': 2, 'theta': 0.3}",2019-09-05,50,0.0,0,0,0.0,0.0,0,0,0.0,0.0
AAPL,IMB,"{'k': 2, 'theta': 0.3}",2019-09-05,100,0.0,0,0,0.0,0.0,0,0,0.0,0.0
AAPL,IMB,"{'k': 2, 'theta': 0.3}",2019-09-05,200,0.0,0,0,0.0,0.0,0,0,0.0,0.0
AAPL,IMB,"{'k': 2, 'theta': 0.3}",2019-09-05,300,0.0,0,0,0.0,0.0,0,0,0.0,0.0
AAPL,IMB,"{'k': 2, 'theta': 0.3}",2019-09-05,400,0.0,0,0,0.0,0.0,0,0,0.0,0.0
AAPL,IMB,"{'k': 2, 'theta': 0.3}",2019-09-05,500,0.0,0,0,0.0,0.0,0,0,0.0,0.0
AAPL,IMB,"{'k': 2, 'theta': 0.3}",2019-09-05,600,0.0,0,0,0.0,0.0,0,0,0.0,0.0
AAPL,IMB,"{'k': 2, 'theta': 0.3}",2019-09-05,700,0.0,0,0,0.0,0.0,0,0,0.0,0.0
AAPL,IMB,"{'k': 2, 'theta': 0.3}",2019-09-05,800,0.0,0,0,0.0,0.0,0,0,0.0,0.0
AAPL,IMB,"{'k': 2, 'theta': 0.3}",2019-09-05,900,0.0,0,0,0.0,0.0,0,0,0.0,0.0
AAPL,IMB,"{'k': 2, 'theta': 0.3}",2019-09-05,1000,0.0,0,0,0.0,0.0,0,0,0.0,0.0
AAPL,IMB,"{'k': 2, 'theta': 0.3}",2019-09-06,0,0.00014094432699084396,1,1,145.49687181726145,193.995829089636,1,0,1.0,0.0
AAPL,IMB,"{'k': 2, 'theta': 0.3}",2019-09-06,10,0.00014094432699084396,1,1,145.49687181726145,193.995829089636,1,0,1.0,0.0
AAPL,IMB,"{'k': 2, 'theta': 0.3}",2019-09-06,20,0.00014094432699084396,1,1,145.49687181726145,193.995829089636,1,0,1.0,0.0
AAPL,IMB,"{'k': 2, 'theta': 0.3}",2019-09-06,50,0.00014094432699084396,1,1,145.49687181726145,193.995829089636,1,0,1.0,0.0
AAPL,IMB,"{'k': 2, 'theta': 0.3}",2019-09-06,100,0.00014094432699084396,1,1,145.49687181726145,193.995829089636,1,0,1.0,0.0
AAPL,IMB,"{'k': 2, 'theta': 0.3}",2019-09-06,200,0.00014094432699084396,1,1,145.49687181726145,193.995829089636,1,0,1.0,0.0
AAPL,IMB,"{'k': 2, 'theta': 0.3}",2019-09-06,300,0.00014094432699084396,1,1,145.49687181726145,193.995829089636,1,0,1.0,0.0
AAPL,IMB,"{'k': 2, 'theta': 0.3}",2019-09-06,400,0.00014094432699084396,1,1,145.49687181726145,193.995829089636,1,0,1.0,0.0
AAPL,IMB,"{'k': 2, 'theta': 0.3}",2019-09-06,500,0.00014094432699084396,1,1,145.49687181726145,193.995829089636,1,0,1.0,0.0
AAPL,IMB,"{'k': 2, 'theta': 0.3}",2019-09-06,600,0.00014094432699084396,1,1,145.49687181726145,193.995829089636,1,0,1.0,0.0
AAPL,IMB,"{'k': 2, 'theta': 0.3}",2019-09-06,700,0.00018792576932108077,1,1,193.995829089636,242.49478636201053,1,0,1.0,0.0
AAPL,IMB,"{'k': 2, 'theta': 0.3}",2019-09-06,800,0.0001409377055340257,1,1,145.4968718171236,193.99582908949816,1,0,1.0,0.0
AAPL,IMB,"{'k': 2, 'theta': 0.3}",2019-09-06,900,0.0001879169407121678,1,1,193.995829089636,242.49478636201053,1,0,1.0,0.0
AAPL,IMB,"{'k': 2, 'theta': 0.3}",2019-09-06,1000,0.0001879081129327385,1,1,193.995829089636,242.49478636201053,1,0,1.0,0.0
AAPL,IMB,"{'k': 2, 'theta': 0.3}",2019-09-09,0,-0.00018671521262191124,1,0,-193.995829089636,-145.49687181726145,1,0,1.0,0.0
AAPL,IMB,"{'k': 2, 'theta': 0.3}",2019-09-09,10,-0.00018671521262191124,1,0,-193.995829089636,-145.49687181726145,1,0,1.0,0.0
AAPL,IMB,"{'k': 2, 'theta': 0.3}",2019-09-09,20,-0.00018671521262191124,1,0,-193.995829089636,-145.49687181726145,1,0,1.0,0.0
AAPL,IMB,"{'k': 2, 'theta': 0.3}",2019-09-09,50,-0.00018671521262191124,1,0,-193.995829089636,-145.49687181726145,1,0,1.0,0.0
AAPL,IMB,"{'k': 2, 'theta': 0.3}",2019-09-09,100,-0.00018671521262191124,1,0,-193.995829089636,-145.49687181726145,1,0,1.0,0.0
AAPL,IMB,"{'k': 2, 'theta': 0.3}",2019-09-09,200,-0.00018671521262191124,1,0,-193.995829089636,-145.49687181726145,1,0,1.0,0.0
AAPL,IMB,"{'k': 2, 'theta': 0.3}",2019-09-09,300,-0.00018671521262191124,1,0,-193.995829089636,-145.49687181726145,1,0,1.0,0.0
AAPL,IMB,"{'k': 2, 'theta': 0.3}",2019-09-09,400,-0.00018671521262191124,1,0,-193.995829089636,-145.49687181726145,1,0,1.0,0.0
AAPL,IMB,"{'k': 2, 'theta': 0.3}",2019-09-09,500,-0.00018671521262191124,1,0,-193.995829089636,-145.49687181726145,1,0,1.0,0.0
AAPL,IMB,"{'k': 2, 'theta': 0.3}",2019-09-09,600,-0.00018671521262191124,1,0,-193.995829089636,-145.49687181726145,1,0,1.0,0.0
AAPL,IMB,"{'k': 2, 'theta': 0.3}",2019-09-09,700,-0.00018671521262191124,1,0,-193.995829089636,-145.49687181726145,1,0,1.0,0.0
AAPL,IMB,"{'k': 2, 'theta': 0.3}",2019-09-09,800,-0.00018671521262191124,1,0,-193.995829089636,-145.49687181726145,1,0,1.0,0.0
AAPL,IMB,"{'k': 2, 'theta': 0.3}",2019-09-09,900,-0.00023338312173268934,1,0,-242.49478636214837,-193.99582908977385,1,0,1.0,0.0
AAPL,IMB,"{'k': 2, 'theta': 0.3}",2019-09-09,1000,-0.0002800466744457516,1,0,-290.9937436345229,-242.49478636214837,1,0,1.0,0.0
AAPL,IMB,"{'k': 2, 'theta': 0.3}",2019-09-10,0,0.0,0,0,0.0,0.0,0,0,0.0,0.0
AAPL,IMB,"{'k': 2, 'theta': 0.3}",2019-09-10,10,0.0,0,0,0.0,0.0,0,0,0.0,0.0
AAPL,IMB,"{'k': 2, 'theta': 0.3}",2019-09-10,20,0.0,0,0,0.0,0.0,0,0,0.0,0.0
AAPL,IMB,"{'k': 2, 'theta': 0.3}",2019-09-10,50,0.0,0,0,0.0,0.0,0,0,0.0,0.0
AAPL,IMB,"{'k': 2, 'theta': 0.3}",2019-09-10,100,0.0,0,0,0.0,0.0,0,0,0.0,0.0
AAPL,IMB,"{'k': 2, 'theta': 0.3}",2019-09-10,200,0.0,0,0,0.0,0.0,0,0,0.0,0.0
AAPL,IMB,"{'k': 2, 'theta': 0.3}",2019-09-10,300,0.0,0,0,0.0,0.0,0,0,0.0,0.0
AAPL,IMB,"{'k': 2, 'theta': 0.3}",2019-09-10,400,0.0,0,0,0.0,0.0,0,0,0.0,0.0
AAPL,IMB,"{'k': 2, 'theta': 0.3}",2019-09-10,500,0.0,0,0,0.0,0.0,0,0,0.0,0.0
AAPL,IMB,"{'k': 2, 'theta': 0.3}",2019-09-10,600,0.0,0,0,0.0,0.0,0,0,0.0,0.0
AAPL,IMB,"{'k': 2, 'theta': 0.3}",2019-09-10,700,0.0,0,0,0.0,0.0,0,0,0.0,0.0
AAPL,IMB,"{'k': 2, 'theta': 0.3}",2019-09-10,800,0.0,0,0,0.0,0.0,0,0,0.0,0.0
AAPL,IMB,"{'k': 2, 'theta': 0.3}",2019-09-10,900,0.0,0,0,0.0,0.0,0,0,0.0,0.0
AAPL,IMB,"{'k': 2, 'theta': 0.3}",2019-09-10,1000,0.0,0,0,0.0,0.0,0,0,0.0,0.0
AAPL,IMB,"{'k': 2, 'theta': 0.3}",2019-09-11,0,0.0,0,0,0.0,0.0,0,0,0.0,0.0
AAPL,IMB,"{'k': 2, 'theta': 0.3}",2019-09-11,10,0.0,0,0,0.0,0.0,0,0,0.0,0.0
AAPL,IMB,"{'k': 2, 'theta': 0.3}",2019-09-11,20,0.0,0,0,0.0,0.0,0,0,0.0,0.0
AAPL,IMB,"{'k': 2, 'theta': 0.3}",2019-09-11,50,0.0,0,0,0.0,0.0,0,0,0.0,0.0
AAPL,IMB,"{'k': 2, 'theta': 0.3}",2019-09-11,100,0.0,0,0,0.0,0.0,0,0,0.0,0.0
AAPL,IMB,"{'k': 2, 'theta': 0.3}",2019-09-11,200,0.0,0,0,0.0,0.0,0,0,0.0,0.0
AAPL,IMB,"{'k': 2, 'theta': 0.3}",2019-09-11,300,0.0,0,0,0.0,0.0,0,0,0.0,0.0
AAPL,IMB,"{'k': 2, 'theta': 0.3}",2019-09-11,400,0.0,0,0,0.0,0.0,0,0,0.0,0.0
AAPL,IMB,"{'k': 2, 'theta': 0.3}",2019-09-11,500,0.0,0,0,0.0,0.0,0,0,0.0,0.0
AAPL,IMB,"{'k': 2, 'theta': 0.3}",2019-09-11,600,0.0,0,0,0.0,0.0,0,0,0.0,0.0
AAPL,IMB,"{'k': 2, 'theta': 0.3}",2019-09-11,700,0.0,0,0,0.0,0.0,0,0,0.0,0.0
AAPL,IMB,"{'k': 2, 'theta': 0.3}",2019-09-11,800,0.0,0,0,0.0,0.0,0,0,0.0,0.0
AAPL,IMB,"{'k': 2, 'theta': 0.3}",2019-09-11,900,0.0,0,0,0.0,0.0,0,0,0.0,0.0
AAPL,IMB,"{'k': 2, 'theta': 0.3}",2019-09-11,1000,0.0,0,0,0.0,0.0,0,0,0.0,0.0
AAPL,IMB,"{'k': 2, 'theta': 0.3}",2019-09-12,0,0.000177582500620483,3,2,193.995829089636,363.7421795430847,3,0,4.0,0.0
AAPL,IMB,"{'k': 2, 'theta': 0.3}",2019-09-12,10,0.000177582500620483,3,2,193.995829089636,363.7421795430847,3,0,4.0,0.0
AAPL,IMB,"{'k': 2, 'theta': 0.3}",2019-09-12,20,0.0002220170707161032,3,2,242.49478636214837,387.991658179272,3,0,4.0,0.0
AAPL,IMB,"{'k': 2, 'theta': 0.3}",2019-09-12,50,0.0002220170707161032,3,2,242.49478636214837,387.991658179272,3,0,4.0,0.0
AAPL,IMB,"{'k': 2, 'theta': 0.3}",2019-09-12,100,0.00017758447496389975,3,2,193.99582908977385,363.7421795430847,3,0,4.0,0.0
AAPL,IMB,"{'k': 2, 'theta': 0.3}",2019-09-12,200,0.00017758447496389975,3,2,193.99582908977385,363.7421795430847,3,0,4.0,0.0
AAPL,IMB,"{'k': 2, 'theta': 0.3}",2019-09-12,300,0.00017758447496389975,3,2,193.99582908977385,363.7421795430847,3,0,4.0,0.0
AAPL,IMB,"{'k': 2, 'theta': 0.3}",2019-09-12,400,0.00017758447496389975,3,2,193.99582908977385,363.7421795430847,3,0,4.0,0.0
AAPL,IMB,"{'k': 2, 'theta': 0.3}",2019-09-12,500,0.00017758447496389975,3,2,193.99582908977385,363.7421795430847,3,0,4.0,0.0
AAPL,IMB,"{'k': 2, 'theta': 0.3}",2019-09-12,600,0.00017758447496389975,3,2,193.99582908977385,363.7421795430847,3,0,4.0,0.0
AAPL,IMB,"{'k': 2, 'theta': 0.3}",2019-09-12,700,0.00017758447496389975,3,2,193.99582908977385,363.7421795430847,3,0,4.0,0.0
AAPL,IMB,"{'k': 2, 'theta': 0.3}",2019-09-12,800,0.00017758447496389975,3,2,193.99582908977385,339.4927009068974,3,0,4.0,0.0
AAPL,IMB,"{'k': 2, 'theta': 0.3}",2019-09-12,900,0.00017758447496389975,3,2,193.99582908977385,339.4927009068974,3,0,4.0,0.0
AAPL,IMB,"{'k': 2, 'theta': 0.3}",2019-09-12,1000,0.00017758447496389975,3,2,193.99582908977385,339.4927009068974,3,0,4.0,0.0
AAPL,IMB,"{'k': 2, 'theta': 0.3}",2019-09-13,0,-9.137426900576484e-05,1,0,-96.99791454474908,-48.49895727237454,1,0,1.0,0.0
AAPL,IMB,"{'k': 2, 'theta': 0.3}",2019-09-13,10,-9.137426900576484e-05,1,0,-96.99791454474908,-48.49895727237454,1,0,1.0,0.0
AAPL,IMB,"{'k': 2, 'theta': 0.3}",2019-09-13,20,-9.137426900576484e-05,1,0,-96.99791454474908,-48.49895727237454,1,0,1.0,0.0
AAPL,IMB,"{'k': 2, 'theta': 0.3}",2019-09-13,50,-9.137426900576484e-05,1,0,-96.99791454474908,-48.49895727237454,1,0,1.0,0.0
AAPL,IMB,"{'k': 2, 'theta': 0.3}",2019-09-13,100,-9.137426900576484e-05,1,0,-96.99791454474908,-48.49895727237454,1,0,1.0,0.0
AAPL,IMB,"{'k': 2, 'theta': 0.3}",2019-09-13,200,-9.137426900576484e-05,1,0,-96.99791454474908,-48.49895727237454,1,0,1.0,0.0
AAPL,IMB,"{'k': 2, 'theta': 0.3}",2019-09-13,300,-9.137426900576484e-05,1,0,-96.99791454474908,-48.49895727237454,1,0,1.0,0.0
AAPL,IMB,"{'k': 2, 'theta': 0.3}",2019-09-13,400,-9.137426900576484e-05,1,0,-96.99791454474908,-48.49895727237454,1,0,1.0,0.0
AAPL,IMB,"{'k': 2, 'theta': 0.3}",2019-09-13,500,-0.00013706140350877713,1,0,-145.49687181726145,-72.7484359085618,1,0,1.0,0.0
AAPL,IMB,"{'k': 2, 'theta': 0.3}",2019-09-13,600,-0.00013706140350877713,1,0,-145.49687181726145,-96.99791454474908,1,0,1.0,0.0
AAPL,IMB,"{'k': 2, 'theta': 0.3}",2019-09-13,700,-0.00013706140350877713,1,0,-145.49687181726145,-96.99791454474908,1,0,1.0,0.0
AAPL,IMB,"{'k': 2, 'theta': 0.3}",2019-09-13,800,-0.00013706140350877713,1,0,-145.49687181726145,-96.99791454474908,1,0,1.0,0.0
AAPL,IMB,"{'k': 2, 'theta': 0.3}",2019-09-13,900,-0.00013706140350877713,1,0,-145.49687181726145,-96.99791454474908,1,0,1.0,0.0
AAPL,IMB,"{'k': 2, 'theta': 0.3}",2019-09-13,1000,-0.00013706140350877713,1,0,-145.49687181726145,-72.7484359085618,1,0,1.0,0.0
AAPL,IMB,"{'k': 2, 'theta': 0.3}",2019-09-16,0,-0.0016399018477917904,5,0,-1745.9624618069997,-1479.2181968088018,5,0,5.0,0.0
AAPL,IMB,"{'k': 2, 'theta': 0.3}",2019-09-16,10,-0.0015943209188525,5,0,-1697.4635045346251,-1454.9687181726144,5,0,5.0,0.0
AAPL,IMB,"{'k': 2, 'theta': 0.3}",2019-09-16,20,-0.0015943209188525,5,0,-1697.4635045346251,-1430.7192395362895,5,0,5.0,0.0
AAPL,IMB,"{'k': 2, 'theta': 0.3}",2019-09-16,50,-0.0015943209188525,5,0,-1697.4635045346251,-1430.7192395362895,5,0,5.0,0.0
AAPL,IMB,"{'k': 2, 'theta': 0.3}",2019-09-16,100,-0.0019133874214277914,5,0,-2036.9562054415226,-1770.211940443187,5,0,5.0,0.0
AAPL,IMB,"{'k': 2, 'theta': 0.3}",2019-09-16,200,-0.0018223085171484449,5,0,-1939.9582908967734,-1673.2140258984377,5,0,5.0,0.0
AAPL,IMB,"{'k': 2, 'theta': 0.3}",2019-09-16,300,-0.0018678894460877353,5,0,-1988.457248169148,-1721.7129831708123,5,0,5.0,0.0
AAPL,IMB,"{'k': 2, 'theta': 0.3}",2019-09-16,400,-0.0018678894460877353,5,0,-1988.457248169148,-1745.9624618069997,5,0,5.0,0.0
AAPL,IMB,"{'k': 2, 'theta': 0.3}",2019-09-16,500,-0.0019135574683812086,5,0,-2036.9562054416604,-1770.211940443187,5,0,5.0,0.0
AAPL,IMB,"{'k': 2, 'theta': 0.3}",2019-09-16,600,-0.0019135574683812086,5,0,-2036.9562054416604,-1770.211940443187,5,0,5.0,0.0
AAPL,IMB,"{'k': 2, 'theta': 0.3}",2019-09-16,700,-0.0019135574683812086,5,0,-2036.9562054416604,-1794.461419079512,5,0,5.0,0.0
AAPL,IMB,"{'k': 2, 'theta': 0.3}",2019-09-16,800,-0.0018223956105024985,5,0,-1939.9582908967734,-1697.4635045346251,5,0,5.0,0.0
AAPL,IMB,"{'k': 2, 'theta': 0.3}",2019-09-16,900,-0.001913360530809037,5,0,-2036.9562054415226,-1745.9624618069997,5,0,5.0,0.0
AAPL,IMB,"{'k': 2, 'theta': 0.3}",2019-09-16,1000,-0.0018677796018697465,5,0,-1988.457248169148,-1721.7129831708123,5,0,5.0,0.0
AAPL,IMB,"{'k': 2, 'theta': 0.3}",2019-09-17,0,-0.0014535966386990864,4,1,-1551.9666327173636,-1333.7213249914025,1,3,1.0,6.0
AAPL,IMB,"{'k': 2, 'theta': 0.3}",2019-09-17,10,-0.0014081400270349613,4,1,-1503.467675444989,-1285.222367719028,1,3,1.0,6.0
AAPL,IMB,"{'k': 2, 'theta': 0.3}",2019-09-17,20,-0.0014081400270349613,4,1,-1503.467675444989,-1285.222367719028,1,3,1.0,6.0
AAPL,IMB,"{'k': 2, 'theta': 0.3}",2019-09-17,50,-0.0014081400270349613,4,1,-1503.467675444989,-1285.222367719028,1,3,1.0,6.0
AAPL,IMB,"{'k': 2, 'theta': 0.3}",2019-09-17,100,-0.0013626441269364619,4,1,-1454.9687181726144,-1212.4739318103284,1,3,1.0,6.0
AAPL,IMB,"{'k': 2, 'theta': 0.3}",2019-09-17,200,-0.0014081007386005872,4,1,-1503.467675444989,-1236.7234104465156,1,3,1.0,6.0
AAPL,IMB,"{'k': 2, 'theta': 0.3}",2019-09-17,300,-0.0014081007386005872,4,1,-1503.467675444989,-1260.9728890828408,1,3,1.0,6.0
AAPL,IMB,"{'k': 2, 'theta': 0.3}",2019-09-17,400,-0.0014081007386005872,4,1,-1503.467675444989,-1285.222367719028,1,3,1.0,6.0
AAPL,IMB,"{'k': 2, 'theta': 0.3}",2019-09-17,500,-0.0014081007386005872,4,1,-1503.467675444989,-1260.9728890828408,1,3,1.0,6.0
AAPL,IMB,"{'k': 2, 'theta': 0.3}",2019-09-17,600,-0.0014081007386005872,4,1,-1503.467675444989,-1260.9728890828408,1,3,1.0,6.0
AAPL,IMB,"{'k': 2, 'theta': 0.3}",2019-09-17,700,-0.0014081007386005872,4,1,-1503.467675444989,-1260.9728890828408,1,3,1.0,6.0
AAPL,IMB,"{'k': 2, 'theta': 0.3}",2019-09-17,800,-0.0014081007386005872,4,1,-1503.467675444989,-1260.9728890828408,1,3,1.0,6.0
AAPL,IMB,"{'k': 2, 'theta': 0.3}",2019-09-17,900,-0.0014081007386005872,4,1,-1503.467675444989,-1236.7234104466534,1,3,1.0,6.0
AAPL,IMB,"{'k': 2, 'theta': 0.3}",2019-09-17,1000,-0.0014081007386005872,4,1,-1503.467675444989,-1236.7234104466534,1,3,1.0,6.0
AAPL,IMB,"{'k': 2, 'theta': 0.3}",2019-09-18,0,-0.000586500473993268,4,2,-630.4864445414204,-412.24113681573493,4,0,5.0,0.0
AAPL,IMB,"{'k': 2, 'theta': 0.3}",2019-09-18,10,-0.000586500473993268,4,2,-630.4864445414204,-412.24113681573493,4,0,5.0,0.0
AAPL,IMB,"{'k': 2, 'theta': 0.3}",2019-09-18,20,-0.000586500473993268,4,2,-630.4864445414204,-436.4906154519222,4,0,5.0,0.0
AAPL,IMB,"{'k': 2, 'theta': 0.3}",2019-09-18,50,-0.000586500473993268,4,2,-630.4864445414204,-436.4906154519222,4,0,5.0,0.0
AAPL,IMB,"{'k': 2, 'theta': 0.3}",2019-09-18,100,-0.000586500473993268,4,2,-630.4864445414204,-436.4906154519222,4,0,5.0,0.0
AAPL,IMB,"{'k': 2, 'theta': 0.3}",2019-09-18,200,-0.000586500473993268,4,2,-630.4864445414204,-436.4906154519222,4,0,5.0,0.0
AAPL,IMB,"{'k': 2, 'theta': 0.3}",2019-09-18,300,-0.0006318067443810485,4,2,-678.9854018137949,-460.74009408810946,4,0,5.0,0.0
AAPL,IMB,"{'k': 2, 'theta': 0.3}",2019-09-18,400,-0.0006318067443810485,4,2,-678.9854018137949,-460.74009408810946,4,0,5.0,0.0
AAPL,IMB,"{'k': 2, 'theta': 0.3}",2019-09-18,500,-0.0006318067443810485,4,2,-678.9854018137949,-484.98957272429675,4,0,5.0,0.0
AAPL,IMB,"{'k': 2, 'theta': 0.3}",2019-09-18,600,-0.0006318067443810485,4,2,-678.9854018137949,-484.98957272429675,4,0,5.0,0.0
AAPL,IMB,"{'k': 2, 'theta': 0.3}",2019-09-18,700,-0.0006318067443810485,4,2,-678.9854018137949,-460.74009408810946,4,0,5.0,0.0
AAPL,IMB,"{'k': 2, 'theta': 0.3}",2019-09-18,800,-0.0006318067443810485,4,2,-678.9854018137949,-460.74009408810946,4,0,5.0,0.0
AAPL,IMB,"{'k': 2, 'theta': 0.3}",2019-09-18,900,-0.0006318067443810485,4,2,-678.9854018137949,-460.74009408810946,4,0,5.0,0.0
AAPL,IMB,"{'k': 2, 'theta': 0.3}",2019-09-18,1000,-0.0005867027848845264,4,2,-630.4864445414204,-387.9916581795477,4,0,5.0,0.0
AAPL,IMB,"{'k': 2, 'theta': 0.3}",2019-09-19,0,0.0,1,0,0.0,96.99791454502476,1,0,1.0,0.0
AAPL,IMB,"{'k': 2, 'theta': 0.3}",2019-09-19,10,0.0,1,0,0.0,96.99791454502476,1,0,1.0,0.0
AAPL,IMB,"{'k': 2, 'theta': 0.3}",2019-09-19,20,0.0,1,0,0.0,96.99791454502476,1,0,1.0,0.0
AAPL,IMB,"{'k': 2, 'theta': 0.3}",2019-09-19,50,0.0,1,0,0.0,96.99791454502476,1,0,1.0,0.0
AAPL,IMB,"{'k': 2, 'theta': 0.3}",2019-09-19,100,0.0,1,0,0.0,96.99791454502476,1,0,1.0,0.0
AAPL,IMB,"{'k': 2, 'theta': 0.3}",2019-09-19,200,0.0,1,0,0.0,96.99791454502476,1,0,1.0,0.0
AAPL,IMB,"{'k': 2, 'theta': 0.3}",2019-09-19,300,8.952150754223281e-05,1,1,96.99791454488692,169.74635045358656,1,0,1.0,0.0
AAPL,IMB,"{'k': 2, 'theta': 0.3}",2019-09-19,400,8.952150754223281e-05,1,1,96.99791454488692,169.74635045358656,1,0,1.0,0.0
AAPL,IMB,"{'k': 2, 'theta': 0.3}",2019-09-19,500,0.00013428827215756998,1,1,145.49687181726145,193.99582908977385,1,0,1.0,0.0
AAPL,IMB,"{'k': 2, 'theta': 0.3}",2019-09-19,600,0.00013428827215756998,1,1,145.49687181726145,193.99582908977385,1,0,1.0,0.0
AAPL,IMB,"{'k': 2, 'theta': 0.3}",2019-09-19,700,0.00013428827215756998,1,1,145.49687181726145,193.99582908977385,1,0,1.0,0.0
AAPL,IMB,"{'k': 2, 'theta': 0.3}",2019-09-19,800,0.00013428827215756998,1,1,145.49687181726145,193.99582908977385,1,0,1.0,0.0
AAPL,IMB,"{'k': 2, 'theta': 0.3}",2019-09-19,900,0.00013428827215756998,1,1,145.49687181726145,193.99582908977385,1,0,1.0,0.0
AAPL,IMB,"{'k': 2, 'theta': 0.3}",2019-09-19,1000,0.00013428827215756998,1,1,145.49687181726145,193.99582908977385,1,0,1.0,0.0
AAPL,IMB,"{'k': 2, 'theta': 0.3}",2019-09-20,0,0.0010819095703916543,1,1,1163.9749745379538,1236.7234104466534,1,0,1.0,0.0
AAPL,IMB,"{'k': 2, 'theta': 0.3}",2019-09-20,10,0.0010819095703916543,1,1,1163.9749745379538,1260.9728890828408,1,0,1.0,0.0
AAPL,IMB,"{'k': 2, 'theta': 0.3}",2019-09-20,20,0.0010819095703916543,1,1,1163.9749745379538,1236.7234104466534,1,0,1.0,0.0
AAPL,IMB,"{'k': 2, 'theta': 0.3}",2019-09-20,50,0.0010819095703916543,1,1,1163.9749745379538,1260.9728890828408,1,0,1.0,0.0
AAPL,IMB,"{'k': 2, 'theta': 0.3}",2019-09-20,100,0.0010819095703916543,1,1,1163.9749745379538,1260.9728890828408,1,0,1.0,0.0
AAPL,IMB,"{'k': 2, 'theta': 0.3}",2019-09-20,200,0.0009917504395257578,1,1,1066.9770599932046,1188.224453174279,1,0,1.0,0.0
AAPL,IMB,"{'k': 2, 'theta': 0.3}",2019-09-20,300,0.0009917504395257578,1,1,1066.9770599932046,1188.224453174279,1,0,1.0,0.0
AAPL,IMB,"{'k': 2, 'theta': 0.3}",2019-09-20,400,0.0009917504395257578,1,1,1066.9770599932046,1188.224453174279,1,0,1.0,0.0
AAPL,IMB,"{'k': 2, 'theta': 0.3}",2019-09-20,500,0.0009917504395257578,1,1,1066.9770599932046,1188.224453174279,1,0,1.0,0.0
AAPL,IMB,"{'k': 2, 'theta': 0.3}",2019-09-20,600,0.001036830004958706,1,1,1115.4760172655792,1188.224453174279,1,0,1.0,0.0
AAPL,IMB,"{'k': 2, 'theta': 0.3}",2019-09-20,700,0.001036830004958706,1,1,1115.4760172655792,1188.224453174279,1,0,1.0,0.0
AAPL,IMB,"{'k': 2, 'theta': 0.3}",2019-09-20,800,0.001036830004958706,1,1,1115.4760172655792,1188.224453174279,1,0,1.0,0.0
AAPL,IMB,"{'k': 2, 'theta': 0.3}",2019-09-20,900,0.000991705733862238,1,1,1066.9770599932046,1139.7254959017666,1,0,1.0,0.0
AAPL,IMB,"{'k': 2, 'theta': 0.3}",2019-09-20,1000,0.0009014693951139846,1,1,969.9791454483178,1066.9770599930669,1,0,1.0,0.0
AAPL,IMB,"{'k': 2, 'theta': 0.3}",2019-09-23,0,-0.001821100599400262,7,1,-1939.9582908969112,-1309.4718463553531,6,1,13.0,1.0
AAPL,IMB,"{'k': 2, 'theta': 0.3}",2019-09-23,10,-0.001821100599400262,7,1,-1939.9582908969112,-1309.4718463553531,6,1,13.0,1.0
AAPL,IMB,"{'k': 2, 'theta': 0.3}",2019-09-23,20,-0.001821100599400262,7,1,-1939.9582908969112,-1309.4718463553531,6,1,13.0,1.0
AAPL,IMB,"{'k': 2, 'theta': 0.3}",2019-09-23,50,-0.0018666649134296024,7,1,-1988.4572481694238,-1357.9708036277277,6,1,13.0,1.0
AAPL,IMB,"{'k': 2, 'theta': 0.3}",2019-09-23,100,-0.0018666649134296024,7,1,-1988.4572481694238,-1382.2202822640527,6,1,13.0,1.0
AAPL,IMB,"{'k': 2, 'theta': 0.3}",2019-09-23,200,-0.0018211710778443656,7,1,-1939.9582908970492,-1333.721324991678,6,1,13.0,1.0
AAPL,IMB,"{'k': 2, 'theta': 0.3}",2019-09-23,300,-0.0018211710778443656,7,1,-1939.9582908970492,-1333.721324991678,6,1,13.0,1.0
AAPL,IMB,"{'k': 2, 'theta': 0.3}",2019-09-23,400,-0.0018211710778443656,7,1,-1939.9582908970492,-1309.471846355491,6,1,13.0,1.0
AAPL,IMB,"{'k': 2, 'theta': 0.3}",2019-09-23,500,-0.0018211710778443656,7,1,-1939.9582908970492,-1333.721324991678,6,1,13.0,1.0
AAPL,IMB,"{'k': 2, 'theta': 0.3}",2019-09-23,600,-0.0017755362853710513,7,1,-1891.4593336245368,-1285.2223677193037,6,1,13.0,1.0
AAPL,IMB,"{'k': 2, 'theta': 0.3}",2019-09-23,700,-0.001821100599400262,7,1,-1939.9582908969112,-1333.721324991678,6,1,13.0,1.0
AAPL,IMB,"{'k': 2, 'theta': 0.3}",2019-09-23,800,-0.0017756316012138887,7,1,-1891.4593336245368,-1309.471846355491,6,1,13.0,1.0
AAPL,IMB,"{'k': 2, 'theta': 0.3}",2019-09-23,900,-0.0018666649134296024,7,1,-1988.4572481694238,-1406.46976090024,6,1,13.0,1.0
AAPL,IMB,"{'k': 2, 'theta': 0.3}",2019-09-23,1000,-0.0017755860580700167,7,1,-1891.4593336245368,-1357.9708036278655,6,1,13.0,1.0
AAPL,IMB,"{'k': 2, 'theta': 0.3}",2019-09-24,0,0.0,0,0,0.0,0.0,0,0,0.0,0.0
AAPL,IMB,"{'k': 2, 'theta': 0.3}",2019-09-24,10,0.0,0,0,0.0,0.0,0,0,0.0,0.0
AAPL,IMB,"{'k': 2, 'theta': 0.3}",2019-09-24,20,0.0,0,0,0.0,0.0,0,0,0.0,0.0
AAPL,IMB,"{'k': 2, 'theta': 0.3}",2019-09-24,50,0.0,0,0,0.0,0.0,0,0,0.0,0.0
AAPL,IMB,"{'k': 2, 'theta': 0.3}",2019-09-24,100,0.0,0,0,0.0,0.0,0,0,0.0,0.0
AAPL,IMB,"{'k': 2, 'theta': 0.3}",2019-09-24,200,0.0,0,0,0.0,0.0,0,0,0.0,0.0
AAPL,IMB,"{'k': 2, 'theta': 0.3}",2019-09-24,300,0.0,0,0,0.0,0.0,0,0,0.0,0.0
AAPL,IMB,"{'k': 2, 'theta': 0.3}",2019-09-24,400,0.0,0,0,0.0,0.0,0,0,0.0,0.0
AAPL,IMB,"{'k': 2, 'theta': 0.3}",2019-09-24,500,0.0,0,0,0.0,0.0,0,0,0.0,0.0
AAPL,IMB,"{'k': 2, 'theta': 0.3}",2019-09-24,600,0.0,0,0,0.0,0.0,0,0,0.0,0.0
AAPL,IMB,"{'k': 2, 'theta': 0.3}",2019-09-24,700,0.0,0,0,0.0,0.0,0,0,0.0,0.0
AAPL,IMB,"{'k': 2, 'theta': 0.3}",2019-09-24,800,0.0,0,0,0.0,0.0,0,0,0.0,0.0
AAPL,IMB,"{'k': 2, 'theta': 0.3}",2019-09-24,900,0.0,0,0,0.0,0.0,0,0,0.0,0.0
AAPL,IMB,"{'k': 2, 'theta': 0.3}",2019-09-24,1000,0.0,0,0,0.0,0.0,0,0,0.0,0.0
AAPL,IMB,"{'k': 2, 'theta': 0.3}",2019-09-25,0,-0.0006347344888658436,5,2,-678.9854018140705,-242.49478636242407,5,0,7.0,0.0
AAPL,IMB,"{'k': 2, 'theta': 0.3}",2019-09-25,10,-0.0005893871280821536,5,2,-630.4864445415582,-218.2453077262368,5,0,7.0,0.0
AAPL,IMB,"{'k': 2, 'theta': 0.3}",2019-09-25,20,-0.0005439077785288073,5,2,-581.9874872691837,-193.9958290900495,5,0,7.0,0.0
AAPL,IMB,"{'k': 2, 'theta': 0.3}",2019-09-25,50,-0.0005440562191095501,5,2,-581.9874872690458,-121.24739318148771,5,0,7.0,0.0
AAPL,IMB,"{'k': 2, 'theta': 0.3}",2019-09-25,100,-0.0005440562191095501,5,2,-581.9874872690458,-169.74635045386225,5,0,7.0,0.0
AAPL,IMB,"{'k': 2, 'theta': 0.3}",2019-09-25,200,-0.0004986594532312245,5,2,-533.4885299965334,-96.9979145451626,5,0,7.0,0.0
AAPL,IMB,"{'k': 2, 'theta': 0.3}",2019-09-25,300,-0.0004986594532312245,5,2,-533.4885299965334,-96.9979145451626,5,0,7.0,0.0
AAPL,IMB,"{'k': 2, 'theta': 0.3}",2019-09-25,400,-0.00045332443261167745,5,2,-484.9895727241589,-96.9979145451626,5,0,7.0,0.0
AAPL,IMB,"{'k': 2, 'theta': 0.3}",2019-09-25,500,-0.0004078450830583312,5,2,-436.4906154517844,-72.74843590897534,5,0,7.0,0.0
AAPL,IMB,"{'k': 2, 'theta': 0.3}",2019-09-25,600,-0.0004078965322946084,5,2,-436.4906154517844,-72.74843590897534,5,0,7.0,0.0
AAPL,IMB,"{'k': 2, 'theta': 0.3}",2019-09-25,700,-0.0004533386400932609,5,2,-484.9895727241589,-96.99791454502476,5,0,7.0,0.0
AAPL,IMB,"{'k': 2, 'theta': 0.3}",2019-09-25,800,-0.0004533386400932609,5,2,-484.9895727241589,-72.7484359088375,5,0,7.0,0.0
AAPL,IMB,"{'k': 2, 'theta': 0.3}",2019-09-25,900,-0.000498859167716427,5,2,-533.4885299965334,-96.9979145451626,5,0,7.0,0.0
AAPL,IMB,"{'k': 2, 'theta': 0.3}",2019-09-25,1000,-0.0004080738143256821,5,2,-436.4906154517844,-24.249478636600795,5,0,7.0,0.0
AAPL,IMB,"{'k': 2, 'theta': 0.3}",2019-09-26,0,-0.0003635537580529445,2,0,-387.991658179272,-266.7442649981978,1,1,1.0,1.0
AAPL,IMB,"{'k': 2, 'theta': 0.3}",2019-09-26,10,-0.0003635537580529445,2,0,-387.991658179272,-266.7442649981978,1,1,1.0,1.0
AAPL,IMB,"{'k': 2, 'theta': 0.3}",2019-09-26,20,-0.0003635537580529445,2,0,-387.991658179272,-266.7442649981978,1,1,1.0,1.0
AAPL,IMB,"{'k': 2, 'theta': 0.3}",2019-09-26,50,-0.0003635537580529445,2,0,-387.991658179272,-266.7442649981978,1,1,1.0,1.0
AAPL,IMB,"{'k': 2, 'theta': 0.3}",2019-09-26,100,-0.0003635537580529445,2,0,-387.991658179272,-266.7442649981978,1,1,1.0,1.0
AAPL,IMB,"{'k': 2, 'theta': 0.3}",2019-09-26,200,-0.0003635537580529445,2,0,-387.991658179272,-266.7442649981978,1,1,1.0,1.0
AAPL,IMB,"{'k': 2, 'theta': 0.3}",2019-09-26,300,-0.0003635537580529445,2,0,-387.991658179272,-266.7442649981978,1,1,1.0,1.0
AAPL,IMB,"{'k': 2, 'theta': 0.3}",2019-09-26,400,-0.0003635537580529445,2,0,-387.991658179272,-266.7442649981978,1,1,1.0,1.0
AAPL,IMB,"{'k': 2, 'theta': 0.3}",2019-09-26,500,-0.00031809301622316293,2,0,-339.4927009068974,-242.49478636201053,1,1,1.0,1.0
AAPL,IMB,"{'k': 2, 'theta': 0.3}",2019-09-26,600,-0.0003635537580529445,2,0,-387.991658179272,-266.7442649981978,1,1,1.0,1.0
AAPL,IMB,"{'k': 2, 'theta': 0.3}",2019-09-26,700,-0.0002726364064368126,2,0,-290.9937436345229,-193.99582908949816,1,1,1.0,1.0
AAPL,IMB,"{'k': 2, 'theta': 0.3}",2019-09-26,800,-0.0002726364064368126,2,0,-290.9937436345229,-193.99582908949816,1,1,1.0,1.0
AAPL,IMB,"{'k': 2, 'theta': 0.3}",2019-09-26,900,-0.0002726364064368126,2,0,-290.9937436345229,-193.99582908949816,1,1,1.0,1.0
AAPL,IMB,"{'k': 2, 'theta': 0.3}",2019-09-26,1000,-0.0002726364064368126,2,0,-290.9937436345229,-193.99582908949816,1,1,1.0,1.0
AAPL,IMB,"{'k': 2, 'theta': 0.3}",2019-09-27,0,-0.0019230859581469402,3,1,-2036.9562054416604,-1745.9624618072753,3,0,3.0,0.0
AAPL,IMB,"{'k': 2, 'theta': 0.3}",2019-09-27,10,-0.001968704314783845,3,1,-2085.455162714035,-1770.2119404434625,3,0,3.0,0.0
AAPL,IMB,"{'k': 2, 'theta': 0.3}",2019-09-27,20,-0.001968704314783845,3,1,-2085.455162714035,-1770.2119404434625,3,0,3.0,0.0
AAPL,IMB,"{'k': 2, 'theta': 0.3}",2019-09-27,50,-0.0020145274993340293,3,1,-2133.9541199864093,-1794.4614190796499,3,0,3.0,0.0
AAPL,IMB,"{'k': 2, 'theta': 0.3}",2019-09-27,100,-0.0020145274993340293,3,1,-2133.9541199864093,-1818.710897715837,3,0,3.0,0.0
AAPL,IMB,"{'k': 2, 'theta': 0.3}",2019-09-27,200,-0.0021058706134399583,3,0,-2230.9520345312962,-1891.4593336243988,3,0,3.0,0.0
AAPL,IMB,"{'k': 2, 'theta': 0.3}",2019-09-27,300,-0.002060256418302343,3,1,-2182.453077258784,-1818.710897715837,3,0,3.0,0.0
AAPL,IMB,"{'k': 2, 'theta': 0.3}",2019-09-27,400,-0.0019689656058978064,3,1,-2085.455162713897,-1770.2119404433247,3,0,3.0,0.0
AAPL,IMB,"{'k': 2, 'theta': 0.3}",2019-09-27,500,-0.001923349330010611,3,1,-2036.9562054415226,-1721.71298317095,3,0,3.0,0.0
AAPL,IMB,"{'k': 2, 'theta': 0.3}",2019-09-27,600,-0.001923349330010611,3,1,-2036.9562054415226,-1745.9624618071375,3,0,3.0,0.0
AAPL,IMB,"{'k': 2, 'theta': 0.3}",2019-09-27,700,-0.0018316651044148367,3,1,-1939.9582908967734,-1673.2140258985758,3,0,3.0,0.0
AAPL,IMB,"{'k': 2, 'theta': 0.3}",2019-09-27,800,-0.0018316651044148367,3,1,-1939.9582908967734,-1697.463504534763,3,0,3.0,0.0
AAPL,IMB,"{'k': 2, 'theta': 0.3}",2019-09-27,900,-0.001923142421347622,3,1,-2036.9562054415226,-1770.2119404433247,3,0,3.0,0.0
AAPL,IMB,"{'k': 2, 'theta': 0.3}",2019-09-27,1000,-0.0018772813803020318,3,1,-1988.457248169148,-1770.2119404434625,3,0,3.0,0.0
AAPL,IMB,"{'k': 2, 'theta': 0.3}",2019-09-30,0,0.0002228205206178174,3,2,242.49478636228622,436.4906154517844,1,2,1.0,2.0
AAPL,IMB,"{'k': 2, 'theta': 0.3}",2019-09-30,10,0.0002228205206178174,3,2,242.49478636228622,436.4906154517844,1,2,1.0,2.0
AAPL,IMB,"{'k': 2, 'theta': 0.3}",2019-09-30,20,0.0002228205206178174,3,2,242.49478636228622,436.4906154517844,1,2,1.0,2.0
AAPL,IMB,"{'k': 2, 'theta': 0.3}",2019-09-30,50,0.0002228205206178174,3,2,242.49478636228622,436.4906154517844,1,2,1.0,2.0
AAPL,IMB,"{'k': 2, 'theta': 0.3}",2019-09-30,100,0.0002228205206178174,3,2,242.49478636228622,436.4906154517844,1,2,1.0,2.0
AAPL,IMB,"{'k': 2, 'theta': 0.3}",2019-09-30,200,0.0002228205206178174,3,2,242.49478636228622,436.4906154517844,1,2,1.0,2.0
AAPL,IMB,"{'k': 2, 'theta': 0.3}",2019-09-30,300,0.0002228205206178174,3,2,242.49478636228622,436.4906154517844,1,2,1.0,2.0
AAPL,IMB,"{'k': 2, 'theta': 0.3}",2019-09-30,400,0.0002228205206178174,3,2,242.49478636228622,436.4906154517844,1,2,1.0,2.0
AAPL,IMB,"{'k': 2, 'theta': 0.3}",2019-09-30,500,0.0002228205206178174,3,2,242.49478636228622,436.4906154517844,1,2,1.0,2.0
AAPL,IMB,"{'k': 2, 'theta': 0.3}",2019-09-30,600,0.0002228205206178174,3,2,242.49478636228622,484.9895727241589,1,2,1.0,2.0
AAPL,IMB,"{'k': 2, 'theta': 0.3}",2019-09-30,700,0.0002228205206178174,3,2,242.49478636228622,460.7400940879716,1,2,1.0,2.0
AAPL,IMB,"{'k': 2, 'theta': 0.3}",2019-09-30,800,0.0002228205206178174,3,2,242.49478636228622,460.7400940879716,1,2,1.0,2.0
AAPL,IMB,"{'k': 2, 'theta': 0.3}",2019-09-30,900,0.0002228205206178174,3,2,242.49478636228622,460.7400940879716,1,2,1.0,2.0
AAPL,IMB,"{'k': 2, 'theta': 0.3}",2019-09-30,1000,0.0002228205206178174,3,2,242.49478636228622,484.9895727241589,1,2,1.0,2.0
GPRO,MA,"{'s': 5, 'l': 30, 'b': 0.0005}",2019-09-03,0,0.008703698885843738,13,3,7905.138339920898,42160.73781291153,6,7,173.0,151.0
GPRO,MA,"{'s': 5, 'l': 30, 'b': 0.0005}",2019-09-03,10,0.008703698885843738,13,3,7905.138339920898,42160.73781291153,6,7,173.0,151.0
GPRO,MA,"{'s': 5, 'l': 30, 'b': 0.0005}",2019-09-03,20,0.008703698885843738,13,3,7905.138339920898,42160.73781291153,6,7,173.0,151.0
GPRO,MA,"{'s': 5, 'l': 30, 'b': 0.0005}",2019-09-03,50,0.008703698885843738,13,3,7905.138339920898,42160.73781291153,6,7,173.0,151.0
GPRO,MA,"{'s': 5, 'l': 30, 'b': 0.0005}",2019-09-03,100,0.008703698885843738,13,3,7905.138339920898,42160.73781291153,6,7,173.0,151.0
GPRO,MA,"{'s': 5, 'l': 30, 'b': 0.0005}",2019-09-03,200,0.008703698885843738,13,3,7905.138339920898,42160.73781291153,6,7,173.0,151.0
GPRO,MA,"{'s': 5, 'l': 30, 'b': 0.0005}",2019-09-03,300,0.008703698885843738,13,3,7905.138339920898,42160.73781291153,6,7,173.0,151.0
GPRO,MA,"{'s': 5, 'l': 30, 'b': 0.0005}",2019-09-03,400,0.008703698885843738,13,3,7905.138339920898,42160.73781291153,6,7,173.0,151.0
GPRO,MA,"{'s': 5, 'l': 30, 'b': 0.0005}",2019-09-03,500,0.008703698885843738,13,3,7905.138339920898,42160.73781291153,6,7,173.0,151.0
GPRO,MA,"{'s': 5, 'l': 30, 'b': 0.0005}",2019-09-03,600,0.008703698885843738,13,3,7905.138339920898,42160.73781291153,6,7,173.0,151.0
GPRO,MA,"{'s': 5, 'l': 30, 'b': 0.0005}",2019-09-03,700,0.008703698885843738,13,3,7905.138339920898,42160.73781291153,6,7,173.0,151.0
GPRO,MA,"{'s': 5, 'l': 30, 'b': 0.0005}",2019-09-03,800,0.008703698885843738,13,3,7905.138339920898,42160.73781291153,6,7,173.0,151.0
GPRO,MA,"{'s': 5, 'l': 30, 'b': 0.0005}",2019-09-03,900,0.008703698885843738,13,3,7905.138339920898,42160.73781291153,6,7,173.0,151.0
GPRO,MA,"{'s': 5, 'l': 30, 'b': 0.0005}",2019-09-03,1000,0.008703698885843738,13,3,7905.138339920898,42160.73781291153,6,7,173.0,151.0
GPRO,MA,"{'s': 5, 'l': 30, 'b': 0.0005}",2019-09-04,0,-0.051732300828583495,16,2,-52700.92226613959,-10540.184453227825,8,8,178.0,94.0
GPRO,MA,"{'s': 5, 'l': 30, 'b': 0.0005}",2019-09-04,10,-0.051732300828583495,16,2,-52700.92226613959,-10540.184453227825,8,8,178.0,94.0
GPRO,MA,"{'s': 5, 'l': 30, 'b': 0.0005}",2019-09-04,20,-0.051732300828583495,16,2,-52700.92226613959,-10540.184453227825,8,8,178.0,94.0
GPRO,MA,"{'s': 5, 'l': 30, 'b': 0.0005}",2019-09-04,50,-0.051732300828583495,16,2,-52700.92226613959,-10540.184453227825,8,8,178.0,94.0
GPRO,MA,"{'s': 5, 'l': 30, 'b': 0.0005}",2019-09-04,100,-0.051732300828583495,16,2,-52700.92226613959,-10540.184453227825,8,8,178.0,94.0
GPRO,MA,"{'s': 5, 'l': 30, 'b': 0.0005}",2019-09-04,200,-0.051732300828583495,16,2,-52700.92226613959,-10540.184453227825,8,8,178.0,94.0
GPRO,MA,"{'s': 5, 'l': 30, 'b': 0.0005}",2019-09-04,300,-0.051732300828583495,16,2,-52700.92226613959,-10540.184453227825,8,8,178.0,94.0
GPRO,MA,"{'s': 5, 'l': 30, 'b': 0.0005}",2019-09-04,400,-0.051732300828583495,16,2,-52700.92226613959,-10540.184453227825,8,8,178.0,94.0
GPRO,MA,"{'s': 5, 'l': 30, 'b': 0.0005}",2019-09-04,500,-0.051732300828583495,16,2,-52700.92226613959,-10540.184453227825,8,8,178.0,94.0
GPRO,MA,"{'s': 5, 'l': 30, 'b': 0.0005}",2019-09-04,600,-0.051732300828583495,16,2,-52700.92226613959,-10540.184453227825,8,8,178.0,94.0
GPRO,MA,"{'s': 5, 'l': 30, 'b': 0.0005}",2019-09-04,700,-0.051732300828583495,16,2,-52700.92226613959,-10540.184453227825,8,8,178.0,94.0
GPRO,MA,"{'s': 5, 'l': 30, 'b': 0.0005}",2019-09-04,800,-0.051732300828583495,16,2,-52700.92226613959,-10540.184453227825,8,8,178.0,94.0
GPRO,MA,"{'s': 5, 'l': 30, 'b': 0.0005}",2019-09-04,900,-0.051732300828583495,16,2,-52700.92226613959,-10540.184453227825,8,8,178.0,94.0
GPRO,MA,"{'s': 5, 'l': 30, 'b': 0.0005}",2019-09-04,1000,-0.051732300828583495,16,2,-52700.92226613959,-10540.184453227825,8,8,178.0,94.0
GPRO,MA,"{'s': 5, 'l': 30, 'b': 0.0005}",2019-09-05,0,-0.04178751512099074,15,1,-44795.78392621893,-5270.092226614088,9,6,204.0,81.0
GPRO,MA,"{'s': 5, 'l': 30, 'b': 0.0005}",2019-09-05,10,-0.04178751512099074,15,1,-44795.78392621893,-5270.092226614088,9,6,204.0,81.0
GPRO,MA,"{'s': 5, 'l': 30, 'b': 0.0005}",2019-09-05,20,-0.04178751512099074,15,1,-44795.78392621893,-5270.092226614088,9,6,204.0,81.0
GPRO,MA,"{'s': 5, 'l': 30, 'b': 0.0005}",2019-09-05,50,-0.04178751512099074,15,1,-44795.78392621893,-5270.092226614088,9,6,204.0,81.0
GPRO,MA,"{'s': 5, 'l': 30, 'b': 0.0005}",2019-09-05,100,-0.04178751512099074,15,1,-44795.78392621893,-5270.092226614088,9,6,204.0,81.0
GPRO,MA,"{'s': 5, 'l': 30, 'b': 0.0005}",2019-09-05,200,-0.04178751512099074,15,1,-44795.78392621893,-5270.092226614088,9,6,204.0,81.0
GPRO,MA,"{'s': 5, 'l': 30, 'b': 0.0005}",2019-09-05,300,-0.04178751512099074,15,1,-44795.78392621893,-5270.092226614088,9,6,204.0,81.0
GPRO,MA,"{'s': 5, 'l': 30, 'b': 0.0005}",2019-09-05,400,-0.04178751512099074,15,1,-44795.78392621893,-5270.092226614088,9,6,204.0,81.0
GPRO,MA,"{'s': 5, 'l': 30, 'b': 0.0005}",2019-09-05,500,-0.04178751512099074,15,1,-44795.78392621893,-5270.092226614088,9,6,204.0,81.0
GPRO,MA,"{'s': 5, 'l': 30, 'b': 0.0005}",2019-09-05,600,-0.04178751512099074,15,1,-44795.78392621893,-5270.092226614088,9,6,204.0,81.0
GPRO,MA,"{'s': 5, 'l': 30, 'b': 0.0005}",2019-09-05,700,-0.04178751512099074,15,1,-44795.78392621893,-5270.092226614088,9,6,204.0,81.0
GPRO,MA,"{'s': 5, 'l': 30, 'b': 0.0005}",2019-09-05,800,-0.04178751512099074,15,1,-44795.78392621893,-5270.092226614088,9,6,204.0,81.0
GPRO,MA,"{'s': 5, 'l': 30, 'b': 0.0005}",2019-09-05,900,-0.04178751512099074,15,1,-44795.78392621893,-5270.092226614088,9,6,204.0,81.0
GPRO,MA,"{'s': 5, 'l': 30, 'b': 0.0005}",2019-09-05,1000,-0.04178751512099074,15,1,-44795.78392621893,-5270.092226614088,9,6,204.0,81.0
GPRO,MA,"{'s': 5, 'l': 30, 'b': 0.0005}",2019-09-06,0,-0.02186882706369956,9,1,-23715.415019763044,-2.3403910927539533e-10,4,5,85.0,121.0
GPRO,MA,"{'s': 5, 'l': 30, 'b': 0.0005}",2019-09-06,10,-0.02186882706369956,9,1,-23715.415019763044,-2.3403910927539533e-10,4,5,85.0,121.0
GPRO,MA,"{'s': 5, 'l': 30, 'b': 0.0005}",2019-09-06,20,-0.02186882706369956,9,1,-23715.415019763044,-2.3403910927539533e-10,4,5,85.0,121.0
GPRO,MA,"{'s': 5, 'l': 30, 'b': 0.0005}",2019-09-06,50,-0.02186882706369956,9,1,-23715.415019763044,-2.3403910927539533e-10,4,5,85.0,121.0
GPRO,MA,"{'s': 5, 'l': 30, 'b': 0.0005}",2019-09-06,100,-0.02186882706369956,9,1,-23715.415019763044,-2.3403910927539533e-10,4,5,85.0,121.0
GPRO,MA,"{'s': 5, 'l': 30, 'b': 0.0005}",2019-09-06,200,-0.02186882706369956,9,1,-23715.415019763044,-2.3403910927539533e-10,4,5,85.0,121.0
GPRO,MA,"{'s': 5, 'l': 30, 'b': 0.0005}",2019-09-06,300,-0.02186882706369956,9,1,-23715.415019763044,-2.3403910927539533e-10,4,5,85.0,121.0
GPRO,MA,"{'s': 5, 'l': 30, 'b': 0.0005}",2019-09-06,400,-0.02186882706369956,9,1,-23715.415019763044,-2.3403910927539533e-10,4,5,85.0,121.0
GPRO,MA,"{'s': 5, 'l': 30, 'b': 0.0005}",2019-09-06,500,-0.02186882706369956,9,1,-23715.415019763044,-2.3403910927539533e-10,4,5,85.0,121.0
GPRO,MA,"{'s': 5, 'l': 30, 'b': 0.0005}",2019-09-06,600,-0.02186882706369956,9,1,-23715.415019763044,-2.3403910927539533e-10,4,5,85.0,121.0
GPRO,MA,"{'s': 5, 'l': 30, 'b': 0.0005}",2019-09-06,700,-0.02186882706369956,9,1,-23715.415019763044,-2.3403910927539533e-10,4,5,85.0,121.0
GPRO,MA,"{'s': 5, 'l': 30, 'b': 0.0005}",2019-09-06,800,-0.02186882706369956,9,1,-23715.415019763044,-2.3403910927539533e-10,4,5,85.0,121.0
GPRO,MA,"{'s': 5, 'l': 30, 'b': 0.0005}",2019-09-06,900,-0.02186882706369956,9,1,-23715.415019763044,-2.3403910927539533e-10,4,5,85.0,121.0
GPRO,MA,"{'s': 5, 'l': 30, 'b': 0.0005}",2019-09-06,1000,-0.02186882706369956,9,1,-23715.415019763044,-2.3403910927539533e-10,4,5,85.0,121.0
GPRO,MA,"{'s': 5, 'l': 30, 'b': 0.0005}",2019-09-09,0,-0.009596655109925158,11,3,-10540.184453227941,18445.322793148724,6,5,198.0,108.0
GPRO,MA,"{'s': 5, 'l': 30, 'b': 0.0005}",2019-09-09,10,-0.009596655109925158,11,3,-10540.184453227941,18445.322793148724,6,5,198.0,108.0
GPRO,MA,"{'s': 5, 'l': 30, 'b': 0.0005}",2019-09-09,20,-0.009596655109925158,11,3,-10540.184453227941,18445.322793148724,6,5,198.0,108.0
GPRO,MA,"{'s': 5, 'l': 30, 'b': 0.0005}",2019-09-09,50,-0.009596655109925158,11,3,-10540.184453227941,18445.322793148724,6,5,198.0,108.0
GPRO,MA,"{'s': 5, 'l': 30, 'b': 0.0005}",2019-09-09,100,-0.009596655109925158,11,3,-10540.184453227941,18445.322793148724,6,5,198.0,108.0
GPRO,MA,"{'s': 5, 'l': 30, 'b': 0.0005}",2019-09-09,200,-0.009596655109925158,11,3,-10540.184453227941,18445.322793148724,6,5,198.0,108.0
GPRO,MA,"{'s': 5, 'l': 30, 'b': 0.0005}",2019-09-09,300,-0.009596655109925158,11,3,-10540.184453227941,18445.322793148724,6,5,198.0,108.0
GPRO,MA,"{'s': 5, 'l': 30, 'b': 0.0005}",2019-09-09,400,-0.009596655109925158,11,3,-10540.184453227941,18445.322793148724,6,5,198.0,108.0
GPRO,MA,"{'s': 5, 'l': 30, 'b': 0.0005}",2019-09-09,500,-0.009596655109925158,11,3,-10540.184453227941,18445.322793148724,6,5,198.0,108.0
GPRO,MA,"{'s': 5, 'l': 30, 'b': 0.0005}",2019-09-09,600,-0.009596655109925158,11,3,-10540.184453227941,18445.322793148724,6,5,198.0,108.0
GPRO,MA,"{'s': 5, 'l': 30, 'b': 0.0005}",2019-09-09,700,-0.009596655109925158,11,3,-10540.184453227941,18445.322793148724,6,5,198.0,108.0
GPRO,MA,"{'s': 5, 'l': 30, 'b': 0.0005}",2019-09-09,800,-0.009596655109925158,11,3,-10540.184453227941,18445.322793148724,6,5,198.0,108.0
GPRO,MA,"{'s': 5, 'l': 30, 'b': 0.0005}",2019-09-09,900,-0.009596655109925158,11,3,-10540.184453227941,18445.322793148724,6,5,198.0,108.0
GPRO,MA,"{'s': 5, 'l': 30, 'b': 0.0005}",2019-09-09,1000,-0.009596655109925158,11,3,-10540.184453227941,18445.322793148724,6,5,198.0,108.0
GPRO,MA,"{'s': 5, 'l': 30, 'b': 0.0005}",2019-09-10,0,-0.03639928195662908,17,4,-44795.783926219396,9.361564371015813e-10,9,8,181.0,136.0
GPRO,MA,"{'s': 5, 'l': 30, 'b': 0.0005}",2019-09-10,10,-0.03639928195662908,17,4,-44795.783926219396,9.361564371015813e-10,9,8,181.0,136.0
GPRO,MA,"{'s': 5, 'l': 30, 'b': 0.0005}",2019-09-10,20,-0.03639928195662908,17,4,-44795.783926219396,9.361564371015813e-10,9,8,181.0,136.0
GPRO,MA,"{'s': 5, 'l': 30, 'b': 0.0005}",2019-09-10,50,-0.03639928195662908,17,4,-44795.783926219396,9.361564371015813e-10,9,8,181.0,136.0
GPRO,MA,"{'s': 5, 'l': 30, 'b': 0.0005}",2019-09-10,100,-0.03639928195662908,17,4,-44795.783926219396,9.361564371015813e-10,9,8,181.0,136.0
GPRO,MA,"{'s': 5, 'l': 30, 'b': 0.0005}",2019-09-10,200,-0.03639928195662908,17,4,-44795.783926219396,9.361564371015813e-10,9,8,181.0,136.0
GPRO,MA,"{'s': 5, 'l': 30, 'b': 0.0005}",2019-09-10,300,-0.03639928195662908,17,4,-44795.783926219396,9.361564371015813e-10,9,8,181.0,136.0
GPRO,MA,"{'s': 5, 'l': 30, 'b': 0.0005}",2019-09-10,400,-0.03639928195662908,17,4,-44795.783926219396,9.361564371015813e-10,9,8,181.0,136.0
GPRO,MA,"{'s': 5, 'l': 30, 'b': 0.0005}",2019-09-10,500,-0.03639928195662908,17,4,-44795.783926219396,9.361564371015813e-10,9,8,181.0,136.0
GPRO,MA,"{'s': 5, 'l': 30, 'b': 0.0005}",2019-09-10,600,-0.03639928195662908,17,4,-44795.783926219396,9.361564371015813e-10,9,8,181.0,136.0
GPRO,MA,"{'s': 5, 'l': 30, 'b': 0.0005}",2019-09-10,700,-0.03639928195662908,17,4,-44795.783926219396,9.361564371015813e-10,9,8,181.0,136.0
GPRO,MA,"{'s': 5, 'l': 30, 'b': 0.0005}",2019-09-10,800,-0.03639928195662908,17,4,-44795.783926219396,9.361564371015813e-10,9,8,181.0,136.0
GPRO,MA,"{'s': 5, 'l': 30, 'b': 0.0005}",2019-09-10,900,-0.03639928195662908,17,4,-44795.783926219396,9.361564371015813e-10,9,8,181.0,136.0
GPRO,MA,"{'s': 5, 'l': 30, 'b': 0.0005}",2019-09-10,1000,-0.03639928195662908,17,4,-44795.783926219396,9.361564371015813e-10,9,8,181.0,136.0
GPRO,MA,"{'s': 5, 'l': 30, 'b': 0.0005}",2019-09-11,0,0.012562025965910953,13,5,15810.276679841094,50065.876152833014,7,6,164.0,143.0
GPRO,MA,"{'s': 5, 'l': 30, 'b': 0.0005}",2019-09-11,10,0.012562025965910953,13,5,15810.276679841094,50065.876152833014,7,6,164.0,143.0
GPRO,MA,"{'s': 5, 'l': 30, 'b': 0.0005}",2019-09-11,20,0.012562025965910953,13,5,15810.276679841094,50065.876152833014,7,6,164.0,143.0
GPRO,MA,"{'s': 5, 'l': 30, 'b': 0.0005}",2019-09-11,50,0.012562025965910953,13,5,15810.276679841094,50065.876152833014,7,6,164.0,143.0
GPRO,MA,"{'s': 5, 'l': 30, 'b': 0.0005}",2019-09-11,100,0.012562025965910953,13,5,15810.276679841094,50065.876152833014,7,6,164.0,143.0
GPRO,MA,"{'s': 5, 'l': 30, 'b': 0.0005}",2019-09-11,200,0.012562025965910953,13,5,15810.276679841094,50065.876152833014,7,6,164.0,143.0
GPRO,MA,"{'s': 5, 'l': 30, 'b': 0.0005}",2019-09-11,300,0.012562025965910953,13,5,15810.276679841094,50065.876152833014,7,6,164.0,143.0
GPRO,MA,"{'s': 5, 'l': 30, 'b': 0.0005}",2019-09-11,400,0.012562025965910953,13,5,15810.276679841094,50065.876152833014,7,6,164.0,143.0
GPRO,MA,"{'s': 5, 'l': 30, 'b': 0.0005}",2019-09-11,500,0.012562025965910953,13,5,15810.276679841094,50065.876152833014,7,6,164.0,143.0
GPRO,MA,"{'s': 5, 'l': 30, 'b': 0.0005}",2019-09-11,600,0.012562025965910953,13,5,15810.276679841094,50065.876152833014,7,6,164.0,143.0
GPRO,MA,"{'s': 5, 'l': 30, 'b': 0.0005}",2019-09-11,700,0.012562025965910953,13,5,15810.276679841094,50065.876152833014,7,6,164.0,143.0
GPRO,MA,"{'s': 5, 'l': 30, 'b': 0.0005}",2019-09-11,800,0.012562025965910953,13,5,15810.276679841094,50065.876152833014,7,6,164.0,143.0
GPRO,MA,"{'s': 5, 'l': 30, 'b': 0.0005}",2019-09-11,900,0.012562025965910953,13,5,15810.276679841094,50065.876152833014,7,6,164.0,143.0
GPRO,MA,"{'s': 5, 'l': 30, 'b': 0.0005}",2019-09-11,1000,0.012562025965910953,13,5,15810.276679841094,50065.876152833014,7,6,164.0,143.0
GPRO,MA,"{'s': 5, 'l': 30, 'b': 0.0005}",2019-09-12,0,0.004193783598380427,16,5,5270.0922266136195,47430.830039525856,8,8,142.0,176.0
GPRO,MA,"{'s': 5, 'l': 30, 'b': 0.0005}",2019-09-12,10,0.004193783598380427,16,5,5270.0922266136195,47430.830039525856,8,8,142.0,176.0
GPRO,MA,"{'s': 5, 'l': 30, 'b': 0.0005}",2019-09-12,20,0.004193783598380427,16,5,5270.0922266136195,47430.830039525856,8,8,142.0,176.0
GPRO,MA,"{'s': 5, 'l': 30, 'b': 0.0005}",2019-09-12,50,0.004193783598380427,16,5,5270.0922266136195,47430.830039525856,8,8,142.0,176.0
GPRO,MA,"{'s': 5, 'l': 30, 'b': 0.0005}",2019-09-12,100,0.004193783598380427,16,5,5270.0922266136195,47430.830039525856,8,8,142.0,176.0
GPRO,MA,"{'s': 5, 'l': 30, 'b': 0.0005}",2019-09-12,200,0.004193783598380427,16,5,5270.0922266136195,47430.830039525856,8,8,142.0,176.0
GPRO,MA,"{'s': 5, 'l': 30, 'b': 0.0005}",2019-09-12,300,0.004193783598380427,16,5,5270.0922266136195,47430.830039525856,8,8,142.0,176.0
GPRO,MA,"{'s': 5, 'l': 30, 'b': 0.0005}",2019-09-12,400,0.004193783598380427,16,5,5270.0922266136195,47430.830039525856,8,8,142.0,176.0
GPRO,MA,"{'s': 5, 'l': 30, 'b': 0.0005}",2019-09-12,500,0.004193783598380427,16,5,5270.0922266136195,47430.830039525856,8,8,142.0,176.0
GPRO,MA,"{'s': 5, 'l': 30, 'b': 0.0005}",2019-09-12,600,0.004193783598380427,16,5,5270.0922266136195,47430.830039525856,8,8,142.0,176.0
GPRO,MA,"{'s': 5, 'l': 30, 'b': 0.0005}",2019-09-12,700,0.004193783598380427,16,5,5270.0922266136195,47430.830039525856,8,8,142.0,176.0
GPRO,MA,"{'s': 5, 'l': 30, 'b': 0.0005}",2019-09-12,800,0.004193783598380427,16,5,5270.0922266136195,47430.830039525856,8,8,142.0,176.0
GPRO,MA,"{'s': 5, 'l': 30, 'b': 0.0005}",2019-09-12,900,0.004193783598380427,16,5,5270.0922266136195,47430.830039525856,8,8,142.0,176.0
GPRO,MA,"{'s': 5, 'l': 30, 'b': 0.0005}",2019-09-12,1000,0.004193783598380427,16,5,5270.0922266136195,47430.830039525856,8,8,142.0,176.0
GPRO,MA,"{'s': 5, 'l': 30, 'b': 0.0005}",2019-09-13,0,-0.02603479349865939,15,3,-31620.553359684527,7905.138339920312,7,8,147.0,143.0
GPRO,MA,"{'s': 5, 'l': 30, 'b': 0.0005}",2019-09-13,10,-0.02603479349865939,15,3,-31620.553359684527,7905.138339920312,7,8,147.0,143.0
GPRO,MA,"{'s': 5, 'l': 30, 'b': 0.0005}",2019-09-13,20,-0.02603479349865939,15,3,-31620.553359684527,7905.138339920312,7,8,147.0,143.0
GPRO,MA,"{'s': 5, 'l': 30, 'b': 0.0005}",2019-09-13,50,-0.02603479349865939,15,3,-31620.553359684527,7905.138339920312,7,8,147.0,143.0
GPRO,MA,"{'s': 5, 'l': 30, 'b': 0.0005}",2019-09-13,100,-0.02603479349865939,15,3,-31620.553359684527,7905.138339920312,7,8,147.0,143.0
GPRO,MA,"{'s': 5, 'l': 30, 'b': 0.0005}",2019-09-13,200,-0.02603479349865939,15,3,-31620.553359684527,7905.138339920312,7,8,147.0,143.0
GPRO,MA,"{'s': 5, 'l': 30, 'b': 0.0005}",2019-09-13,300,-0.02603479349865939,15,3,-31620.553359684527,7905.138339920312,7,8,147.0,143.0
GPRO,MA,"{'s': 5, 'l': 30, 'b': 0.0005}",2019-09-13,400,-0.02603479349865939,15,3,-31620.553359684527,7905.138339920312,7,8,147.0,143.0
GPRO,MA,"{'s': 5, 'l': 30, 'b': 0.0005}",2019-09-13,500,-0.02603479349865939,15,3,-31620.553359684527,7905.138339920312,7,8,147.0,143.0
GPRO,MA,"{'s': 5, 'l': 30, 'b': 0.0005}",2019-09-13,600,-0.02603479349865939,15,3,-31620.553359684527,7905.138339920312,7,8,147.0,143.0
GPRO,MA,"{'s': 5, 'l': 30, 'b': 0.0005}",2019-09-13,700,-0.02603479349865939,15,3,-31620.553359684527,7905.138339920312,7,8,147.0,143.0
GPRO,MA,"{'s': 5, 'l': 30, 'b': 0.0005}",2019-09-13,800,-0.02603479349865939,15,3,-31620.553359684527,7905.138339920312,7,8,147.0,143.0
GPRO,MA,"{'s': 5, 'l': 30, 'b': 0.0005}",2019-09-13,900,-0.02603479349865939,15,3,-31620.553359684527,7905.138339920312,7,8,147.0,143.0
GPRO,MA,"{'s': 5, 'l': 30, 'b': 0.0005}",2019-09-13,1000,-0.02603479349865939,15,3,-31620.553359684527,7905.138339920312,7,8,147.0,143.0
GPRO,MA,"{'s': 5, 'l': 30, 'b': 0.0005}",2019-09-16,0,-0.01097296521564815,14,4,-13175.230566534401,23715.415019763277,7,7,143.0,146.0
GPRO,MA,"{'s': 5, 'l': 30, 'b': 0.0005}",2019-09-16,10,-0.01097296521564815,14,4,-13175.230566534401,23715.415019763277,7,7,143.0,146.0
GPRO,MA,"{'s': 5, 'l': 30, 'b': 0.0005}",2019-09-16,20,-0.01097296521564815,14,4,-13175.230566534401,23715.415019763277,7,7,143.0,146.0
GPRO,MA,"{'s': 5, 'l': 30, 'b': 0.0005}",2019-09-16,50,-0.01097296521564815,14,4,-13175.230566534401,23715.415019763277,7,7,143.0,146.0
GPRO,MA,"{'s': 5, 'l': 30, 'b': 0.0005}",2019-09-16,100,-0.01097296521564815,14,4,-13175.230566534401,23715.415019763277,7,7,143.0,146.0
GPRO,MA,"{'s': 5, 'l': 30, 'b': 0.0005}",2019-09-16,200,-0.01097296521564815,14,4,-13175.230566534401,23715.415019763277,7,7,143.0,146.0
GPRO,MA,"{'s': 5, 'l': 30, 'b': 0.0005}",2019-09-16,300,-0.01097296521564815,14,4,-13175.230566534401,23715.415019763277,7,7,143.0,146.0
GPRO,MA,"{'s': 5, 'l': 30, 'b': 0.0005}",2019-09-16,400,-0.01097296521564815,14,4,-13175.230566534401,23715.415019763277,7,7,143.0,146.0
GPRO,MA,"{'s': 5, 'l': 30, 'b': 0.0005}",2019-09-16,500,-0.01097296521564815,14,4,-13175.230566534401,23715.415019763277,7,7,143.0,146.0
GPRO,MA,"{'s': 5, 'l': 30, 'b': 0.0005}",2019-09-16,600,-0.01097296521564815,14,4,-13175.230566534401,23715.415019763277,7,7,143.0,146.0
GPRO,MA,"{'s': 5, 'l': 30, 'b': 0.0005}",2019-09-16,700,-0.01097296521564815,14,4,-13175.230566534401,23715.415019763277,7,7,143.0,146.0
GPRO,MA,"{'s': 5, 'l': 30, 'b': 0.0005}",2019-09-16,800,-0.01097296521564815,14,4,-13175.230566534401,23715.415019763277,7,7,143.0,146.0
GPRO,MA,"{'s': 5, 'l': 30, 'b': 0.0005}",2019-09-16,900,-0.01097296521564815,14,4,-13175.230566534401,23715.415019763277,7,7,143.0,146.0
GPRO,MA,"{'s': 5, 'l': 30, 'b': 0.0005}",2019-09-16,1000,-0.01097296521564815,14,4,-13175.230566534401,23715.415019763277,7,7,143.0,146.0
GPRO,MA,"{'s': 5, 'l': 30, 'b': 0.0005}",2019-09-17,0,-0.05516026998316971,15,1,-65876.15283267458,-26350.46113306997,9,6,161.0,96.0
GPRO,MA,"{'s': 5, 'l': 30, 'b': 0.0005}",2019-09-17,10,-0.05516026998316971,15,1,-65876.15283267458,-26350.46113306997,9,6,161.0,96.0
GPRO,MA,"{'s': 5, 'l': 30, 'b': 0.0005}",2019-09-17,20,-0.05516026998316971,15,1,-65876.15283267458,-26350.46113306997,9,6,161.0,96.0
GPRO,MA,"{'s': 5, 'l': 30, 'b': 0.0005}",2019-09-17,50,-0.05516026998316971,15,1,-65876.15283267458,-26350.46113306997,9,6,161.0,96.0
GPRO,MA,"{'s': 5, 'l': 30, 'b': 0.0005}",2019-09-17,100,-0.05516026998316971,15,1,-65876.15283267458,-26350.46113306997,9,6,161.0,96.0
GPRO,MA,"{'s': 5, 'l': 30, 'b': 0.0005}",2019-09-17,200,-0.05516026998316971,15,1,-65876.15283267458,-26350.46113306997,9,6,161.0,96.0
GPRO,MA,"{'s': 5, 'l': 30, 'b': 0.0005}",2019-09-17,300,-0.05516026998316971,15,1,-65876.15283267458,-26350.46113306997,9,6,161.0,96.0
GPRO,MA,"{'s': 5, 'l': 30, 'b': 0.0005}",2019-09-17,400,-0.052957648043705716,15,1,-63241.10671936765,-23715.415019763044,9,6,161.0,96.0
GPRO,MA,"{'s': 5, 'l': 30, 'b': 0.0005}",2019-09-17,500,-0.052957648043705716,15,1,-63241.10671936765,-23715.415019763044,9,6,161.0,96.0
GPRO,MA,"{'s': 5, 'l': 30, 'b': 0.0005}",2019-09-17,600,-0.052957648043705716,15,1,-63241.10671936765,-23715.415019763044,9,6,161.0,96.0
GPRO,MA,"{'s': 5, 'l': 30, 'b': 0.0005}",2019-09-17,700,-0.052957648043705716,15,1,-63241.10671936765,-23715.415019763044,9,6,161.0,96.0
GPRO,MA,"{'s': 5, 'l': 30, 'b': 0.0005}",2019-09-17,800,-0.052957648043705716,15,1,-63241.10671936765,-23715.415019763044,9,6,161.0,96.0
GPRO,MA,"{'s': 5, 'l': 30, 'b': 0.0005}",2019-09-17,900,-0.052957648043705716,15,1,-63241.10671936765,-23715.415019763044,9,6,161.0,96.0
GPRO,MA,"{'s': 5, 'l': 30, 'b': 0.0005}",2019-09-17,1000,-0.052957648043705716,15,1,-63241.10671936765,-23715.415019763044,9,6,161.0,96.0
GPRO,MA,"{'s': 5, 'l': 30, 'b': 0.0005}",2019-09-18,0,-0.06891524393022024,18,1,-81686.42951251566,-34255.599472990754,11,7,116.0,128.0
GPRO,MA,"{'s': 5, 'l': 30, 'b': 0.0005}",2019-09-18,10,-0.06891524393022024,18,1,-81686.42951251566,-34255.599472990754,11,7,116.0,128.0
GPRO,MA,"{'s': 5, 'l': 30, 'b': 0.0005}",2019-09-18,20,-0.06891524393022024,18,1,-81686.42951251566,-34255.599472990754,11,7,116.0,128.0
GPRO,MA,"{'s': 5, 'l': 30, 'b': 0.0005}",2019-09-18,50,-0.06891524393022024,18,1,-81686.42951251566,-34255.599472990754,11,7,116.0,128.0
GPRO,MA,"{'s': 5, 'l': 30, 'b': 0.0005}",2019-09-18,100,-0.06891524393022024,18,1,-81686.42951251566,-34255.599472990754,11,7,116.0,128.0
GPRO,MA,"{'s': 5, 'l': 30, 'b': 0.0005}",2019-09-18,200,-0.06891524393022024,18,1,-81686.42951251566,-34255.599472990754,11,7,116.0,128.0
GPRO,MA,"{'s': 5, 'l': 30, 'b': 0.0005}",2019-09-18,300,-0.06891524393022024,18,1,-81686.42951251566,-34255.599472990754,11,7,116.0,128.0
GPRO,MA,"{'s': 5, 'l': 30, 'b': 0.0005}",2019-09-18,400,-0.06891524393022024,18,1,-81686.42951251566,-34255.599472990754,11,7,116.0,128.0
GPRO,MA,"{'s': 5, 'l': 30, 'b': 0.0005}",2019-09-18,500,-0.06891524393022024,18,1,-81686.42951251566,-34255.599472990754,11,7,116.0,128.0
GPRO,MA,"{'s': 5, 'l': 30, 'b': 0.0005}",2019-09-18,600,-0.06891524393022024,18,1,-81686.42951251566,-34255.599472990754,11,7,116.0,128.0
GPRO,MA,"{'s': 5, 'l': 30, 'b': 0.0005}",2019-09-18,700,-0.06891524393022024,18,1,-81686.42951251566,-34255.599472990754,11,7,116.0,128.0
GPRO,MA,"{'s': 5, 'l': 30, 'b': 0.0005}",2019-09-18,800,-0.06891524393022024,18,1,-81686.42951251566,-34255.599472990754,11,7,116.0,128.0
GPRO,MA,"{'s': 5, 'l': 30, 'b': 0.0005}",2019-09-18,900,-0.06891524393022024,18,1,-81686.42951251566,-34255.599472990754,11,7,116.0,128.0
GPRO,MA,"{'s': 5, 'l': 30, 'b': 0.0005}",2019-09-18,1000,-0.06891524393022024,18,1,-81686.42951251566,-34255.599472990754,11,7,116.0,128.0
GPRO,MA,"{'s': 5, 'l': 30, 'b': 0.0005}",2019-09-19,0,-7.212876653750824e-05,11,3,-2.3403910927539533e-10,28985.50724637643,5,6,132.0,171.0
GPRO,MA,"{'s': 5, 'l': 30, 'b': 0.0005}",2019-09-19,10,-7.212876653750824e-05,11,3,-2.3403910927539533e-10,28985.50724637643,5,6,132.0,171.0
GPRO,MA,"{'s': 5, 'l': 30, 'b': 0.0005}",2019-09-19,20,-7.212876653750824e-05,11,3,-2.3403910927539533e-10,28985.50724637643,5,6,132.0,171.0
GPRO,MA,"{'s': 5, 'l': 30, 'b': 0.0005}",2019-09-19,50,-7.212876653750824e-05,11,3,-2.3403910927539533e-10,28985.50724637643,5,6,132.0,171.0
GPRO,MA,"{'s': 5, 'l': 30, 'b': 0.0005}",2019-09-19,100,-7.212876653750824e-05,11,3,-2.3403910927539533e-10,28985.50724637643,5,6,132.0,171.0
GPRO,MA,"{'s': 5, 'l': 30, 'b': 0.0005}",2019-09-19,200,-7.212876653750824e-05,11,3,-2.3403910927539533e-10,28985.50724637643,5,6,132.0,171.0
GPRO,MA,"{'s': 5, 'l': 30, 'b': 0.0005}",2019-09-19,300,-7.212876653750824e-05,11,3,-2.3403910927539533e-10,28985.50724637643,5,6,132.0,171.0
GPRO,MA,"{'s': 5, 'l': 30, 'b': 0.0005}",2019-09-19,400,-7.212876653750824e-05,11,3,-2.3403910927539533e-10,28985.50724637643,5,6,132.0,171.0
GPRO,MA,"{'s': 5, 'l': 30, 'b': 0.0005}",2019-09-19,500,-7.212876653750824e-05,11,3,-2.3403910927539533e-10,28985.50724637643,5,6,132.0,171.0
GPRO,MA,"{'s': 5, 'l': 30, 'b': 0.0005}",2019-09-19,600,-7.212876653750824e-05,11,3,-2.3403910927539533e-10,28985.50724637643,5,6,132.0,171.0
GPRO,MA,"{'s': 5, 'l': 30, 'b': 0.0005}",2019-09-19,700,-7.212876653750824e-05,11,3,-2.3403910927539533e-10,28985.50724637643,5,6,132.0,171.0
GPRO,MA,"{'s': 5, 'l': 30, 'b': 0.0005}",2019-09-19,800,-7.212876653750824e-05,11,3,-2.3403910927539533e-10,28985.50724637643,5,6,132.0,171.0
GPRO,MA,"{'s': 5, 'l': 30, 'b': 0.0005}",2019-09-19,900,-7.212876653750824e-05,11,3,-2.3403910927539533e-10,28985.50724637643,5,6,132.0,171.0
GPRO,MA,"{'s': 5, 'l': 30, 'b': 0.0005}",2019-09-19,1000,-7.212876653750824e-05,11,3,-2.3403910927539533e-10,28985.50724637643,5,6,132.0,171.0
GPRO,MA,"{'s': 5, 'l': 30, 'b': 0.0005}",2019-09-20,0,-0.06293620204855147,18,2,-76416.33728590205,-27667.9841897232,10,8,159.0,88.0
GPRO,MA,"{'s': 5, 'l': 30, 'b': 0.0005}",2019-09-20,10,-0.06293620204855147,18,2,-76416.33728590205,-27667.9841897232,10,8,159.0,88.0
GPRO,MA,"{'s': 5, 'l': 30, 'b': 0.0005}",2019-09-20,20,-0.06293620204855147,18,2,-76416.33728590205,-27667.9841897232,10,8,159.0,88.0
GPRO,MA,"{'s': 5, 'l': 30, 'b': 0.0005}",2019-09-20,50,-0.06293620204855147,18,2,-76416.33728590205,-27667.9841897232,10,8,159.0,88.0
GPRO,MA,"{'s': 5, 'l': 30, 'b': 0.0005}",2019-09-20,100,-0.06293620204855147,18,2,-76416.33728590205,-27667.9841897232,10,8,159.0,88.0
GPRO,MA,"{'s': 5, 'l': 30, 'b': 0.0005}",2019-09-20,200,-0.06293620204855147,18,2,-76416.33728590205,-27667.9841897232,10,8,159.0,88.0
GPRO,MA,"{'s': 5, 'l': 30, 'b': 0.0005}",2019-09-20,300,-0.06293620204855147,18,2,-76416.33728590205,-27667.9841897232,10,8,159.0,88.0
GPRO,MA,"{'s': 5, 'l': 30, 'b': 0.0005}",2019-09-20,400,-0.06293620204855147,18,2,-76416.33728590205,-27667.9841897232,10,8,159.0,88.0
GPRO,MA,"{'s': 5, 'l': 30, 'b': 0.0005}",2019-09-20,500,-0.06293620204855147,18,2,-76416.33728590205,-27667.9841897232,10,8,159.0,88.0
GPRO,MA,"{'s': 5, 'l': 30, 'b': 0.0005}",2019-09-20,600,-0.06293620204855147,18,2,-76416.33728590205,-27667.9841897232,10,8,159.0,88.0
GPRO,MA,"{'s': 5, 'l': 30, 'b': 0.0005}",2019-09-20,700,-0.060785684434788205,18,2,-73781.29117259513,-26350.461133069737,10,8,159.0,88.0
GPRO,MA,"{'s': 5, 'l': 30, 'b': 0.0005}",2019-09-20,800,-0.060785684434788205,18,2,-73781.29117259513,-26350.461133069737,10,8,159.0,88.0
GPRO,MA,"{'s': 5, 'l': 30, 'b': 0.0005}",2019-09-20,900,-0.060785684434788205,18,2,-73781.29117259513,-26350.461133069737,10,8,159.0,88.0
GPRO,MA,"{'s': 5, 'l': 30, 'b': 0.0005}",2019-09-20,1000,-0.060785684434788205,18,2,-73781.29117259513,-26350.461133069737,10,8,159.0,88.0
GPRO,MA,"{'s': 5, 'l': 30, 'b': 0.0005}",2019-09-23,0,-0.02123017621135584,12,4,-26350.461133069737,5270.092226613386,6,6,162.0,114.0
GPRO,MA,"{'s': 5, 'l': 30, 'b': 0.0005}",2019-09-23,10,-0.02123017621135584,12,4,-26350.461133069737,5270.092226613386,6,6,162.0,114.0
GPRO,MA,"{'s': 5, 'l': 30, 'b': 0.0005}",2019-09-23,20,-0.02123017621135584,12,4,-26350.461133069737,5270.092226613386,6,6,162.0,114.0
GPRO,MA,"{'s': 5, 'l': 30, 'b': 0.0005}",2019-09-23,50,-0.02123017621135584,12,4,-26350.461133069737,5270.092226613386,6,6,162.0,114.0
GPRO,MA,"{'s': 5, 'l': 30, 'b': 0.0005}",2019-09-23,100,-0.02123017621135584,12,4,-26350.461133069737,5270.092226613386,6,6,162.0,114.0
GPRO,MA,"{'s': 5, 'l': 30, 'b': 0.0005}",2019-09-23,200,-0.02123017621135584,12,4,-26350.461133069737,5270.092226613386,6,6,162.0,114.0
GPRO,MA,"{'s': 5, 'l': 30, 'b': 0.0005}",2019-09-23,300,-0.02123017621135584,12,4,-26350.461133069737,5270.092226613386,6,6,162.0,114.0
GPRO,MA,"{'s': 5, 'l': 30, 'b': 0.0005}",2019-09-23,400,-0.02123017621135584,12,4,-26350.461133069737,5270.092226613386,6,6,162.0,114.0
GPRO,MA,"{'s': 5, 'l': 30, 'b': 0.0005}",2019-09-23,500,-0.02123017621135584,12,4,-26350.461133069737,5270.092226613386,6,6,162.0,114.0
GPRO,MA,"{'s': 5, 'l': 30, 'b': 0.0005}",2019-09-23,600,-0.02123017621135584,12,4,-26350.461133069737,5270.092226613386,6,6,162.0,114.0
GPRO,MA,"{'s': 5, 'l': 30, 'b': 0.0005}",2019-09-23,700,-0.02123017621135584,12,4,-26350.461133069737,5270.092226613386,6,6,162.0,114.0
GPRO,MA,"{'s': 5, 'l': 30, 'b': 0.0005}",2019-09-23,800,-0.02123017621135584,12,4,-26350.461133069737,5270.092226613386,6,6,162.0,114.0
GPRO,MA,"{'s': 5, 'l': 30, 'b': 0.0005}",2019-09-23,900,-0.02123017621135584,12,4,-26350.461133069737,5270.092226613386,6,6,162.0,114.0
GPRO,MA,"{'s': 5, 'l': 30, 'b': 0.0005}",2019-09-23,1000,-0.02123017621135584,12,4,-26350.461133069737,5270.092226613386,6,6,162.0,114.0
GPRO,MA,"{'s': 5, 'l': 30, 'b': 0.0005}",2019-09-24,0,-0.035518785800464636,17,2,-42160.73781291083,3952.5691699603904,8,9,112.0,210.0
GPRO,MA,"{'s': 5, 'l': 30, 'b': 0.0005}",2019-09-24,10,-0.035518785800464636,17,2,-42160.73781291083,3952.5691699603904,8,9,112.0,210.0
GPRO,MA,"{'s': 5, 'l': 30, 'b': 0.0005}",2019-09-24,20,-0.035518785800464636,17,2,-42160.73781291083,3952.5691699603904,8,9,112.0,210.0
GPRO,MA,"{'s': 5, 'l': 30, 'b': 0.0005}",2019-09-24,50,-0.035518785800464636,17,2,-42160.73781291083,3952.5691699603904,8,9,112.0,210.0
GPRO,MA,"{'s': 5, 'l': 30, 'b': 0.0005}",2019-09-24,100,-0.03329656357824246,17,2,-39525.6916996039,5270.092226613854,8,9,112.0,210.0
GPRO,MA,"{'s': 5, 'l': 30, 'b': 0.0005}",2019-09-24,200,-0.03329656357824246,17,2,-39525.6916996039,5270.092226613854,8,9,112.0,210.0
GPRO,MA,"{'s': 5, 'l': 30, 'b': 0.0005}",2019-09-24,300,-0.03329656357824246,17,2,-39525.6916996039,5270.092226613854,8,9,112.0,210.0
GPRO,MA,"{'s': 5, 'l': 30, 'b': 0.0005}",2019-09-24,400,-0.03329656357824246,17,2,-39525.6916996039,5270.092226613854,8,9,112.0,210.0
GPRO,MA,"{'s': 5, 'l': 30, 'b': 0.0005}",2019-09-24,500,-0.03329656357824246,17,2,-39525.6916996039,5270.092226613854,8,9,112.0,210.0
GPRO,MA,"{'s': 5, 'l': 30, 'b': 0.0005}",2019-09-24,600,-0.03329656357824246,17,2,-39525.6916996039,5270.092226613854,8,9,112.0,210.0
GPRO,MA,"{'s': 5, 'l': 30, 'b': 0.0005}",2019-09-24,700,-0.03329656357824246,17,2,-39525.6916996039,5270.092226613854,8,9,112.0,210.0
GPRO,MA,"{'s': 5, 'l': 30, 'b': 0.0005}",2019-09-24,800,-0.03329656357824246,17,2,-39525.6916996039,5270.092226613854,8,9,112.0,210.0
GPRO,MA,"{'s': 5, 'l': 30, 'b': 0.0005}",2019-09-24,900,-0.03329656357824246,17,2,-39525.6916996039,5270.092226613854,8,9,112.0,210.0
GPRO,MA,"{'s': 5, 'l': 30, 'b': 0.0005}",2019-09-24,1000,-0.03329656357824246,17,2,-39525.6916996039,5270.092226613854,8,9,112.0,210.0
GPRO,MA,"{'s': 5, 'l': 30, 'b': 0.0005}",2019-09-25,0,-0.02177600298406797,12,2,-26350.461133069737,5270.092226613854,5,7,161.0,106.0
GPRO,MA,"{'s': 5, 'l': 30, 'b': 0.0005}",2019-09-25,10,-0.02177600298406797,12,2,-26350.461133069737,5270.092226613854,5,7,161.0,106.0
GPRO,MA,"{'s': 5, 'l': 30, 'b': 0.0005}",2019-09-25,20,-0.02177600298406797,12,2,-26350.461133069737,5270.092226613854,5,7,161.0,106.0
GPRO,MA,"{'s': 5, 'l': 30, 'b': 0.0005}",2019-09-25,50,-0.02177600298406797,12,2,-26350.461133069737,5270.092226613854,5,7,161.0,106.0
GPRO,MA,"{'s': 5, 'l': 30, 'b': 0.0005}",2019-09-25,100,-0.023993297884289652,12,2,-28985.507246376663,2635.046113306927,5,7,161.0,106.0
GPRO,MA,"{'s': 5, 'l': 30, 'b': 0.0005}",2019-09-25,200,-0.023993297884289652,12,2,-28985.507246376663,2635.046113306927,5,7,161.0,106.0
GPRO,MA,"{'s': 5, 'l': 30, 'b': 0.0005}",2019-09-25,300,-0.023993297884289652,12,2,-28985.507246376663,2635.046113306927,5,7,161.0,106.0
GPRO,MA,"{'s': 5, 'l': 30, 'b': 0.0005}",2019-09-25,400,-0.023993297884289652,12,2,-28985.507246376663,2635.046113306927,5,7,161.0,106.0
GPRO,MA,"{'s': 5, 'l': 30, 'b': 0.0005}",2019-09-25,500,-0.023993297884289652,12,2,-28985.507246376663,2635.046113306927,5,7,161.0,106.0
GPRO,MA,"{'s': 5, 'l': 30, 'b': 0.0005}",2019-09-25,600,-0.023993297884289652,12,2,-28985.507246376663,2635.046113306927,5,7,161.0,106.0
GPRO,MA,"{'s': 5, 'l': 30, 'b': 0.0005}",2019-09-25,700,-0.023993297884289652,12,2,-28985.507246376663,2635.046113306927,5,7,161.0,106.0
GPRO,MA,"{'s': 5, 'l': 30, 'b': 0.0005}",2019-09-25,800,-0.023993297884289652,12,2,-28985.507246376663,2635.046113306927,5,7,161.0,106.0
GPRO,MA,"{'s': 5, 'l': 30, 'b': 0.0005}",2019-09-25,900,-0.023993297884289652,12,2,-28985.507246376663,2635.046113306927,5,7,161.0,106.0
GPRO,MA,"{'s': 5, 'l': 30, 'b': 0.0005}",2019-09-25,1000,-0.023993297884289652,12,2,-28985.507246376663,2635.046113306927,5,7,161.0,106.0
GPRO,MA,"{'s': 5, 'l': 30, 'b': 0.0005}",2019-09-26,0,-0.04480235451576124,17,1,-55335.968379445934,-10540.184453227941,11,6,148.0,110.0
GPRO,MA,"{'s': 5, 'l': 30, 'b': 0.0005}",2019-09-26,10,-0.04480235451576124,17,1,-55335.968379445934,-10540.184453227941,11,6,148.0,110.0
GPRO,MA,"{'s': 5, 'l': 30, 'b': 0.0005}",2019-09-26,20,-0.04480235451576124,17,1,-55335.968379445934,-10540.184453227941,11,6,148.0,110.0
GPRO,MA,"{'s': 5, 'l': 30, 'b': 0.0005}",2019-09-26,50,-0.04480235451576124,17,1,-55335.968379445934,-10540.184453227941,11,6,148.0,110.0
GPRO,MA,"{'s': 5, 'l': 30, 'b': 0.0005}",2019-09-26,100,-0.04480235451576124,17,1,-55335.968379445934,-10540.184453227941,11,6,148.0,110.0
GPRO,MA,"{'s': 5, 'l': 30, 'b': 0.0005}",2019-09-26,200,-0.04480235451576124,17,1,-55335.968379445934,-10540.184453227941,11,6,148.0,110.0
GPRO,MA,"{'s': 5, 'l': 30, 'b': 0.0005}",2019-09-26,300,-0.04480235451576124,17,1,-55335.968379445934,-10540.184453227941,11,6,148.0,110.0
GPRO,MA,"{'s': 5, 'l': 30, 'b': 0.0005}",2019-09-26,400,-0.04480235451576124,17,1,-55335.968379445934,-10540.184453227941,11,6,148.0,110.0
GPRO,MA,"{'s': 5, 'l': 30, 'b': 0.0005}",2019-09-26,500,-0.04480235451576124,17,1,-55335.968379445934,-10540.184453227941,11,6,148.0,110.0
GPRO,MA,"{'s': 5, 'l': 30, 'b': 0.0005}",2019-09-26,600,-0.04695287238619709,17,1,-57971.01449275286,-13175.230566534869,11,6,148.0,110.0
GPRO,MA,"{'s': 5, 'l': 30, 'b': 0.0005}",2019-09-26,700,-0.04695287238619709,17,1,-57971.01449275286,-13175.230566534869,11,6,148.0,110.0
GPRO,MA,"{'s': 5, 'l': 30, 'b': 0.0005}",2019-09-26,800,-0.04695287238619709,17,1,-57971.01449275286,-13175.230566534869,11,6,148.0,110.0
GPRO,MA,"{'s': 5, 'l': 30, 'b': 0.0005}",2019-09-26,900,-0.04695287238619709,17,1,-57971.01449275286,-13175.230566534869,11,6,148.0,110.0
GPRO,MA,"{'s': 5, 'l': 30, 'b': 0.0005}",2019-09-26,1000,-0.04695287238619709,17,1,-57971.01449275286,-13175.230566534869,11,6,148.0,110.0
GPRO,MA,"{'s': 5, 'l': 30, 'b': 0.0005}",2019-09-27,0,0.02120375878510162,19,5,26350.46113306997,76416.33728590274,9,10,154.0,170.0
GPRO,MA,"{'s': 5, 'l': 30, 'b': 0.0005}",2019-09-27,10,0.02120375878510162,19,5,26350.46113306997,76416.33728590274,9,10,154.0,170.0
GPRO,MA,"{'s': 5, 'l': 30, 'b': 0.0005}",2019-09-27,20,0.02120375878510162,19,5,26350.46113306997,76416.33728590274,9,10,154.0,170.0
GPRO,MA,"{'s': 5, 'l': 30, 'b': 0.0005}",2019-09-27,50,0.02120375878510162,19,5,26350.46113306997,76416.33728590274,9,10,154.0,170.0
GPRO,MA,"{'s': 5, 'l': 30, 'b': 0.0005}",2019-09-27,100,0.02120375878510162,19,5,26350.46113306997,76416.33728590274,9,10,154.0,170.0
GPRO,MA,"{'s': 5, 'l': 30, 'b': 0.0005}",2019-09-27,200,0.017044295263242075,19,5,21080.36890645565,71146.24505928843,9,10,154.0,170.0
GPRO,MA,"{'s': 5, 'l': 30, 'b': 0.0005}",2019-09-27,300,0.012893425451268358,19,5,15810.276679841796,68511.19894598197,9,10,154.0,170.0
GPRO,MA,"{'s': 5, 'l': 30, 'b': 0.0005}",2019-09-27,400,0.012893425451268358,19,5,15810.276679841796,68511.19894598197,9,10,154.0,170.0
GPRO,MA,"{'s': 5, 'l': 30, 'b': 0.0005}",2019-09-27,500,0.012893960896158354,19,5,15810.276679841796,68511.19894598174,9,10,154.0,170.0
GPRO,MA,"{'s': 5, 'l': 30, 'b': 0.0005}",2019-09-27,600,0.012893960896158354,19,5,15810.276679841796,68511.19894598174,9,10,154.0,170.0
GPRO,MA,"{'s': 5, 'l': 30, 'b': 0.0005}",2019-09-27,700,0.012893960896158354,19,5,15810.276679841796,68511.19894598174,9,10,154.0,170.0
GPRO,MA,"{'s': 5, 'l': 30, 'b': 0.0005}",2019-09-27,800,0.012893960896158354,19,5,15810.276679841796,68511.19894598174,9,10,154.0,170.0
GPRO,MA,"{'s': 5, 'l': 30, 'b': 0.0005}",2019-09-27,900,0.012893960896158354,19,5,15810.276679841796,68511.19894598174,9,10,154.0,170.0
GPRO,MA,"{'s': 5, 'l': 30, 'b': 0.0005}",2019-09-27,1000,0.012893960896158354,19,5,15810.276679841796,68511.19894598174,9,10,154.0,170.0
GPRO,MA,"{'s': 5, 'l': 30, 'b': 0.0005}",2019-09-30,0,-0.1040968273627674,21,2,-142292.49011857802,-86956.5217391307,11,10,156.0,138.0
GPRO,MA,"{'s': 5, 'l': 30, 'b': 0.0005}",2019-09-30,10,-0.1040968273627674,21,2,-142292.49011857802,-86956.5217391307,11,10,156.0,138.0
GPRO,MA,"{'s': 5, 'l': 30, 'b': 0.0005}",2019-09-30,20,-0.1040968273627674,21,2,-142292.49011857802,-86956.5217391307,11,10,156.0,138.0
GPRO,MA,"{'s': 5, 'l': 30, 'b': 0.0005}",2019-09-30,50,-0.1040968273627674,21,2,-142292.49011857802,-86956.5217391307,11,10,156.0,138.0
GPRO,MA,"{'s': 5, 'l': 30, 'b': 0.0005}",2019-09-30,100,-0.1040968273627674,21,2,-142292.49011857802,-86956.5217391307,11,10,156.0,138.0
GPRO,MA,"{'s': 5, 'l': 30, 'b': 0.0005}",2019-09-30,200,-0.1040968273627674,21,2,-142292.49011857802,-86956.5217391307,11,10,156.0,138.0
GPRO,MA,"{'s': 5, 'l': 30, 'b': 0.0005}",2019-09-30,300,-0.1040968273627674,21,2,-142292.49011857802,-86956.5217391307,11,10,156.0,138.0
GPRO,MA,"{'s': 5, 'l': 30, 'b': 0.0005}",2019-09-30,400,-0.1040968273627674,21,2,-142292.49011857802,-86956.5217391307,11,10,156.0,138.0
GPRO,MA,"{'s': 5, 'l': 30, 'b': 0.0005}",2019-09-30,500,-0.10221007559461133,21,2,-139657.44400527087,-84321.47562582353,11,10,156.0,138.0
GPRO,MA,"{'s': 5, 'l': 30, 'b': 0.0005}",2019-09-30,600,-0.10221007559461133,21,2,-139657.44400527087,-84321.47562582353,11,10,156.0,138.0
GPRO,MA,"{'s': 5, 'l': 30, 'b': 0.0005}",2019-09-30,700,-0.10221007559461133,21,2,-139657.44400527087,-84321.47562582353,11,10,156.0,138.0
GPRO,MA,"{'s': 5, 'l': 30, 'b': 0.0005}",2019-09-30,800,-0.10221007559461133,21,2,-139657.44400527087,-84321.47562582353,11,10,156.0,138.0
GPRO,MA,"{'s': 5, 'l': 30, 'b': 0.0005}",2019-09-30,900,-0.10221007559461133,21,2,-139657.44400527087,-84321.47562582353,11,10,156.0,138.0
GPRO,MA,"{'s': 5, 'l': 30, 'b': 0.0005}",2019-09-30,1000,-0.10415560088644026,21,2,-142292.49011857802,-85638.99868247723,11,10,156.0,138.0
GPRO,OBV,"{'s': 5, 'l': 30, 'b': 0.5}",2019-09-03,0,-0.0029003062873009977,5,2,-2635.0461133068097,10540.18445322806,2,3,28.0,19.0
GPRO,OBV,"{'s': 5, 'l': 30, 'b': 0.5}",2019-09-03,10,-0.0029003062873009977,5,2,-2635.0461133068097,10540.18445322806,2,3,28.0,19.0
GPRO,OBV,"{'s': 5, 'l': 30, 'b': 0.5}",2019-09-03,20,-0.0029003062873009977,5,2,-2635.0461133068097,10540.18445322806,2,3,28.0,19.0
GPRO,OBV,"{'s': 5, 'l': 30, 'b': 0.5}",2019-09-03,50,-0.0029003062873009977,5,2,-2635.0461133068097,10540.18445322806,2,3,28.0,19.0
GPRO,OBV,"{'s': 5, 'l': 30, 'b': 0.5}",2019-09-03,100,-0.0029003062873009977,5,2,-2635.0461133068097,10540.18445322806,2,3,28.0,19.0
GPRO,OBV,"{'s': 5, 'l': 30, 'b': 0.5}",2019-09-03,200,-0.0029003062873009977,5,2,-2635.0461133068097,10540.18445322806,2,3,28.0,19.0
GPRO,OBV,"{'s': 5, 'l': 30, 'b': 0.5}",2019-09-03,300,-0.0029003062873009977,5,2,-2635.0461133068097,10540.18445322806,2,3,28.0,19.0
GPRO,OBV,"{'s': 5, 'l': 30, 'b': 0.5}",2019-09-03,400,-0.0029003062873009977,5,2,-2635.0461133068097,10540.18445322806,2,3,28.0,19.0
GPRO,OBV,"{'s': 5, 'l': 30, 'b': 0.5}",2019-09-03,500,-0.0029003062873009977,5,2,-2635.0461133068097,10540.18445322806,2,3,28.0,19.0
GPRO,OBV,"{'s': 5, 'l': 30, 'b': 0.5}",2019-09-03,600,-0.0029003062873009977,5,2,-2635.0461133068097,10540.18445322806,2,3,28.0,19.0
GPRO,OBV,"{'s': 5, 'l': 30, 'b': 0.5}",2019-09-03,700,-0.0029003062873009977,5,2,-2635.0461133068097,10540.18445322806,2,3,28.0,19.0
GPRO,OBV,"{'s': 5, 'l': 30, 'b': 0.5}",2019-09-03,800,-0.0029003062873009977,5,2,-2635.0461133068097,10540.18445322806,2,3,28.0,19.0
GPRO,OBV,"{'s': 5, 'l': 30, 'b': 0.5}",2019-09-03,900,-0.0029003062873009977,5,2,-2635.0461133068097,10540.18445322806,2,3,28.0,19.0
GPRO,OBV,"{'s': 5, 'l': 30, 'b': 0.5}",2019-09-03,1000,-0.0029003062873009977,5,2,-2635.0461133068097,10540.18445322806,2,3,28.0,19.0
GPRO,OBV,"{'s': 5, 'l': 30, 'b': 0.5}",2019-09-04,0,-0.015578276187424593,7,1,-15810.276679841912,2635.046113306927,4,3,43.0,26.0
GPRO,OBV,"{'s': 5, 'l': 30, 'b': 0.5}",2019-09-04,10,-0.015578276187424593,7,1,-15810.276679841912,2635.046113306927,4,3,43.0,26.0
GPRO,OBV,"{'s': 5, 'l': 30, 'b': 0.5}",2019-09-04,20,-0.015578276187424593,7,1,-15810.276679841912,2635.046113306927,4,3,43.0,26.0
GPRO,OBV,"{'s': 5, 'l': 30, 'b': 0.5}",2019-09-04,50,-0.015578276187424593,7,1,-15810.276679841912,2635.046113306927,4,3,43.0,26.0
GPRO,OBV,"{'s': 5, 'l': 30, 'b': 0.5}",2019-09-04,100,-0.015578276187424593,7,1,-15810.276679841912,2635.046113306927,4,3,43.0,26.0
GPRO,OBV,"{'s': 5, 'l': 30, 'b': 0.5}",2019-09-04,200,-0.015578276187424593,7,1,-15810.276679841912,2635.046113306927,4,3,43.0,26.0
GPRO,OBV,"{'s': 5, 'l': 30, 'b': 0.5}",2019-09-04,300,-0.015578276187424593,7,1,-15810.276679841912,2635.046113306927,4,3,43.0,26.0
GPRO,OBV,"{'s': 5, 'l': 30, 'b': 0.5}",2019-09-04,400,-0.015578276187424593,7,1,-15810.276679841912,2635.046113306927,4,3,43.0,26.0
GPRO,OBV,"{'s': 5, 'l': 30, 'b': 0.5}",2019-09-04,500,-0.015578276187424593,7,1,-15810.276679841912,2635.046113306927,4,3,43.0,26.0
GPRO,OBV,"{'s': 5, 'l': 30, 'b': 0.5}",2019-09-04,600,-0.015578276187424593,7,1,-15810.276679841912,2635.046113306927,4,3,43.0,26.0
GPRO,OBV,"{'s': 5, 'l': 30, 'b': 0.5}",2019-09-04,700,-0.015578276187424593,7,1,-15810.276679841912,2635.046113306927,4,3,43.0,26.0
GPRO,OBV,"{'s': 5, 'l': 30, 'b': 0.5}",2019-09-04,800,-0.015578276187424593,7,1,-15810.276679841912,2635.046113306927,4,3,43.0,26.0
GPRO,OBV,"{'s': 5, 'l': 30, 'b': 0.5}",2019-09-04,900,-0.015578276187424593,7,1,-15810.276679841912,2635.046113306927,4,3,43.0,26.0
GPRO,OBV,"{'s': 5, 'l': 30, 'b': 0.5}",2019-09-04,1000,-0.015578276187424593,7,1,-15810.276679841912,2635.046113306927,4,3,43.0,26.0
GPRO,OBV,"{'s': 5, 'l': 30, 'b': 0.5}",2019-09-05,0,-0.01228548628192666,6,2,-13175.230566535103,2635.046113306927,4,2,92.0,19.0
GPRO,OBV,"{'s': 5, 'l': 30, 'b': 0.5}",2019-09-05,10,-0.01228548628192666,6,2,-13175.230566535103,2635.046113306927,4,2,92.0,19.0
GPRO,OBV,"{'s': 5, 'l': 30, 'b': 0.5}",2019-09-05,20,-0.01228548628192666,6,2,-13175.230566535103,2635.046113306927,4,2,92.0,19.0
GPRO,OBV,"{'s': 5, 'l': 30, 'b': 0.5}",2019-09-05,50,-0.01228548628192666,6,2,-13175.230566535103,2635.046113306927,4,2,92.0,19.0
GPRO,OBV,"{'s': 5, 'l': 30, 'b': 0.5}",2019-09-05,100,-0.01228548628192666,6,2,-13175.230566535103,2635.046113306927,4,2,92.0,19.0
GPRO,OBV,"{'s': 5, 'l': 30, 'b': 0.5}",2019-09-05,200,-0.01228548628192666,6,2,-13175.230566535103,2635.046113306927,4,2,92.0,19.0
GPRO,OBV,"{'s': 5, 'l': 30, 'b': 0.5}",2019-09-05,300,-0.01228548628192666,6,2,-13175.230566535103,2635.046113306927,4,2,92.0,19.0
GPRO,OBV,"{'s': 5, 'l': 30, 'b': 0.5}",2019-09-05,400,-0.01228548628192666,6,2,-13175.230566535103,2635.046113306927,4,2,92.0,19.0
GPRO,OBV,"{'s': 5, 'l': 30, 'b': 0.5}",2019-09-05,500,-0.01228548628192666,6,2,-13175.230566535103,2635.046113306927,4,2,92.0,19.0
GPRO,OBV,"{'s': 5, 'l': 30, 'b': 0.5}",2019-09-05,600,-0.01228548628192666,6,2,-13175.230566535103,2635.046113306927,4,2,92.0,19.0
GPRO,OBV,"{'s': 5, 'l': 30, 'b': 0.5}",2019-09-05,700,-0.01228548628192666,6,2,-13175.230566535103,2635.046113306927,4,2,92.0,19.0
GPRO,OBV,"{'s': 5, 'l': 30, 'b': 0.5}",2019-09-05,800,-0.01228548628192666,6,2,-13175.230566535103,2635.046113306927,4,2,92.0,19.0
GPRO,OBV,"{'s': 5, 'l': 30, 'b': 0.5}",2019-09-05,900,-0.01228548628192666,6,2,-13175.230566535103,2635.046113306927,4,2,92.0,19.0
GPRO,OBV,"{'s': 5, 'l': 30, 'b': 0.5}",2019-09-05,1000,-0.01228548628192666,6,2,-13175.230566535103,2635.046113306927,4,2,92.0,19.0
GPRO,OBV,"{'s': 5, 'l': 30, 'b': 0.5}",2019-09-06,0,-0.007275705036437499,3,0,-7905.138339921014,0.0,3,0,28.0,0.0
GPRO,OBV,"{'s': 5, 'l': 30, 'b': 0.5}",2019-09-06,10,-0.007275705036437499,3,0,-7905.138339921014,0.0,3,0,28.0,0.0
GPRO,OBV,"{'s': 5, 'l': 30, 'b': 0.5}",2019-09-06,20,-0.007275705036437499,3,0,-7905.138339921014,0.0,3,0,28.0,0.0
GPRO,OBV,"{'s': 5, 'l': 30, 'b': 0.5}",2019-09-06,50,-0.007275705036437499,3,0,-7905.138339921014,0.0,3,0,28.0,0.0
GPRO,OBV,"{'s': 5, 'l': 30, 'b': 0.5}",2019-09-06,100,-0.007275705036437499,3,0,-7905.138339921014,0.0,3,0,28.0,0.0
GPRO,OBV,"{'s': 5, 'l': 30, 'b': 0.5}",2019-09-06,200,-0.007275705036437499,3,0,-7905.138339921014,0.0,3,0,28.0,0.0
GPRO,OBV,"{'s': 5, 'l': 30, 'b': 0.5}",2019-09-06,300,-0.007275705036437499,3,0,-7905.138339921014,0.0,3,0,28.0,0.0
GPRO,OBV,"{'s': 5, 'l': 30, 'b': 0.5}",2019-09-06,400,-0.007275705036437499,3,0,-7905.138339921014,0.0,3,0,28.0,0.0
GPRO,OBV,"{'s': 5, 'l': 30, 'b': 0.5}",2019-09-06,500,-0.007275705036437499,3,0,-7905.138339921014,0.0,3,0,28.0,0.0
GPRO,OBV,"{'s': 5, 'l': 30, 'b': 0.5}",2019-09-06,600,-0.007275705036437499,3,0,-7905.138339921014,0.0,3,0,28.0,0.0
GPRO,OBV,"{'s': 5, 'l': 30, 'b': 0.5}",2019-09-06,700,-0.007275705036437499,3,0,-7905.138339921014,0.0,3,0,28.0,0.0
GPRO,OBV,"{'s': 5, 'l': 30, 'b': 0.5}",2019-09-06,800,-0.007275705036437499,3,0,-7905.138339921014,0.0,3,0,28.0,0.0
GPRO,OBV,"{'s': 5, 'l': 30, 'b': 0.5}",2019-09-06,900,-0.007275705036437499,3,0,-7905.138339921014,0.0,3,0,28.0,0.0
GPRO,OBV,"{'s': 5, 'l': 30, 'b': 0.5}",2019-09-06,1000,-0.007275705036437499,3,0,-7905.138339921014,0.0,3,0,28.0,0.0
GPRO,OBV,"{'s': 5, 'l': 30, 'b': 0.5}",2019-09-09,0,-0.009182079346442279,10,2,-10540.184453227941,15810.276679841561,6,4,64.0,66.0
GPRO,OBV,"{'s': 5, 'l': 30, 'b': 0.5}",2019-09-09,10,-0.009182079346442279,10,2,-10540.184453227941,15810.276679841561,6,4,64.0,66.0
GPRO,OBV,"{'s': 5, 'l': 30, 'b': 0.5}",2019-09-09,20,-0.009182079346442279,10,2,-10540.184453227941,15810.276679841561,6,4,64.0,66.0
GPRO,OBV,"{'s': 5, 'l': 30, 'b': 0.5}",2019-09-09,50,-0.009182079346442279,10,2,-10540.184453227941,15810.276679841561,6,4,64.0,66.0
GPRO,OBV,"{'s': 5, 'l': 30, 'b': 0.5}",2019-09-09,100,-0.009182079346442279,10,2,-10540.184453227941,15810.276679841561,6,4,64.0,66.0
GPRO,OBV,"{'s': 5, 'l': 30, 'b': 0.5}",2019-09-09,200,-0.009182079346442279,10,2,-10540.184453227941,15810.276679841561,6,4,64.0,66.0
GPRO,OBV,"{'s': 5, 'l': 30, 'b': 0.5}",2019-09-09,300,-0.009182079346442279,10,2,-10540.184453227941,15810.276679841561,6,4,64.0,66.0
GPRO,OBV,"{'s': 5, 'l': 30, 'b': 0.5}",2019-09-09,400,-0.009182079346442279,10,2,-10540.184453227941,15810.276679841561,6,4,64.0,66.0
GPRO,OBV,"{'s': 5, 'l': 30, 'b': 0.5}",2019-09-09,500,-0.009182079346442279,10,2,-10540.184453227941,15810.276679841561,6,4,64.0,66.0
GPRO,OBV,"{'s': 5, 'l': 30, 'b': 0.5}",2019-09-09,600,-0.009182079346442279,10,2,-10540.184453227941,15810.276679841561,6,4,64.0,66.0
GPRO,OBV,"{'s': 5, 'l': 30, 'b': 0.5}",2019-09-09,700,-0.009182079346442279,10,2,-10540.184453227941,15810.276679841561,6,4,64.0,66.0
GPRO,OBV,"{'s': 5, 'l': 30, 'b': 0.5}",2019-09-09,800,-0.009182079346442279,10,2,-10540.184453227941,15810.276679841561,6,4,64.0,66.0
GPRO,OBV,"{'s': 5, 'l': 30, 'b': 0.5}",2019-09-09,900,-0.009182079346442279,10,2,-10540.184453227941,15810.276679841561,6,4,64.0,66.0
GPRO,OBV,"{'s': 5, 'l': 30, 'b': 0.5}",2019-09-09,1000,-0.009182079346442279,10,2,-10540.184453227941,15810.276679841561,6,4,64.0,66.0
GPRO,OBV,"{'s': 5, 'l': 30, 'b': 0.5}",2019-09-10,0,0.004490111092925089,10,3,5270.092226614088,31620.553359683592,6,4,26.0,61.0
GPRO,OBV,"{'s': 5, 'l': 30, 'b': 0.5}",2019-09-10,10,0.004490111092925089,10,3,5270.092226614088,31620.553359683592,6,4,26.0,61.0
GPRO,OBV,"{'s': 5, 'l': 30, 'b': 0.5}",2019-09-10,20,0.004490111092925089,10,3,5270.092226614088,31620.553359683592,6,4,26.0,61.0
GPRO,OBV,"{'s': 5, 'l': 30, 'b': 0.5}",2019-09-10,50,0.004490111092925089,10,3,5270.092226614088,31620.553359683592,6,4,26.0,61.0
GPRO,OBV,"{'s': 5, 'l': 30, 'b': 0.5}",2019-09-10,100,0.004490111092925089,10,3,5270.092226614088,31620.553359683592,6,4,26.0,61.0
GPRO,OBV,"{'s': 5, 'l': 30, 'b': 0.5}",2019-09-10,200,0.004490111092925089,10,3,5270.092226614088,31620.553359683592,6,4,26.0,61.0
GPRO,OBV,"{'s': 5, 'l': 30, 'b': 0.5}",2019-09-10,300,0.004490111092925089,10,3,5270.092226614088,31620.553359683592,6,4,26.0,61.0
GPRO,OBV,"{'s': 5, 'l': 30, 'b': 0.5}",2019-09-10,400,0.004490111092925089,10,3,5270.092226614088,31620.553359683592,6,4,26.0,61.0
GPRO,OBV,"{'s': 5, 'l': 30, 'b': 0.5}",2019-09-10,500,0.004490111092925089,10,3,5270.092226614088,31620.553359683592,6,4,26.0,61.0
GPRO,OBV,"{'s': 5, 'l': 30, 'b': 0.5}",2019-09-10,600,0.004490111092925089,10,3,5270.092226614088,31620.553359683592,6,4,26.0,61.0
GPRO,OBV,"{'s': 5, 'l': 30, 'b': 0.5}",2019-09-10,700,0.004490111092925089,10,3,5270.092226614088,31620.553359683592,6,4,26.0,61.0
GPRO,OBV,"{'s': 5, 'l': 30, 'b': 0.5}",2019-09-10,800,0.004490111092925089,10,3,5270.092226614088,31620.553359683592,6,4,26.0,61.0
GPRO,OBV,"{'s': 5, 'l': 30, 'b': 0.5}",2019-09-10,900,0.004490111092925089,10,3,5270.092226614088,31620.553359683592,6,4,26.0,61.0
GPRO,OBV,"{'s': 5, 'l': 30, 'b': 0.5}",2019-09-10,1000,0.004490111092925089,10,3,5270.092226614088,31620.553359683592,6,4,26.0,61.0
GPRO,OBV,"{'s': 5, 'l': 30, 'b': 0.5}",2019-09-11,0,0.010771031040272336,4,3,13175.230566534869,23715.415019762575,2,2,29.0,34.0
GPRO,OBV,"{'s': 5, 'l': 30, 'b': 0.5}",2019-09-11,10,0.010771031040272336,4,3,13175.230566534869,23715.415019762575,2,2,29.0,34.0
GPRO,OBV,"{'s': 5, 'l': 30, 'b': 0.5}",2019-09-11,20,0.010771031040272336,4,3,13175.230566534869,23715.415019762575,2,2,29.0,34.0
GPRO,OBV,"{'s': 5, 'l': 30, 'b': 0.5}",2019-09-11,50,0.010771031040272336,4,3,13175.230566534869,23715.415019762575,2,2,29.0,34.0
GPRO,OBV,"{'s': 5, 'l': 30, 'b': 0.5}",2019-09-11,100,0.010771031040272336,4,3,13175.230566534869,23715.415019762575,2,2,29.0,34.0
GPRO,OBV,"{'s': 5, 'l': 30, 'b': 0.5}",2019-09-11,200,0.010771031040272336,4,3,13175.230566534869,23715.415019762575,2,2,29.0,34.0
GPRO,OBV,"{'s': 5, 'l': 30, 'b': 0.5}",2019-09-11,300,0.010771031040272336,4,3,13175.230566534869,23715.415019762575,2,2,29.0,34.0
GPRO,OBV,"{'s': 5, 'l': 30, 'b': 0.5}",2019-09-11,400,0.010771031040272336,4,3,13175.230566534869,23715.415019762575,2,2,29.0,34.0
GPRO,OBV,"{'s': 5, 'l': 30, 'b': 0.5}",2019-09-11,500,0.010771031040272336,4,3,13175.230566534869,23715.415019762575,2,2,29.0,34.0
GPRO,OBV,"{'s': 5, 'l': 30, 'b': 0.5}",2019-09-11,600,0.010771031040272336,4,3,13175.230566534869,23715.415019762575,2,2,29.0,34.0
GPRO,OBV,"{'s': 5, 'l': 30, 'b': 0.5}",2019-09-11,700,0.010771031040272336,4,3,13175.230566534869,23715.415019762575,2,2,29.0,34.0
GPRO,OBV,"{'s': 5, 'l': 30, 'b': 0.5}",2019-09-11,800,0.010771031040272336,4,3,13175.230566534869,23715.415019762575,2,2,29.0,34.0
GPRO,OBV,"{'s': 5, 'l': 30, 'b': 0.5}",2019-09-11,900,0.010771031040272336,4,3,13175.230566534869,23715.415019762575,2,2,29.0,34.0
GPRO,OBV,"{'s': 5, 'l': 30, 'b': 0.5}",2019-09-11,1000,0.010771031040272336,4,3,13175.230566534869,23715.415019762575,2,2,29.0,34.0
GPRO,OBV,"{'s': 5, 'l': 30, 'b': 0.5}",2019-09-12,0,0.008893562773933267,7,3,10540.184453227474,28985.5072463769,4,3,32.0,56.0
GPRO,OBV,"{'s': 5, 'l': 30, 'b': 0.5}",2019-09-12,10,0.008893562773933267,7,3,10540.184453227474,28985.5072463769,4,3,32.0,56.0
GPRO,OBV,"{'s': 5, 'l': 30, 'b': 0.5}",2019-09-12,20,0.008893562773933267,7,3,10540.184453227474,28985.5072463769,4,3,32.0,56.0
GPRO,OBV,"{'s': 5, 'l': 30, 'b': 0.5}",2019-09-12,50,0.008893562773933267,7,3,10540.184453227474,28985.5072463769,4,3,32.0,56.0
GPRO,OBV,"{'s': 5, 'l': 30, 'b': 0.5}",2019-09-12,100,0.008893562773933267,7,3,10540.184453227474,28985.5072463769,4,3,32.0,56.0
GPRO,OBV,"{'s': 5, 'l': 30, 'b': 0.5}",2019-09-12,200,0.008893562773933267,7,3,10540.184453227474,28985.5072463769,4,3,32.0,56.0
GPRO,OBV,"{'s': 5, 'l': 30, 'b': 0.5}",2019-09-12,300,0.008893562773933267,7,3,10540.184453227474,28985.5072463769,4,3,32.0,56.0
GPRO,OBV,"{'s': 5, 'l': 30, 'b': 0.5}",2019-09-12,400,0.008893562773933267,7,3,10540.184453227474,28985.5072463769,4,3,32.0,56.0
GPRO,OBV,"{'s': 5, 'l': 30, 'b': 0.5}",2019-09-12,500,0.008893562773933267,7,3,10540.184453227474,28985.5072463769,4,3,32.0,56.0
GPRO,OBV,"{'s': 5, 'l': 30, 'b': 0.5}",2019-09-12,600,0.008893562773933267,7,3,10540.184453227474,28985.5072463769,4,3,32.0,56.0
GPRO,OBV,"{'s': 5, 'l': 30, 'b': 0.5}",2019-09-12,700,0.008893562773933267,7,3,10540.184453227474,28985.5072463769,4,3,32.0,56.0
GPRO,OBV,"{'s': 5, 'l': 30, 'b': 0.5}",2019-09-12,800,0.008893562773933267,7,3,10540.184453227474,28985.5072463769,4,3,32.0,56.0
GPRO,OBV,"{'s': 5, 'l': 30, 'b': 0.5}",2019-09-12,900,0.008893562773933267,7,3,10540.184453227474,28985.5072463769,4,3,32.0,56.0
GPRO,OBV,"{'s': 5, 'l': 30, 'b': 0.5}",2019-09-12,1000,0.008893562773933267,7,3,10540.184453227474,28985.5072463769,4,3,32.0,56.0
GPRO,OBV,"{'s': 5, 'l': 30, 'b': 0.5}",2019-09-13,0,-0.02173968698048727,8,0,-26350.461133069737,-5270.092226614088,3,5,25.0,33.0
GPRO,OBV,"{'s': 5, 'l': 30, 'b': 0.5}",2019-09-13,10,-0.02173968698048727,8,0,-26350.461133069737,-5270.092226614088,3,5,25.0,33.0
GPRO,OBV,"{'s': 5, 'l': 30, 'b': 0.5}",2019-09-13,20,-0.02173968698048727,8,0,-26350.461133069737,-5270.092226614088,3,5,25.0,33.0
GPRO,OBV,"{'s': 5, 'l': 30, 'b': 0.5}",2019-09-13,50,-0.02173968698048727,8,0,-26350.461133069737,-5270.092226614088,3,5,25.0,33.0
GPRO,OBV,"{'s': 5, 'l': 30, 'b': 0.5}",2019-09-13,100,-0.02173968698048727,8,0,-26350.461133069737,-5270.092226614088,3,5,25.0,33.0
GPRO,OBV,"{'s': 5, 'l': 30, 'b': 0.5}",2019-09-13,200,-0.02173968698048727,8,0,-26350.461133069737,-5270.092226614088,3,5,25.0,33.0
GPRO,OBV,"{'s': 5, 'l': 30, 'b': 0.5}",2019-09-13,300,-0.02173968698048727,8,0,-26350.461133069737,-5270.092226614088,3,5,25.0,33.0
GPRO,OBV,"{'s': 5, 'l': 30, 'b': 0.5}",2019-09-13,400,-0.02173968698048727,8,0,-26350.461133069737,-5270.092226614088,3,5,25.0,33.0
GPRO,OBV,"{'s': 5, 'l': 30, 'b': 0.5}",2019-09-13,500,-0.02173968698048727,8,0,-26350.461133069737,-5270.092226614088,3,5,25.0,33.0
GPRO,OBV,"{'s': 5, 'l': 30, 'b': 0.5}",2019-09-13,600,-0.02173968698048727,8,0,-26350.461133069737,-5270.092226614088,3,5,25.0,33.0
GPRO,OBV,"{'s': 5, 'l': 30, 'b': 0.5}",2019-09-13,700,-0.02173968698048727,8,0,-26350.461133069737,-5270.092226614088,3,5,25.0,33.0
GPRO,OBV,"{'s': 5, 'l': 30, 'b': 0.5}",2019-09-13,800,-0.02173968698048727,8,0,-26350.461133069737,-5270.092226614088,3,5,25.0,33.0
GPRO,OBV,"{'s': 5, 'l': 30, 'b': 0.5}",2019-09-13,900,-0.02173968698048727,8,0,-26350.461133069737,-5270.092226614088,3,5,25.0,33.0
GPRO,OBV,"{'s': 5, 'l': 30, 'b': 0.5}",2019-09-13,1000,-0.02173968698048727,8,0,-26350.461133069737,-5270.092226614088,3,5,25.0,33.0
GPRO,OBV,"{'s': 5, 'l': 30, 'b': 0.5}",2019-09-16,0,-0.010826828969810496,7,1,-13175.230566534869,5270.092226613854,2,5,23.0,52.0
GPRO,OBV,"{'s': 5, 'l': 30, 'b': 0.5}",2019-09-16,10,-0.010826828969810496,7,1,-13175.230566534869,5270.092226613854,2,5,23.0,52.0
GPRO,OBV,"{'s': 5, 'l': 30, 'b': 0.5}",2019-09-16,20,-0.010826828969810496,7,1,-13175.230566534869,5270.092226613854,2,5,23.0,52.0
GPRO,OBV,"{'s': 5, 'l': 30, 'b': 0.5}",2019-09-16,50,-0.010826828969810496,7,1,-13175.230566534869,5270.092226613854,2,5,23.0,52.0
GPRO,OBV,"{'s': 5, 'l': 30, 'b': 0.5}",2019-09-16,100,-0.010826828969810496,7,1,-13175.230566534869,5270.092226613854,2,5,23.0,52.0
GPRO,OBV,"{'s': 5, 'l': 30, 'b': 0.5}",2019-09-16,200,-0.010826828969810496,7,1,-13175.230566534869,5270.092226613854,2,5,23.0,52.0
GPRO,OBV,"{'s': 5, 'l': 30, 'b': 0.5}",2019-09-16,300,-0.010826828969810496,7,1,-13175.230566534869,5270.092226613854,2,5,23.0,52.0
GPRO,OBV,"{'s': 5, 'l': 30, 'b': 0.5}",2019-09-16,400,-0.010826828969810496,7,1,-13175.230566534869,5270.092226613854,2,5,23.0,52.0
GPRO,OBV,"{'s': 5, 'l': 30, 'b': 0.5}",2019-09-16,500,-0.010826828969810496,7,1,-13175.230566534869,5270.092226613854,2,5,23.0,52.0
GPRO,OBV,"{'s': 5, 'l': 30, 'b': 0.5}",2019-09-16,600,-0.010826828969810496,7,1,-13175.230566534869,5270.092226613854,2,5,23.0,52.0
GPRO,OBV,"{'s': 5, 'l': 30, 'b': 0.5}",2019-09-16,700,-0.010826828969810496,7,1,-13175.230566534869,5270.092226613854,2,5,23.0,52.0
GPRO,OBV,"{'s': 5, 'l': 30, 'b': 0.5}",2019-09-16,800,-0.010826828969810496,7,1,-13175.230566534869,5270.092226613854,2,5,23.0,52.0
GPRO,OBV,"{'s': 5, 'l': 30, 'b': 0.5}",2019-09-16,900,-0.010826828969810496,7,1,-13175.230566534869,5270.092226613854,2,5,23.0,52.0
GPRO,OBV,"{'s': 5, 'l': 30, 'b': 0.5}",2019-09-16,1000,-0.010826828969810496,7,1,-13175.230566534869,5270.092226613854,2,5,23.0,52.0
GPRO,OBV,"{'s': 5, 'l': 30, 'b': 0.5}",2019-09-17,0,-0.041988352377788155,8,0,-50065.876152832316,-28985.5072463769,6,2,77.0,29.0
GPRO,OBV,"{'s': 5, 'l': 30, 'b': 0.5}",2019-09-17,10,-0.041988352377788155,8,0,-50065.876152832316,-28985.5072463769,6,2,77.0,29.0
GPRO,OBV,"{'s': 5, 'l': 30, 'b': 0.5}",2019-09-17,20,-0.041988352377788155,8,0,-50065.876152832316,-28985.5072463769,6,2,77.0,29.0
GPRO,OBV,"{'s': 5, 'l': 30, 'b': 0.5}",2019-09-17,50,-0.041988352377788155,8,0,-50065.876152832316,-28985.5072463769,6,2,77.0,29.0
GPRO,OBV,"{'s': 5, 'l': 30, 'b': 0.5}",2019-09-17,100,-0.041988352377788155,8,0,-50065.876152832316,-28985.5072463769,6,2,77.0,29.0
GPRO,OBV,"{'s': 5, 'l': 30, 'b': 0.5}",2019-09-17,200,-0.041988352377788155,8,0,-50065.876152832316,-28985.5072463769,6,2,77.0,29.0
GPRO,OBV,"{'s': 5, 'l': 30, 'b': 0.5}",2019-09-17,300,-0.041988352377788155,8,0,-50065.876152832316,-28985.5072463769,6,2,77.0,29.0
GPRO,OBV,"{'s': 5, 'l': 30, 'b': 0.5}",2019-09-17,400,-0.041988352377788155,8,0,-50065.876152832316,-28985.5072463769,6,2,77.0,29.0
GPRO,OBV,"{'s': 5, 'l': 30, 'b': 0.5}",2019-09-17,500,-0.041988352377788155,8,0,-50065.876152832316,-28985.5072463769,6,2,77.0,29.0
GPRO,OBV,"{'s': 5, 'l': 30, 'b': 0.5}",2019-09-17,600,-0.041988352377788155,8,0,-50065.876152832316,-28985.5072463769,6,2,77.0,29.0
GPRO,OBV,"{'s': 5, 'l': 30, 'b': 0.5}",2019-09-17,700,-0.041988352377788155,8,0,-50065.876152832316,-28985.5072463769,6,2,77.0,29.0
GPRO,OBV,"{'s': 5, 'l': 30, 'b': 0.5}",2019-09-17,800,-0.041988352377788155,8,0,-50065.876152832316,-28985.5072463769,6,2,77.0,29.0
GPRO,OBV,"{'s': 5, 'l': 30, 'b': 0.5}",2019-09-17,900,-0.041988352377788155,8,0,-50065.876152832316,-28985.5072463769,6,2,77.0,29.0
GPRO,OBV,"{'s': 5, 'l': 30, 'b': 0.5}",2019-09-17,1000,-0.041988352377788155,8,0,-50065.876152832316,-28985.5072463769,6,2,77.0,29.0
GPRO,OBV,"{'s': 5, 'l': 30, 'b': 0.5}",2019-09-18,0,-0.024356422928259607,8,0,-28985.50724637643,-7905.138339921014,3,5,44.0,32.0
GPRO,OBV,"{'s': 5, 'l': 30, 'b': 0.5}",2019-09-18,10,-0.024356422928259607,8,0,-28985.50724637643,-7905.138339921014,3,5,44.0,32.0
GPRO,OBV,"{'s': 5, 'l': 30, 'b': 0.5}",2019-09-18,20,-0.024356422928259607,8,0,-28985.50724637643,-7905.138339921014,3,5,44.0,32.0
GPRO,OBV,"{'s': 5, 'l': 30, 'b': 0.5}",2019-09-18,50,-0.024356422928259607,8,0,-28985.50724637643,-7905.138339921014,3,5,44.0,32.0
GPRO,OBV,"{'s': 5, 'l': 30, 'b': 0.5}",2019-09-18,100,-0.024356422928259607,8,0,-28985.50724637643,-7905.138339921014,3,5,44.0,32.0
GPRO,OBV,"{'s': 5, 'l': 30, 'b': 0.5}",2019-09-18,200,-0.024356422928259607,8,0,-28985.50724637643,-7905.138339921014,3,5,44.0,32.0
GPRO,OBV,"{'s': 5, 'l': 30, 'b': 0.5}",2019-09-18,300,-0.024356422928259607,8,0,-28985.50724637643,-7905.138339921014,3,5,44.0,32.0
GPRO,OBV,"{'s': 5, 'l': 30, 'b': 0.5}",2019-09-18,400,-0.024356422928259607,8,0,-28985.50724637643,-7905.138339921014,3,5,44.0,32.0
GPRO,OBV,"{'s': 5, 'l': 30, 'b': 0.5}",2019-09-18,500,-0.024356422928259607,8,0,-28985.50724637643,-7905.138339921014,3,5,44.0,32.0
GPRO,OBV,"{'s': 5, 'l': 30, 'b': 0.5}",2019-09-18,600,-0.024356422928259607,8,0,-28985.50724637643,-7905.138339921014,3,5,44.0,32.0
GPRO,OBV,"{'s': 5, 'l': 30, 'b': 0.5}",2019-09-18,700,-0.024356422928259607,8,0,-28985.50724637643,-7905.138339921014,3,5,44.0,32.0
GPRO,OBV,"{'s': 5, 'l': 30, 'b': 0.5}",2019-09-18,800,-0.024356422928259607,8,0,-28985.50724637643,-7905.138339921014,3,5,44.0,32.0
GPRO,OBV,"{'s': 5, 'l': 30, 'b': 0.5}",2019-09-18,900,-0.024356422928259607,8,0,-28985.50724637643,-7905.138339921014,3,5,44.0,32.0
GPRO,OBV,"{'s': 5, 'l': 30, 'b': 0.5}",2019-09-18,1000,-0.024356422928259607,8,0,-28985.50724637643,-7905.138339921014,3,5,44.0,32.0
GPRO,OBV,"{'s': 5, 'l': 30, 'b': 0.5}",2019-09-19,0,-0.030740989965547385,11,0,-36890.64558629745,-7905.138339920781,4,7,4.0,50.0
GPRO,OBV,"{'s': 5, 'l': 30, 'b': 0.5}",2019-09-19,10,-0.030740989965547385,11,0,-36890.64558629745,-7905.138339920781,4,7,4.0,50.0
GPRO,OBV,"{'s': 5, 'l': 30, 'b': 0.5}",2019-09-19,20,-0.030740989965547385,11,0,-36890.64558629745,-7905.138339920781,4,7,4.0,50.0
GPRO,OBV,"{'s': 5, 'l': 30, 'b': 0.5}",2019-09-19,50,-0.030740989965547385,11,0,-36890.64558629745,-7905.138339920781,4,7,4.0,50.0
GPRO,OBV,"{'s': 5, 'l': 30, 'b': 0.5}",2019-09-19,100,-0.030740989965547385,11,0,-36890.64558629745,-7905.138339920781,4,7,4.0,50.0
GPRO,OBV,"{'s': 5, 'l': 30, 'b': 0.5}",2019-09-19,200,-0.030740989965547385,11,0,-36890.64558629745,-7905.138339920781,4,7,4.0,50.0
GPRO,OBV,"{'s': 5, 'l': 30, 'b': 0.5}",2019-09-19,300,-0.030740989965547385,11,0,-36890.64558629745,-7905.138339920781,4,7,4.0,50.0
GPRO,OBV,"{'s': 5, 'l': 30, 'b': 0.5}",2019-09-19,400,-0.030740989965547385,11,0,-36890.64558629745,-7905.138339920781,4,7,4.0,50.0
GPRO,OBV,"{'s': 5, 'l': 30, 'b': 0.5}",2019-09-19,500,-0.030740989965547385,11,0,-36890.64558629745,-7905.138339920781,4,7,4.0,50.0
GPRO,OBV,"{'s': 5, 'l': 30, 'b': 0.5}",2019-09-19,600,-0.030740989965547385,11,0,-36890.64558629745,-7905.138339920781,4,7,4.0,50.0
GPRO,OBV,"{'s': 5, 'l': 30, 'b': 0.5}",2019-09-19,700,-0.030740989965547385,11,0,-36890.64558629745,-7905.138339920781,4,7,4.0,50.0
GPRO,OBV,"{'s': 5, 'l': 30, 'b': 0.5}",2019-09-19,800,-0.030740989965547385,11,0,-36890.64558629745,-7905.138339920781,4,7,4.0,50.0
GPRO,OBV,"{'s': 5, 'l': 30, 'b': 0.5}",2019-09-19,900,-0.030740989965547385,11,0,-36890.64558629745,-7905.138339920781,4,7,4.0,50.0
GPRO,OBV,"{'s': 5, 'l': 30, 'b': 0.5}",2019-09-19,1000,-0.030740989965547385,11,0,-36890.64558629745,-7905.138339920781,4,7,4.0,50.0
GPRO,OBV,"{'s': 5, 'l': 30, 'b': 0.5}",2019-09-20,0,-0.01526026389504547,7,0,-18445.322793148724,0.0,2,5,7.0,38.0
GPRO,OBV,"{'s': 5, 'l': 30, 'b': 0.5}",2019-09-20,10,-0.01526026389504547,7,0,-18445.322793148724,0.0,2,5,7.0,38.0
GPRO,OBV,"{'s': 5, 'l': 30, 'b': 0.5}",2019-09-20,20,-0.01526026389504547,7,0,-18445.322793148724,0.0,2,5,7.0,38.0
GPRO,OBV,"{'s': 5, 'l': 30, 'b': 0.5}",2019-09-20,50,-0.01526026389504547,7,0,-18445.322793148724,0.0,2,5,7.0,38.0
GPRO,OBV,"{'s': 5, 'l': 30, 'b': 0.5}",2019-09-20,100,-0.01526026389504547,7,0,-18445.322793148724,0.0,2,5,7.0,38.0
GPRO,OBV,"{'s': 5, 'l': 30, 'b': 0.5}",2019-09-20,200,-0.01526026389504547,7,0,-18445.322793148724,0.0,2,5,7.0,38.0
GPRO,OBV,"{'s': 5, 'l': 30, 'b': 0.5}",2019-09-20,300,-0.01526026389504547,7,0,-18445.322793148724,0.0,2,5,7.0,38.0
GPRO,OBV,"{'s': 5, 'l': 30, 'b': 0.5}",2019-09-20,400,-0.01526026389504547,7,0,-18445.322793148724,0.0,2,5,7.0,38.0
GPRO,OBV,"{'s': 5, 'l': 30, 'b': 0.5}",2019-09-20,500,-0.01526026389504547,7,0,-18445.322793148724,0.0,2,5,7.0,38.0
GPRO,OBV,"{'s': 5, 'l': 30, 'b': 0.5}",2019-09-20,600,-0.01526026389504547,7,0,-18445.322793148724,0.0,2,5,7.0,38.0
GPRO,OBV,"{'s': 5, 'l': 30, 'b': 0.5}",2019-09-20,700,-0.01526026389504547,7,0,-18445.322793148724,0.0,2,5,7.0,38.0
GPRO,OBV,"{'s': 5, 'l': 30, 'b': 0.5}",2019-09-20,800,-0.01526026389504547,7,0,-18445.322793148724,0.0,2,5,7.0,38.0
GPRO,OBV,"{'s': 5, 'l': 30, 'b': 0.5}",2019-09-20,900,-0.01526026389504547,7,0,-18445.322793148724,0.0,2,5,7.0,38.0
GPRO,OBV,"{'s': 5, 'l': 30, 'b': 0.5}",2019-09-20,1000,-0.01526026389504547,7,0,-18445.322793148724,0.0,2,5,7.0,38.0
GPRO,OBV,"{'s': 5, 'l': 30, 'b': 0.5}",2019-09-23,0,-0.021112460280959137,8,1,-26350.461133070206,-5270.092226613854,5,3,40.0,35.0
GPRO,OBV,"{'s': 5, 'l': 30, 'b': 0.5}",2019-09-23,10,-0.021112460280959137,8,1,-26350.461133070206,-5270.092226613854,5,3,40.0,35.0
GPRO,OBV,"{'s': 5, 'l': 30, 'b': 0.5}",2019-09-23,20,-0.021112460280959137,8,1,-26350.461133070206,-5270.092226613854,5,3,40.0,35.0
GPRO,OBV,"{'s': 5, 'l': 30, 'b': 0.5}",2019-09-23,50,-0.021112460280959137,8,1,-26350.461133070206,-5270.092226613854,5,3,40.0,35.0
GPRO,OBV,"{'s': 5, 'l': 30, 'b': 0.5}",2019-09-23,100,-0.021112460280959137,8,1,-26350.461133070206,-5270.092226613854,5,3,40.0,35.0
GPRO,OBV,"{'s': 5, 'l': 30, 'b': 0.5}",2019-09-23,200,-0.021112460280959137,8,1,-26350.461133070206,-5270.092226613854,5,3,40.0,35.0
GPRO,OBV,"{'s': 5, 'l': 30, 'b': 0.5}",2019-09-23,300,-0.021112460280959137,8,1,-26350.461133070206,-5270.092226613854,5,3,40.0,35.0
GPRO,OBV,"{'s': 5, 'l': 30, 'b': 0.5}",2019-09-23,400,-0.021112460280959137,8,1,-26350.461133070206,-5270.092226613854,5,3,40.0,35.0
GPRO,OBV,"{'s': 5, 'l': 30, 'b': 0.5}",2019-09-23,500,-0.021112460280959137,8,1,-26350.461133070206,-5270.092226613854,5,3,40.0,35.0
GPRO,OBV,"{'s': 5, 'l': 30, 'b': 0.5}",2019-09-23,600,-0.021112460280959137,8,1,-26350.461133070206,-5270.092226613854,5,3,40.0,35.0
GPRO,OBV,"{'s': 5, 'l': 30, 'b': 0.5}",2019-09-23,700,-0.021112460280959137,8,1,-26350.461133070206,-5270.092226613854,5,3,40.0,35.0
GPRO,OBV,"{'s': 5, 'l': 30, 'b': 0.5}",2019-09-23,800,-0.021112460280959137,8,1,-26350.461133070206,-5270.092226613854,5,3,40.0,35.0
GPRO,OBV,"{'s': 5, 'l': 30, 'b': 0.5}",2019-09-23,900,-0.021112460280959137,8,1,-26350.461133070206,-5270.092226613854,5,3,40.0,35.0
GPRO,OBV,"{'s': 5, 'l': 30, 'b': 0.5}",2019-09-23,1000,-0.021112460280959137,8,1,-26350.461133070206,-5270.092226613854,5,3,40.0,35.0
GPRO,OBV,"{'s': 5, 'l': 30, 'b': 0.5}",2019-09-24,0,-0.033522271171465376,11,1,-39525.691699604606,-10540.184453227708,1,10,12.0,112.0
GPRO,OBV,"{'s': 5, 'l': 30, 'b': 0.5}",2019-09-24,10,-0.033522271171465376,11,1,-39525.691699604606,-10540.184453227708,1,10,12.0,112.0
GPRO,OBV,"{'s': 5, 'l': 30, 'b': 0.5}",2019-09-24,20,-0.033522271171465376,11,1,-39525.691699604606,-10540.184453227708,1,10,12.0,112.0
GPRO,OBV,"{'s': 5, 'l': 30, 'b': 0.5}",2019-09-24,50,-0.033522271171465376,11,1,-39525.691699604606,-10540.184453227708,1,10,12.0,112.0
GPRO,OBV,"{'s': 5, 'l': 30, 'b': 0.5}",2019-09-24,100,-0.033522271171465376,11,1,-39525.691699604606,-10540.184453227708,1,10,12.0,112.0
GPRO,OBV,"{'s': 5, 'l': 30, 'b': 0.5}",2019-09-24,200,-0.033522271171465376,11,1,-39525.691699604606,-10540.184453227708,1,10,12.0,112.0
GPRO,OBV,"{'s': 5, 'l': 30, 'b': 0.5}",2019-09-24,300,-0.033522271171465376,11,1,-39525.691699604606,-10540.184453227708,1,10,12.0,112.0
GPRO,OBV,"{'s': 5, 'l': 30, 'b': 0.5}",2019-09-24,400,-0.033522271171465376,11,1,-39525.691699604606,-10540.184453227708,1,10,12.0,112.0
GPRO,OBV,"{'s': 5, 'l': 30, 'b': 0.5}",2019-09-24,500,-0.033522271171465376,11,1,-39525.691699604606,-10540.184453227708,1,10,12.0,112.0
GPRO,OBV,"{'s': 5, 'l': 30, 'b': 0.5}",2019-09-24,600,-0.033522271171465376,11,1,-39525.691699604606,-10540.184453227708,1,10,12.0,112.0
GPRO,OBV,"{'s': 5, 'l': 30, 'b': 0.5}",2019-09-24,700,-0.033522271171465376,11,1,-39525.691699604606,-10540.184453227708,1,10,12.0,112.0
GPRO,OBV,"{'s': 5, 'l': 30, 'b': 0.5}",2019-09-24,800,-0.033522271171465376,11,1,-39525.691699604606,-10540.184453227708,1,10,12.0,112.0
GPRO,OBV,"{'s': 5, 'l': 30, 'b': 0.5}",2019-09-24,900,-0.033522271171465376,11,1,-39525.691699604606,-10540.184453227708,1,10,12.0,112.0
GPRO,OBV,"{'s': 5, 'l': 30, 'b': 0.5}",2019-09-24,1000,-0.031290128314322575,11,1,-36890.64558629768,-7905.138339920781,1,10,12.0,112.0
GPRO,OBV,"{'s': 5, 'l': 30, 'b': 0.5}",2019-09-25,0,-0.019504566735921203,9,1,-23715.41501976281,-2.3403910927539533e-10,4,5,66.0,73.0
GPRO,OBV,"{'s': 5, 'l': 30, 'b': 0.5}",2019-09-25,10,-0.019504566735921203,9,1,-23715.41501976281,-2.3403910927539533e-10,4,5,66.0,73.0
GPRO,OBV,"{'s': 5, 'l': 30, 'b': 0.5}",2019-09-25,20,-0.019504566735921203,9,1,-23715.41501976281,-2.3403910927539533e-10,4,5,66.0,73.0
GPRO,OBV,"{'s': 5, 'l': 30, 'b': 0.5}",2019-09-25,50,-0.019504566735921203,9,1,-23715.41501976281,-2.3403910927539533e-10,4,5,66.0,73.0
GPRO,OBV,"{'s': 5, 'l': 30, 'b': 0.5}",2019-09-25,100,-0.019504566735921203,9,1,-23715.41501976281,-2.3403910927539533e-10,4,5,66.0,73.0
GPRO,OBV,"{'s': 5, 'l': 30, 'b': 0.5}",2019-09-25,200,-0.019504566735921203,9,1,-23715.41501976281,-2.3403910927539533e-10,4,5,66.0,73.0
GPRO,OBV,"{'s': 5, 'l': 30, 'b': 0.5}",2019-09-25,300,-0.019504566735921203,9,1,-23715.41501976281,-2.3403910927539533e-10,4,5,66.0,73.0
GPRO,OBV,"{'s': 5, 'l': 30, 'b': 0.5}",2019-09-25,400,-0.019504566735921203,9,1,-23715.41501976281,-2.3403910927539533e-10,4,5,66.0,73.0
GPRO,OBV,"{'s': 5, 'l': 30, 'b': 0.5}",2019-09-25,500,-0.019504566735921203,9,1,-23715.41501976281,-2.3403910927539533e-10,4,5,66.0,73.0
GPRO,OBV,"{'s': 5, 'l': 30, 'b': 0.5}",2019-09-25,600,-0.019504566735921203,9,1,-23715.41501976281,-2.3403910927539533e-10,4,5,66.0,73.0
GPRO,OBV,"{'s': 5, 'l': 30, 'b': 0.5}",2019-09-25,700,-0.019504566735921203,9,1,-23715.41501976281,-2.3403910927539533e-10,4,5,66.0,73.0
GPRO,OBV,"{'s': 5, 'l': 30, 'b': 0.5}",2019-09-25,800,-0.019504566735921203,9,1,-23715.41501976281,-2.3403910927539533e-10,4,5,66.0,73.0
GPRO,OBV,"{'s': 5, 'l': 30, 'b': 0.5}",2019-09-25,900,-0.019504566735921203,9,1,-23715.41501976281,-2.3403910927539533e-10,4,5,66.0,73.0
GPRO,OBV,"{'s': 5, 'l': 30, 'b': 0.5}",2019-09-25,1000,-0.019504566735921203,9,1,-23715.41501976281,-2.3403910927539533e-10,4,5,66.0,73.0
GPRO,OBV,"{'s': 5, 'l': 30, 'b': 0.5}",2019-09-26,0,-0.03650431581454474,8,0,-44795.78392621869,-23715.415019763044,2,6,4.0,64.0
GPRO,OBV,"{'s': 5, 'l': 30, 'b': 0.5}",2019-09-26,10,-0.03650431581454474,8,0,-44795.78392621869,-23715.415019763044,2,6,4.0,64.0
GPRO,OBV,"{'s': 5, 'l': 30, 'b': 0.5}",2019-09-26,20,-0.03650431581454474,8,0,-44795.78392621869,-23715.415019763044,2,6,4.0,64.0
GPRO,OBV,"{'s': 5, 'l': 30, 'b': 0.5}",2019-09-26,50,-0.03650431581454474,8,0,-44795.78392621869,-23715.415019763044,2,6,4.0,64.0
GPRO,OBV,"{'s': 5, 'l': 30, 'b': 0.5}",2019-09-26,100,-0.03650431581454474,8,0,-44795.78392621869,-23715.415019763044,2,6,4.0,64.0
GPRO,OBV,"{'s': 5, 'l': 30, 'b': 0.5}",2019-09-26,200,-0.03650431581454474,8,0,-44795.78392621869,-23715.415019763044,2,6,4.0,64.0
GPRO,OBV,"{'s': 5, 'l': 30, 'b': 0.5}",2019-09-26,300,-0.03650431581454474,8,0,-44795.78392621869,-23715.415019763044,2,6,4.0,64.0
GPRO,OBV,"{'s': 5, 'l': 30, 'b': 0.5}",2019-09-26,400,-0.03650431581454474,8,0,-44795.78392621869,-23715.415019763044,2,6,4.0,64.0
GPRO,OBV,"{'s': 5, 'l': 30, 'b': 0.5}",2019-09-26,500,-0.03650431581454474,8,0,-44795.78392621869,-23715.415019763044,2,6,4.0,64.0
GPRO,OBV,"{'s': 5, 'l': 30, 'b': 0.5}",2019-09-26,600,-0.03650431581454474,8,0,-44795.78392621869,-23715.415019763044,2,6,4.0,64.0
GPRO,OBV,"{'s': 5, 'l': 30, 'b': 0.5}",2019-09-26,700,-0.03650431581454474,8,0,-44795.78392621869,-23715.415019763044,2,6,4.0,64.0
GPRO,OBV,"{'s': 5, 'l': 30, 'b': 0.5}",2019-09-26,800,-0.03650431581454474,8,0,-44795.78392621869,-23715.415019763044,2,6,4.0,64.0
GPRO,OBV,"{'s': 5, 'l': 30, 'b': 0.5}",2019-09-26,900,-0.03650431581454474,8,0,-44795.78392621869,-23715.415019763044,2,6,4.0,64.0
GPRO,OBV,"{'s': 5, 'l': 30, 'b': 0.5}",2019-09-26,1000,-0.03650431581454474,8,0,-44795.78392621869,-23715.415019763044,2,6,4.0,64.0
GPRO,OBV,"{'s': 5, 'l': 30, 'b': 0.5}",2019-09-27,0,1.6201071505071805e-05,9,4,-2.3403910927539533e-10,23715.415019762575,5,4,38.0,67.0
GPRO,OBV,"{'s': 5, 'l': 30, 'b': 0.5}",2019-09-27,10,1.6201071505071805e-05,9,4,-2.3403910927539533e-10,23715.415019762575,5,4,38.0,67.0
GPRO,OBV,"{'s': 5, 'l': 30, 'b': 0.5}",2019-09-27,20,1.6201071505071805e-05,9,4,-2.3403910927539533e-10,23715.415019762575,5,4,38.0,67.0
GPRO,OBV,"{'s': 5, 'l': 30, 'b': 0.5}",2019-09-27,50,1.6201071505071805e-05,9,4,-2.3403910927539533e-10,23715.415019762575,5,4,38.0,67.0
GPRO,OBV,"{'s': 5, 'l': 30, 'b': 0.5}",2019-09-27,100,1.6201071505071805e-05,9,4,-2.3403910927539533e-10,23715.415019762575,5,4,38.0,67.0
GPRO,OBV,"{'s': 5, 'l': 30, 'b': 0.5}",2019-09-27,200,1.6201071505071805e-05,9,4,-2.3403910927539533e-10,23715.415019762575,5,4,38.0,67.0
GPRO,OBV,"{'s': 5, 'l': 30, 'b': 0.5}",2019-09-27,300,1.6201071505071805e-05,9,4,-2.3403910927539533e-10,23715.415019762575,5,4,38.0,67.0
GPRO,OBV,"{'s': 5, 'l': 30, 'b': 0.5}",2019-09-27,400,1.6201071505071805e-05,9,4,-2.3403910927539533e-10,23715.415019762575,5,4,38.0,67.0
GPRO,OBV,"{'s': 5, 'l': 30, 'b': 0.5}",2019-09-27,500,1.6201071505071805e-05,9,4,-2.3403910927539533e-10,23715.415019762575,5,4,38.0,67.0
GPRO,OBV,"{'s': 5, 'l': 30, 'b': 0.5}",2019-09-27,600,0.001984705008512904,9,4,2635.046113306693,26350.461133069737,5,4,38.0,67.0
GPRO,OBV,"{'s': 5, 'l': 30, 'b': 0.5}",2019-09-27,700,0.001984705008512904,9,4,2635.046113306693,26350.461133069737,5,4,38.0,67.0
GPRO,OBV,"{'s': 5, 'l': 30, 'b': 0.5}",2019-09-27,800,0.001984705008512904,9,4,2635.046113306693,26350.461133069737,5,4,38.0,67.0
GPRO,OBV,"{'s': 5, 'l': 30, 'b': 0.5}",2019-09-27,900,0.001984705008512904,9,4,2635.046113306693,26350.461133069737,5,4,38.0,67.0
GPRO,OBV,"{'s': 5, 'l': 30, 'b': 0.5}",2019-09-27,1000,0.001984705008512904,9,4,2635.046113306693,26350.461133069737,5,4,38.0,67.0
GPRO,OBV,"{'s': 5, 'l': 30, 'b': 0.5}",2019-09-30,0,0.0134317233154443,4,1,18445.322793148956,28985.5072463769,1,3,1.0,50.0
GPRO,OBV,"{'s': 5, 'l': 30, 'b': 0.5}",2019-09-30,10,0.0134317233154443,4,1,18445.322793148956,28985.5072463769,1,3,1.0,50.0
GPRO,OBV,"{'s': 5, 'l': 30, 'b': 0.5}",2019-09-30,20,0.0134317233154443,4,1,18445.322793148956,28985.5072463769,1,3,1.0,50.0
GPRO,OBV,"{'s': 5, 'l': 30, 'b': 0.5}",2019-09-30,50,0.0134317233154443,4,1,18445.322793148956,28985.5072463769,1,3,1.0,50.0
GPRO,OBV,"{'s': 5, 'l': 30, 'b': 0.5}",2019-09-30,100,0.0134317233154443,4,1,18445.322793148956,28985.5072463769,1,3,1.0,50.0
GPRO,OBV,"{'s': 5, 'l': 30, 'b': 0.5}",2019-09-30,200,0.0134317233154443,4,1,18445.322793148956,28985.5072463769,1,3,1.0,50.0
GPRO,OBV,"{'s': 5, 'l': 30, 'b': 0.5}",2019-09-30,300,0.0134317233154443,4,1,18445.322793148956,28985.5072463769,1,3,1.0,50.0
GPRO,OBV,"{'s': 5, 'l': 30, 'b': 0.5}",2019-09-30,400,0.0134317233154443,4,1,18445.322793148956,28985.5072463769,1,3,1.0,50.0
GPRO,OBV,"{'s': 5, 'l': 30, 'b': 0.5}",2019-09-30,500,0.0134317233154443,4,1,18445.322793148956,28985.5072463769,1,3,1.0,50.0
GPRO,OBV,"{'s': 5, 'l': 30, 'b': 0.5}",2019-09-30,600,0.0134317233154443,4,1,18445.322793148956,28985.5072463769,1,3,1.0,50.0
GPRO,OBV,"{'s': 5, 'l': 30, 'b': 0.5}",2019-09-30,700,0.0134317233154443,4,1,18445.322793148956,28985.5072463769,1,3,1.0,50.0
GPRO,OBV,"{'s': 5, 'l': 30, 'b': 0.5}",2019-09-30,800,0.0134317233154443,4,1,18445.322793148956,28985.5072463769,1,3,1.0,50.0
GPRO,OBV,"{'s': 5, 'l': 30, 'b': 0.5}",2019-09-30,900,0.0134317233154443,4,1,18445.322793148956,28985.5072463769,1,3,1.0,50.0
GPRO,OBV,"{'s': 5, 'l': 30, 'b': 0.5}",2019-09-30,1000,0.0134317233154443,4,1,18445.322793148956,28985.5072463769,1,3,1.0,50.0
GPRO,IMB,"{'k': 2, 'theta': 0.3}",2019-09-03,0,-0.0639249783781112,35,4,-63241.1067193673,28985.50724637643,25,10,82.0,17.0
GPRO,IMB,"{'k': 2, 'theta': 0.3}",2019-09-03,10,-0.0639249783781112,35,4,-63241.1067193673,28985.50724637643,25,10,82.0,17.0
GPRO,IMB,"{'k': 2, 'theta': 0.3}",2019-09-03,20,-0.0639249783781112,35,4,-63241.1067193673,28985.50724637643,25,10,82.0,17.0
GPRO,IMB,"{'k': 2, 'theta': 0.3}",2019-09-03,50,-0.0639249783781112,35,4,-63241.1067193673,28985.50724637643,25,10,82.0,17.0
GPRO,IMB,"{'k': 2, 'theta': 0.3}",2019-09-03,100,-0.0639249783781112,35,4,-63241.1067193673,28985.50724637643,25,10,82.0,17.0
GPRO,IMB,"{'k': 2, 'theta': 0.3}",2019-09-03,200,-0.0639249783781112,35,4,-63241.1067193673,28985.50724637643,25,10,82.0,17.0
GPRO,IMB,"{'k': 2, 'theta': 0.3}",2019-09-03,300,-0.0639249783781112,35,4,-63241.1067193673,28985.50724637643,25,10,82.0,17.0
GPRO,IMB,"{'k': 2, 'theta': 0.3}",2019-09-03,400,-0.0639249783781112,35,4,-63241.1067193673,28985.50724637643,25,10,82.0,17.0
GPRO,IMB,"{'k': 2, 'theta': 0.3}",2019-09-03,500,-0.0639249783781112,35,4,-63241.1067193673,28985.50724637643,25,10,82.0,17.0
GPRO,IMB,"{'k': 2, 'theta': 0.3}",2019-09-03,600,-0.0639249783781112,35,4,-63241.1067193673,28985.50724637643,25,10,82.0,17.0
GPRO,IMB,"{'k': 2, 'theta': 0.3}",2019-09-03,700,-0.0639249783781112,35,4,-63241.1067193673,28985.50724637643,25,10,82.0,17.0
GPRO,IMB,"{'k': 2, 'theta': 0.3}",2019-09-03,800,-0.0639249783781112,35,4,-63241.1067193673,28985.50724637643,25,10,82.0,17.0
GPRO,IMB,"{'k': 2, 'theta': 0.3}",2019-09-03,900,-0.0639249783781112,35,4,-63241.1067193673,28985.50724637643,25,10,82.0,17.0
GPRO,IMB,"{'k': 2, 'theta': 0.3}",2019-09-03,1000,-0.06662768108081384,35,4,-65876.15283267423,26350.461133069504,25,10,82.0,17.0
GPRO,IMB,"{'k': 2, 'theta': 0.3}",2019-09-04,0,-0.05396926868907315,26,3,-55335.96837944628,13175.230566534985,20,6,97.0,22.0
GPRO,IMB,"{'k': 2, 'theta': 0.3}",2019-09-04,10,-0.05396926868907315,26,3,-55335.96837944628,13175.230566534985,20,6,97.0,22.0
GPRO,IMB,"{'k': 2, 'theta': 0.3}",2019-09-04,20,-0.05396926868907315,26,3,-55335.96837944628,13175.230566534985,20,6,97.0,22.0
GPRO,IMB,"{'k': 2, 'theta': 0.3}",2019-09-04,50,-0.05396926868907315,26,3,-55335.96837944628,13175.230566534985,20,6,97.0,22.0
GPRO,IMB,"{'k': 2, 'theta': 0.3}",2019-09-04,100,-0.05396926868907315,26,3,-55335.96837944628,13175.230566534985,20,6,97.0,22.0
GPRO,IMB,"{'k': 2, 'theta': 0.3}",2019-09-04,200,-0.056526609055092436,26,3,-57971.01449275321,11857.707509881522,20,6,97.0,22.0
GPRO,IMB,"{'k': 2, 'theta': 0.3}",2019-09-04,300,-0.056526609055092436,26,3,-57971.01449275321,11857.707509881522,20,6,97.0,22.0
GPRO,IMB,"{'k': 2, 'theta': 0.3}",2019-09-04,400,-0.056526609055092436,26,3,-57971.01449275321,11857.707509881522,20,6,97.0,22.0
GPRO,IMB,"{'k': 2, 'theta': 0.3}",2019-09-04,500,-0.056526609055092436,26,3,-57971.01449275321,11857.707509881522,20,6,97.0,22.0
GPRO,IMB,"{'k': 2, 'theta': 0.3}",2019-09-04,600,-0.056526609055092436,26,3,-57971.01449275321,11857.707509881522,20,6,97.0,22.0
GPRO,IMB,"{'k': 2, 'theta': 0.3}",2019-09-04,700,-0.056526609055092436,26,3,-57971.01449275321,11857.707509881522,20,6,97.0,22.0
GPRO,IMB,"{'k': 2, 'theta': 0.3}",2019-09-04,800,-0.056526609055092436,26,3,-57971.01449275321,11857.707509881522,20,6,97.0,22.0
GPRO,IMB,"{'k': 2, 'theta': 0.3}",2019-09-04,900,-0.056526609055092436,26,3,-57971.01449275321,11857.707509881522,20,6,97.0,22.0
GPRO,IMB,"{'k': 2, 'theta': 0.3}",2019-09-04,1000,-0.056526609055092436,26,3,-57971.01449275321,11857.707509881522,20,6,97.0,22.0
GPRO,IMB,"{'k': 2, 'theta': 0.3}",2019-09-05,0,-0.041978428570002405,25,2,-44795.78392621857,21080.36890645612,10,15,41.0,65.0
GPRO,IMB,"{'k': 2, 'theta': 0.3}",2019-09-05,10,-0.041978428570002405,25,2,-44795.78392621857,21080.36890645612,10,15,41.0,65.0
GPRO,IMB,"{'k': 2, 'theta': 0.3}",2019-09-05,20,-0.041978428570002405,25,2,-44795.78392621857,21080.36890645612,10,15,41.0,65.0
GPRO,IMB,"{'k': 2, 'theta': 0.3}",2019-09-05,50,-0.041978428570002405,25,2,-44795.78392621857,21080.36890645612,10,15,41.0,65.0
GPRO,IMB,"{'k': 2, 'theta': 0.3}",2019-09-05,100,-0.041978428570002405,25,2,-44795.78392621857,21080.36890645612,10,15,41.0,65.0
GPRO,IMB,"{'k': 2, 'theta': 0.3}",2019-09-05,200,-0.041978428570002405,25,2,-44795.78392621857,21080.36890645612,10,15,41.0,65.0
GPRO,IMB,"{'k': 2, 'theta': 0.3}",2019-09-05,300,-0.041978428570002405,25,2,-44795.78392621857,21080.36890645612,10,15,41.0,65.0
GPRO,IMB,"{'k': 2, 'theta': 0.3}",2019-09-05,400,-0.041978428570002405,25,2,-44795.78392621857,21080.36890645612,10,15,41.0,65.0
GPRO,IMB,"{'k': 2, 'theta': 0.3}",2019-09-05,500,-0.041978428570002405,25,2,-44795.78392621857,21080.36890645612,10,15,41.0,65.0
GPRO,IMB,"{'k': 2, 'theta': 0.3}",2019-09-05,600,-0.041978428570002405,25,2,-44795.78392621857,21080.36890645612,10,15,41.0,65.0
GPRO,IMB,"{'k': 2, 'theta': 0.3}",2019-09-05,700,-0.041978428570002405,25,2,-44795.78392621857,21080.36890645612,10,15,41.0,65.0
GPRO,IMB,"{'k': 2, 'theta': 0.3}",2019-09-05,800,-0.041978428570002405,25,2,-44795.78392621857,21080.36890645612,10,15,41.0,65.0
GPRO,IMB,"{'k': 2, 'theta': 0.3}",2019-09-05,900,-0.041978428570002405,25,2,-44795.78392621857,21080.36890645612,10,15,41.0,65.0
GPRO,IMB,"{'k': 2, 'theta': 0.3}",2019-09-05,1000,-0.041978428570002405,25,2,-44795.78392621857,21080.36890645612,10,15,41.0,65.0
GPRO,IMB,"{'k': 2, 'theta': 0.3}",2019-09-06,0,-0.041374715616670464,18,2,-44795.78392621869,2635.046113307161,2,16,2.0,306.0
GPRO,IMB,"{'k': 2, 'theta': 0.3}",2019-09-06,10,-0.041374715616670464,18,2,-44795.78392621869,2635.046113307161,2,16,2.0,306.0
GPRO,IMB,"{'k': 2, 'theta': 0.3}",2019-09-06,20,-0.041374715616670464,18,2,-44795.78392621869,2635.046113307161,2,16,2.0,306.0
GPRO,IMB,"{'k': 2, 'theta': 0.3}",2019-09-06,50,-0.041374715616670464,18,2,-44795.78392621869,2635.046113307161,2,16,2.0,306.0
GPRO,IMB,"{'k': 2, 'theta': 0.3}",2019-09-06,100,-0.041374715616670464,18,2,-44795.78392621869,2635.046113307161,2,16,2.0,306.0
GPRO,IMB,"{'k': 2, 'theta': 0.3}",2019-09-06,200,-0.041374715616670464,18,2,-44795.78392621869,2635.046113307161,2,16,2.0,306.0
GPRO,IMB,"{'k': 2, 'theta': 0.3}",2019-09-06,300,-0.041374715616670464,18,2,-44795.78392621869,2635.046113307161,2,16,2.0,306.0
GPRO,IMB,"{'k': 2, 'theta': 0.3}",2019-09-06,400,-0.041374715616670464,18,2,-44795.78392621869,2635.046113307161,2,16,2.0,306.0
GPRO,IMB,"{'k': 2, 'theta': 0.3}",2019-09-06,500,-0.041374715616670464,18,2,-44795.78392621869,2635.046113307161,2,16,2.0,306.0
GPRO,IMB,"{'k': 2, 'theta': 0.3}",2019-09-06,600,-0.041374715616670464,18,2,-44795.78392621869,2635.046113307161,2,16,2.0,306.0
GPRO,IMB,"{'k': 2, 'theta': 0.3}",2019-09-06,700,-0.041374715616670464,18,2,-44795.78392621869,2635.046113307161,2,16,2.0,306.0
GPRO,IMB,"{'k': 2, 'theta': 0.3}",2019-09-06,800,-0.041374715616670464,18,2,-44795.78392621869,2635.046113307161,2,16,2.0,306.0
GPRO,IMB,"{'k': 2, 'theta': 0.3}",2019-09-06,900,-0.041374715616670464,18,2,-44795.78392621869,2635.046113307161,2,16,2.0,306.0
GPRO,IMB,"{'k': 2, 'theta': 0.3}",2019-09-06,1000,-0.041374715616670464,18,2,-44795.78392621869,2635.046113307161,2,16,2.0,306.0
GPRO,IMB,"{'k': 2, 'theta': 0.3}",2019-09-09,0,-0.07246211880693564,31,4,-81686.42951251731,4.680782185507907e-10,8,23,24.0,156.0
GPRO,IMB,"{'k': 2, 'theta': 0.3}",2019-09-09,10,-0.07246211880693564,31,4,-81686.42951251731,4.680782185507907e-10,8,23,24.0,156.0
GPRO,IMB,"{'k': 2, 'theta': 0.3}",2019-09-09,20,-0.07246211880693564,31,4,-81686.42951251731,4.680782185507907e-10,8,23,24.0,156.0
GPRO,IMB,"{'k': 2, 'theta': 0.3}",2019-09-09,50,-0.07246211880693564,31,4,-81686.42951251731,4.680782185507907e-10,8,23,24.0,156.0
GPRO,IMB,"{'k': 2, 'theta': 0.3}",2019-09-09,100,-0.07246211880693564,31,4,-81686.42951251731,4.680782185507907e-10,8,23,24.0,156.0
GPRO,IMB,"{'k': 2, 'theta': 0.3}",2019-09-09,200,-0.07480403918164286,31,3,-84321.47562582423,-2635.046113306693,8,23,24.0,156.0
GPRO,IMB,"{'k': 2, 'theta': 0.3}",2019-09-09,300,-0.07480403918164286,31,3,-84321.47562582423,-2635.046113306693,8,23,24.0,156.0
GPRO,IMB,"{'k': 2, 'theta': 0.3}",2019-09-09,400,-0.07480403918164286,31,3,-84321.47562582423,-2635.046113306693,8,23,24.0,156.0
GPRO,IMB,"{'k': 2, 'theta': 0.3}",2019-09-09,500,-0.07480403918164286,31,3,-84321.47562582423,-2635.046113306693,8,23,24.0,156.0
GPRO,IMB,"{'k': 2, 'theta': 0.3}",2019-09-09,600,-0.07480403918164286,31,3,-84321.47562582423,-2635.046113306693,8,23,24.0,156.0
GPRO,IMB,"{'k': 2, 'theta': 0.3}",2019-09-09,700,-0.07480403918164286,31,3,-84321.47562582423,-2635.046113306693,8,23,24.0,156.0
GPRO,IMB,"{'k': 2, 'theta': 0.3}",2019-09-09,800,-0.07480403918164286,31,3,-84321.47562582423,-2635.046113306693,8,23,24.0,156.0
GPRO,IMB,"{'k': 2, 'theta': 0.3}",2019-09-09,900,-0.07480403918164286,31,3,-84321.47562582423,-2635.046113306693,8,23,24.0,156.0
GPRO,IMB,"{'k': 2, 'theta': 0.3}",2019-09-09,1000,-0.07480403918164286,31,3,-84321.47562582423,-2635.046113306693,8,23,24.0,156.0
GPRO,IMB,"{'k': 2, 'theta': 0.3}",2019-09-10,0,-0.05839894245437641,37,4,-71146.24505928889,26350.461133069504,16,21,34.0,61.0
GPRO,IMB,"{'k': 2, 'theta': 0.3}",2019-09-10,10,-0.05839894245437641,37,4,-71146.24505928889,26350.461133069504,16,21,34.0,61.0
GPRO,IMB,"{'k': 2, 'theta': 0.3}",2019-09-10,20,-0.05839894245437641,37,4,-71146.24505928889,26350.461133069504,16,21,34.0,61.0
GPRO,IMB,"{'k': 2, 'theta': 0.3}",2019-09-10,50,-0.05839894245437641,37,4,-71146.24505928889,26350.461133069504,16,21,34.0,61.0
GPRO,IMB,"{'k': 2, 'theta': 0.3}",2019-09-10,100,-0.056239115240553555,37,4,-68511.19894598197,28985.50724637643,16,21,34.0,61.0
GPRO,IMB,"{'k': 2, 'theta': 0.3}",2019-09-10,200,-0.056239115240553555,37,4,-68511.19894598197,28985.50724637643,16,21,34.0,61.0
GPRO,IMB,"{'k': 2, 'theta': 0.3}",2019-09-10,300,-0.056239115240553555,37,4,-68511.19894598197,28985.50724637643,16,21,34.0,61.0
GPRO,IMB,"{'k': 2, 'theta': 0.3}",2019-09-10,400,-0.056239115240553555,37,4,-68511.19894598197,28985.50724637643,16,21,34.0,61.0
GPRO,IMB,"{'k': 2, 'theta': 0.3}",2019-09-10,500,-0.05837586737730565,37,4,-71146.24505928889,26350.461133069268,16,21,34.0,61.0
GPRO,IMB,"{'k': 2, 'theta': 0.3}",2019-09-10,600,-0.05837586737730565,37,4,-71146.24505928889,26350.461133069268,16,21,34.0,61.0
GPRO,IMB,"{'k': 2, 'theta': 0.3}",2019-09-10,700,-0.05837586737730565,37,4,-71146.24505928889,26350.461133069268,16,21,34.0,61.0
GPRO,IMB,"{'k': 2, 'theta': 0.3}",2019-09-10,800,-0.05837586737730565,37,4,-71146.24505928889,26350.461133069268,16,21,34.0,61.0
GPRO,IMB,"{'k': 2, 'theta': 0.3}",2019-09-10,900,-0.05837586737730565,37,4,-71146.24505928889,26350.461133069268,16,21,34.0,61.0
GPRO,IMB,"{'k': 2, 'theta': 0.3}",2019-09-10,1000,-0.05837586737730565,37,4,-71146.24505928889,26350.461133069268,16,21,34.0,61.0
GPRO,IMB,"{'k': 2, 'theta': 0.3}",2019-09-11,0,-0.07132757399483299,35,1,-86956.52173913093,6587.615283267785,18,17,34.0,25.0
GPRO,IMB,"{'k': 2, 'theta': 0.3}",2019-09-11,10,-0.07132757399483299,35,1,-86956.52173913093,6587.615283267785,18,17,34.0,25.0
GPRO,IMB,"{'k': 2, 'theta': 0.3}",2019-09-11,20,-0.07132757399483299,35,1,-86956.52173913093,6587.615283267785,18,17,34.0,25.0
GPRO,IMB,"{'k': 2, 'theta': 0.3}",2019-09-11,50,-0.07132757399483299,35,1,-86956.52173913093,6587.615283267785,18,17,34.0,25.0
GPRO,IMB,"{'k': 2, 'theta': 0.3}",2019-09-11,100,-0.07132757399483299,35,1,-86956.52173913093,6587.615283267785,18,17,34.0,25.0
GPRO,IMB,"{'k': 2, 'theta': 0.3}",2019-09-11,200,-0.07132757399483299,35,1,-86956.52173913093,6587.615283267785,18,17,34.0,25.0
GPRO,IMB,"{'k': 2, 'theta': 0.3}",2019-09-11,300,-0.07132757399483299,35,1,-86956.52173913093,6587.615283267785,18,17,34.0,25.0
GPRO,IMB,"{'k': 2, 'theta': 0.3}",2019-09-11,400,-0.07132757399483299,35,1,-86956.52173913093,6587.615283267785,18,17,34.0,25.0
GPRO,IMB,"{'k': 2, 'theta': 0.3}",2019-09-11,500,-0.07132757399483299,35,1,-86956.52173913093,6587.615283267785,18,17,34.0,25.0
GPRO,IMB,"{'k': 2, 'theta': 0.3}",2019-09-11,600,-0.07132757399483299,35,1,-86956.52173913093,6587.615283267785,18,17,34.0,25.0
GPRO,IMB,"{'k': 2, 'theta': 0.3}",2019-09-11,700,-0.07132757399483299,35,1,-86956.52173913093,6587.615283267785,18,17,34.0,25.0
GPRO,IMB,"{'k': 2, 'theta': 0.3}",2019-09-11,800,-0.07132757399483299,35,1,-86956.52173913093,6587.615283267785,18,17,34.0,25.0
GPRO,IMB,"{'k': 2, 'theta': 0.3}",2019-09-11,900,-0.07132757399483299,35,1,-86956.52173913093,6587.615283267785,18,17,34.0,25.0
GPRO,IMB,"{'k': 2, 'theta': 0.3}",2019-09-11,1000,-0.07132757399483299,35,1,-86956.52173913093,6587.615283267785,18,17,34.0,25.0
GPRO,IMB,"{'k': 2, 'theta': 0.3}",2019-09-12,0,-0.05474523910577773,31,3,-65876.15283267364,15810.276679842966,19,12,41.0,28.0
GPRO,IMB,"{'k': 2, 'theta': 0.3}",2019-09-12,10,-0.05474523910577773,31,3,-65876.15283267364,15810.276679842966,19,12,41.0,28.0
GPRO,IMB,"{'k': 2, 'theta': 0.3}",2019-09-12,20,-0.05474523910577773,31,3,-65876.15283267364,15810.276679842966,19,12,41.0,28.0
GPRO,IMB,"{'k': 2, 'theta': 0.3}",2019-09-12,50,-0.05474523910577773,31,3,-65876.15283267364,15810.276679842966,19,12,41.0,28.0
GPRO,IMB,"{'k': 2, 'theta': 0.3}",2019-09-12,100,-0.05474523910577773,31,3,-65876.15283267364,15810.276679842966,19,12,41.0,28.0
GPRO,IMB,"{'k': 2, 'theta': 0.3}",2019-09-12,200,-0.05474523910577773,31,3,-65876.15283267364,15810.276679842966,19,12,41.0,28.0
GPRO,IMB,"{'k': 2, 'theta': 0.3}",2019-09-12,300,-0.05474523910577773,31,3,-65876.15283267364,15810.276679842966,19,12,41.0,28.0
GPRO,IMB,"{'k': 2, 'theta': 0.3}",2019-09-12,400,-0.05474523910577773,31,3,-65876.15283267364,15810.276679842966,19,12,41.0,28.0
GPRO,IMB,"{'k': 2, 'theta': 0.3}",2019-09-12,500,-0.05474523910577773,31,3,-65876.15283267364,15810.276679842966,19,12,41.0,28.0
GPRO,IMB,"{'k': 2, 'theta': 0.3}",2019-09-12,600,-0.05474523910577773,31,3,-65876.15283267364,15810.276679842966,19,12,41.0,28.0
GPRO,IMB,"{'k': 2, 'theta': 0.3}",2019-09-12,700,-0.05474523910577773,31,3,-65876.15283267364,15810.276679842966,19,12,41.0,28.0
GPRO,IMB,"{'k': 2, 'theta': 0.3}",2019-09-12,800,-0.05474523910577773,31,3,-65876.15283267364,15810.276679842966,19,12,41.0,28.0
GPRO,IMB,"{'k': 2, 'theta': 0.3}",2019-09-12,900,-0.05474523910577773,31,3,-65876.15283267364,15810.276679842966,19,12,41.0,28.0
GPRO,IMB,"{'k': 2, 'theta': 0.3}",2019-09-12,1000,-0.05474523910577773,31,3,-65876.15283267364,15810.276679842966,19,12,41.0,28.0
GPRO,IMB,"{'k': 2, 'theta': 0.3}",2019-09-13,0,-0.048055651904766745,33,0,-57971.01449275403,28985.5072463769,10,23,26.0,69.0
GPRO,IMB,"{'k': 2, 'theta': 0.3}",2019-09-13,10,-0.048055651904766745,33,0,-57971.01449275403,28985.5072463769,10,23,26.0,69.0
GPRO,IMB,"{'k': 2, 'theta': 0.3}",2019-09-13,20,-0.048055651904766745,33,0,-57971.01449275403,28985.5072463769,10,23,26.0,69.0
GPRO,IMB,"{'k': 2, 'theta': 0.3}",2019-09-13,50,-0.048055651904766745,33,0,-57971.01449275403,28985.5072463769,10,23,26.0,69.0
GPRO,IMB,"{'k': 2, 'theta': 0.3}",2019-09-13,100,-0.048055651904766745,33,0,-57971.01449275403,28985.5072463769,10,23,26.0,69.0
GPRO,IMB,"{'k': 2, 'theta': 0.3}",2019-09-13,200,-0.048055651904766745,33,0,-57971.01449275403,28985.5072463769,10,23,26.0,69.0
GPRO,IMB,"{'k': 2, 'theta': 0.3}",2019-09-13,300,-0.048055651904766745,33,0,-57971.01449275403,28985.5072463769,10,23,26.0,69.0
GPRO,IMB,"{'k': 2, 'theta': 0.3}",2019-09-13,400,-0.048055651904766745,33,0,-57971.01449275403,28985.5072463769,10,23,26.0,69.0
GPRO,IMB,"{'k': 2, 'theta': 0.3}",2019-09-13,500,-0.048055651904766745,33,0,-57971.01449275403,28985.5072463769,10,23,26.0,69.0
GPRO,IMB,"{'k': 2, 'theta': 0.3}",2019-09-13,600,-0.048055651904766745,33,0,-57971.01449275403,28985.5072463769,10,23,26.0,69.0
GPRO,IMB,"{'k': 2, 'theta': 0.3}",2019-09-13,700,-0.048055651904766745,33,0,-57971.01449275403,28985.5072463769,10,23,26.0,69.0
GPRO,IMB,"{'k': 2, 'theta': 0.3}",2019-09-13,800,-0.048055651904766745,33,0,-57971.01449275403,28985.5072463769,10,23,26.0,69.0
GPRO,IMB,"{'k': 2, 'theta': 0.3}",2019-09-13,900,-0.048055651904766745,33,0,-57971.01449275403,28985.5072463769,10,23,26.0,69.0
GPRO,IMB,"{'k': 2, 'theta': 0.3}",2019-09-13,1000,-0.048055651904766745,33,0,-57971.01449275403,28985.5072463769,10,23,26.0,69.0
GPRO,IMB,"{'k': 2, 'theta': 0.3}",2019-09-16,0,-0.03442910360253343,25,1,-42160.73781291153,23715.41501976281,14,11,31.0,48.0
GPRO,IMB,"{'k': 2, 'theta': 0.3}",2019-09-16,10,-0.03442910360253343,25,1,-42160.73781291153,23715.41501976281,14,11,31.0,48.0
GPRO,IMB,"{'k': 2, 'theta': 0.3}",2019-09-16,20,-0.03442910360253343,25,1,-42160.73781291153,23715.41501976281,14,11,31.0,48.0
GPRO,IMB,"{'k': 2, 'theta': 0.3}",2019-09-16,50,-0.03442910360253343,25,1,-42160.73781291153,23715.41501976281,14,11,31.0,48.0
GPRO,IMB,"{'k': 2, 'theta': 0.3}",2019-09-16,100,-0.032269276388710584,25,1,-39525.691699604606,26350.461133069737,14,11,31.0,48.0
GPRO,IMB,"{'k': 2, 'theta': 0.3}",2019-09-16,200,-0.032269276388710584,25,1,-39525.691699604606,26350.461133069737,14,11,31.0,48.0
GPRO,IMB,"{'k': 2, 'theta': 0.3}",2019-09-16,300,-0.032269276388710584,25,1,-39525.691699604606,26350.461133069737,14,11,31.0,48.0
GPRO,IMB,"{'k': 2, 'theta': 0.3}",2019-09-16,400,-0.032269276388710584,25,1,-39525.691699604606,26350.461133069737,14,11,31.0,48.0
GPRO,IMB,"{'k': 2, 'theta': 0.3}",2019-09-16,500,-0.032269276388710584,25,1,-39525.691699604606,26350.461133069737,14,11,31.0,48.0
GPRO,IMB,"{'k': 2, 'theta': 0.3}",2019-09-16,600,-0.032269276388710584,25,1,-39525.691699604606,26350.461133069737,14,11,31.0,48.0
GPRO,IMB,"{'k': 2, 'theta': 0.3}",2019-09-16,700,-0.032269276388710584,25,1,-39525.691699604606,26350.461133069737,14,11,31.0,48.0
GPRO,IMB,"{'k': 2, 'theta': 0.3}",2019-09-16,800,-0.032269276388710584,25,1,-39525.691699604606,26350.461133069737,14,11,31.0,48.0
GPRO,IMB,"{'k': 2, 'theta': 0.3}",2019-09-16,900,-0.032269276388710584,25,1,-39525.691699604606,26350.461133069737,14,11,31.0,48.0
GPRO,IMB,"{'k': 2, 'theta': 0.3}",2019-09-16,1000,-0.032269276388710584,25,1,-39525.691699604606,26350.461133069737,14,11,31.0,48.0
GPRO,IMB,"{'k': 2, 'theta': 0.3}",2019-09-17,0,-0.048669559726180624,31,2,-57971.014492753326,23715.415019763746,20,11,71.0,30.0
GPRO,IMB,"{'k': 2, 'theta': 0.3}",2019-09-17,10,-0.048669559726180624,31,2,-57971.014492753326,23715.415019763746,20,11,71.0,30.0
GPRO,IMB,"{'k': 2, 'theta': 0.3}",2019-09-17,20,-0.048669559726180624,31,2,-57971.014492753326,23715.415019763746,20,11,71.0,30.0
GPRO,IMB,"{'k': 2, 'theta': 0.3}",2019-09-17,50,-0.048669559726180624,31,2,-57971.014492753326,23715.415019763746,20,11,71.0,30.0
GPRO,IMB,"{'k': 2, 'theta': 0.3}",2019-09-17,100,-0.048669559726180624,31,2,-57971.014492753326,23715.415019763746,20,11,71.0,30.0
GPRO,IMB,"{'k': 2, 'theta': 0.3}",2019-09-17,200,-0.048669559726180624,31,2,-57971.014492753326,23715.415019763746,20,11,71.0,30.0
GPRO,IMB,"{'k': 2, 'theta': 0.3}",2019-09-17,300,-0.048669559726180624,31,2,-57971.014492753326,23715.415019763746,20,11,71.0,30.0
GPRO,IMB,"{'k': 2, 'theta': 0.3}",2019-09-17,400,-0.048669559726180624,31,2,-57971.014492753326,23715.415019763746,20,11,71.0,30.0
GPRO,IMB,"{'k': 2, 'theta': 0.3}",2019-09-17,500,-0.048669559726180624,31,2,-57971.014492753326,23715.415019763746,20,11,71.0,30.0
GPRO,IMB,"{'k': 2, 'theta': 0.3}",2019-09-17,600,-0.048669559726180624,31,2,-57971.014492753326,23715.415019763746,20,11,71.0,30.0
GPRO,IMB,"{'k': 2, 'theta': 0.3}",2019-09-17,700,-0.048669559726180624,31,2,-57971.014492753326,23715.415019763746,20,11,71.0,30.0
GPRO,IMB,"{'k': 2, 'theta': 0.3}",2019-09-17,800,-0.048669559726180624,31,2,-57971.014492753326,23715.415019763746,20,11,71.0,30.0
GPRO,IMB,"{'k': 2, 'theta': 0.3}",2019-09-17,900,-0.048669559726180624,31,2,-57971.014492753326,23715.415019763746,20,11,71.0,30.0
GPRO,IMB,"{'k': 2, 'theta': 0.3}",2019-09-17,1000,-0.048669559726180624,31,2,-57971.014492753326,23715.415019763746,20,11,71.0,30.0
GPRO,IMB,"{'k': 2, 'theta': 0.3}",2019-09-18,0,-0.0597142921434532,26,1,-71146.24505928773,-2635.046113307395,24,2,153.0,4.0
GPRO,IMB,"{'k': 2, 'theta': 0.3}",2019-09-18,10,-0.0597142921434532,26,1,-71146.24505928773,-2635.046113307395,24,2,153.0,4.0
GPRO,IMB,"{'k': 2, 'theta': 0.3}",2019-09-18,20,-0.0597142921434532,26,1,-71146.24505928773,-2635.046113307395,24,2,153.0,4.0
GPRO,IMB,"{'k': 2, 'theta': 0.3}",2019-09-18,50,-0.0597142921434532,26,1,-71146.24505928773,-2635.046113307395,24,2,153.0,4.0
GPRO,IMB,"{'k': 2, 'theta': 0.3}",2019-09-18,100,-0.0597142921434532,26,1,-71146.24505928773,-2635.046113307395,24,2,153.0,4.0
GPRO,IMB,"{'k': 2, 'theta': 0.3}",2019-09-18,200,-0.0597142921434532,26,1,-71146.24505928773,-2635.046113307395,24,2,153.0,4.0
GPRO,IMB,"{'k': 2, 'theta': 0.3}",2019-09-18,300,-0.061931587043674886,26,1,-73781.29117259465,-5270.092226614322,24,2,153.0,4.0
GPRO,IMB,"{'k': 2, 'theta': 0.3}",2019-09-18,400,-0.059776475344094686,26,1,-71146.24505928773,-2635.046113307395,24,2,153.0,4.0
GPRO,IMB,"{'k': 2, 'theta': 0.3}",2019-09-18,500,-0.059776475344094686,26,1,-71146.24505928773,-2635.046113307395,24,2,153.0,4.0
GPRO,IMB,"{'k': 2, 'theta': 0.3}",2019-09-18,600,-0.059776475344094686,26,1,-71146.24505928773,-2635.046113307395,24,2,153.0,4.0
GPRO,IMB,"{'k': 2, 'theta': 0.3}",2019-09-18,700,-0.059776475344094686,26,1,-71146.24505928773,-2635.046113307395,24,2,153.0,4.0
GPRO,IMB,"{'k': 2, 'theta': 0.3}",2019-09-18,800,-0.059776475344094686,26,1,-71146.24505928773,-2635.046113307395,24,2,153.0,4.0
GPRO,IMB,"{'k': 2, 'theta': 0.3}",2019-09-18,900,-0.059776475344094686,26,1,-71146.24505928773,-2635.046113307395,24,2,153.0,4.0
GPRO,IMB,"{'k': 2, 'theta': 0.3}",2019-09-18,1000,-0.059776475344094686,26,1,-71146.24505928773,-2635.046113307395,24,2,153.0,4.0
GPRO,IMB,"{'k': 2, 'theta': 0.3}",2019-09-19,0,-0.05913519651148973,29,1,-71146.24505928843,5270.092226614088,22,7,99.0,20.0
GPRO,IMB,"{'k': 2, 'theta': 0.3}",2019-09-19,10,-0.05913519651148973,29,1,-71146.24505928843,5270.092226614088,22,7,99.0,20.0
GPRO,IMB,"{'k': 2, 'theta': 0.3}",2019-09-19,20,-0.05913519651148973,29,1,-71146.24505928843,5270.092226614088,22,7,99.0,20.0
GPRO,IMB,"{'k': 2, 'theta': 0.3}",2019-09-19,50,-0.05913519651148973,29,1,-71146.24505928843,5270.092226614088,22,7,99.0,20.0
GPRO,IMB,"{'k': 2, 'theta': 0.3}",2019-09-19,100,-0.05913519651148973,29,1,-71146.24505928843,5270.092226614088,22,7,99.0,20.0
GPRO,IMB,"{'k': 2, 'theta': 0.3}",2019-09-19,200,-0.05913519651148973,29,1,-71146.24505928843,5270.092226614088,22,7,99.0,20.0
GPRO,IMB,"{'k': 2, 'theta': 0.3}",2019-09-19,300,-0.05913519651148973,29,1,-71146.24505928843,5270.092226614088,22,7,99.0,20.0
GPRO,IMB,"{'k': 2, 'theta': 0.3}",2019-09-19,400,-0.05913519651148973,29,1,-71146.24505928843,5270.092226614088,22,7,99.0,20.0
GPRO,IMB,"{'k': 2, 'theta': 0.3}",2019-09-19,500,-0.05913519651148973,29,1,-71146.24505928843,5270.092226614088,22,7,99.0,20.0
GPRO,IMB,"{'k': 2, 'theta': 0.3}",2019-09-19,600,-0.05913519651148973,29,1,-71146.24505928843,5270.092226614088,22,7,99.0,20.0
GPRO,IMB,"{'k': 2, 'theta': 0.3}",2019-09-19,700,-0.05913519651148973,29,1,-71146.24505928843,5270.092226614088,22,7,99.0,20.0
GPRO,IMB,"{'k': 2, 'theta': 0.3}",2019-09-19,800,-0.05913519651148973,29,1,-71146.24505928843,5270.092226614088,22,7,99.0,20.0
GPRO,IMB,"{'k': 2, 'theta': 0.3}",2019-09-19,900,-0.05913519651148973,29,1,-71146.24505928843,5270.092226614088,22,7,99.0,20.0
GPRO,IMB,"{'k': 2, 'theta': 0.3}",2019-09-19,1000,-0.05913519651148973,29,1,-71146.24505928843,5270.092226614088,22,7,99.0,20.0
GPRO,IMB,"{'k': 2, 'theta': 0.3}",2019-09-20,0,-0.05200529059344324,27,1,-63241.106719366944,10540.184453227708,15,12,23.0,32.0
GPRO,IMB,"{'k': 2, 'theta': 0.3}",2019-09-20,10,-0.05200529059344324,27,1,-63241.106719366944,10540.184453227708,15,12,23.0,32.0
GPRO,IMB,"{'k': 2, 'theta': 0.3}",2019-09-20,20,-0.05200529059344324,27,1,-63241.106719366944,10540.184453227708,15,12,23.0,32.0
GPRO,IMB,"{'k': 2, 'theta': 0.3}",2019-09-20,50,-0.05200529059344324,27,1,-63241.106719366944,10540.184453227708,15,12,23.0,32.0
GPRO,IMB,"{'k': 2, 'theta': 0.3}",2019-09-20,100,-0.05200529059344324,27,1,-63241.106719366944,10540.184453227708,15,12,23.0,32.0
GPRO,IMB,"{'k': 2, 'theta': 0.3}",2019-09-20,200,-0.05200529059344324,27,1,-63241.106719366944,10540.184453227708,15,12,23.0,32.0
GPRO,IMB,"{'k': 2, 'theta': 0.3}",2019-09-20,300,-0.05200529059344324,27,1,-63241.106719366944,10540.184453227708,15,12,23.0,32.0
GPRO,IMB,"{'k': 2, 'theta': 0.3}",2019-09-20,400,-0.05200529059344324,27,1,-63241.106719366944,10540.184453227708,15,12,23.0,32.0
GPRO,IMB,"{'k': 2, 'theta': 0.3}",2019-09-20,500,-0.05200529059344324,27,1,-63241.106719366944,10540.184453227708,15,12,23.0,32.0
GPRO,IMB,"{'k': 2, 'theta': 0.3}",2019-09-20,600,-0.05200529059344324,27,1,-63241.106719366944,10540.184453227708,15,12,23.0,32.0
GPRO,IMB,"{'k': 2, 'theta': 0.3}",2019-09-20,700,-0.04984546337962039,27,1,-60606.06060606002,11857.707509881171,15,12,23.0,32.0
GPRO,IMB,"{'k': 2, 'theta': 0.3}",2019-09-20,800,-0.04984546337962039,27,1,-60606.06060606002,11857.707509881171,15,12,23.0,32.0
GPRO,IMB,"{'k': 2, 'theta': 0.3}",2019-09-20,900,-0.04984546337962039,27,1,-60606.06060606002,11857.707509881171,15,12,23.0,32.0
GPRO,IMB,"{'k': 2, 'theta': 0.3}",2019-09-20,1000,-0.04984546337962039,27,1,-60606.06060606002,11857.707509881171,15,12,23.0,32.0
GPRO,IMB,"{'k': 2, 'theta': 0.3}",2019-09-23,0,-0.031673678924337124,31,6,-39525.69169960484,42160.73781291153,19,12,66.0,43.0
GPRO,IMB,"{'k': 2, 'theta': 0.3}",2019-09-23,10,-0.031673678924337124,31,6,-39525.69169960484,42160.73781291153,19,12,66.0,43.0
GPRO,IMB,"{'k': 2, 'theta': 0.3}",2019-09-23,20,-0.031673678924337124,31,6,-39525.69169960484,42160.73781291153,19,12,66.0,43.0
GPRO,IMB,"{'k': 2, 'theta': 0.3}",2019-09-23,50,-0.031673678924337124,31,6,-39525.69169960484,42160.73781291153,19,12,66.0,43.0
GPRO,IMB,"{'k': 2, 'theta': 0.3}",2019-09-23,100,-0.031673678924337124,31,6,-39525.69169960484,42160.73781291153,19,12,66.0,43.0
GPRO,IMB,"{'k': 2, 'theta': 0.3}",2019-09-23,200,-0.031673678924337124,31,6,-39525.69169960484,42160.73781291153,19,12,66.0,43.0
GPRO,IMB,"{'k': 2, 'theta': 0.3}",2019-09-23,300,-0.031673678924337124,31,6,-39525.69169960484,42160.73781291153,19,12,66.0,43.0
GPRO,IMB,"{'k': 2, 'theta': 0.3}",2019-09-23,400,-0.031673678924337124,31,6,-39525.69169960484,42160.73781291153,19,12,66.0,43.0
GPRO,IMB,"{'k': 2, 'theta': 0.3}",2019-09-23,500,-0.031673678924337124,31,6,-39525.69169960484,42160.73781291153,19,12,66.0,43.0
GPRO,IMB,"{'k': 2, 'theta': 0.3}",2019-09-23,600,-0.031673678924337124,31,6,-39525.69169960484,42160.73781291153,19,12,66.0,43.0
GPRO,IMB,"{'k': 2, 'theta': 0.3}",2019-09-23,700,-0.031673678924337124,31,6,-39525.69169960484,42160.73781291153,19,12,66.0,43.0
GPRO,IMB,"{'k': 2, 'theta': 0.3}",2019-09-23,800,-0.031673678924337124,31,6,-39525.69169960484,42160.73781291153,19,12,66.0,43.0
GPRO,IMB,"{'k': 2, 'theta': 0.3}",2019-09-23,900,-0.031673678924337124,31,6,-39525.69169960484,42160.73781291153,19,12,66.0,43.0
GPRO,IMB,"{'k': 2, 'theta': 0.3}",2019-09-23,1000,-0.031673678924337124,31,6,-39525.69169960484,42160.73781291153,19,12,66.0,43.0
GPRO,IMB,"{'k': 2, 'theta': 0.3}",2019-09-24,0,-0.07136005966621099,41,4,-84321.4756258226,23715.415019762575,9,32,18.0,117.0
GPRO,IMB,"{'k': 2, 'theta': 0.3}",2019-09-24,10,-0.07136005966621099,41,4,-84321.4756258226,23715.415019762575,9,32,18.0,117.0
GPRO,IMB,"{'k': 2, 'theta': 0.3}",2019-09-24,20,-0.07136005966621099,41,4,-84321.4756258226,23715.415019762575,9,32,18.0,117.0
GPRO,IMB,"{'k': 2, 'theta': 0.3}",2019-09-24,50,-0.07136005966621099,41,4,-84321.4756258226,23715.415019762575,9,32,18.0,117.0
GPRO,IMB,"{'k': 2, 'theta': 0.3}",2019-09-24,100,-0.07136005966621099,41,4,-84321.4756258226,23715.415019762575,9,32,18.0,117.0
GPRO,IMB,"{'k': 2, 'theta': 0.3}",2019-09-24,200,-0.07136005966621099,41,4,-84321.4756258226,23715.415019762575,9,32,18.0,117.0
GPRO,IMB,"{'k': 2, 'theta': 0.3}",2019-09-24,300,-0.07136005966621099,41,4,-84321.4756258226,23715.415019762575,9,32,18.0,117.0
GPRO,IMB,"{'k': 2, 'theta': 0.3}",2019-09-24,400,-0.07136005966621099,41,4,-84321.4756258226,23715.415019762575,9,32,18.0,117.0
GPRO,IMB,"{'k': 2, 'theta': 0.3}",2019-09-24,500,-0.07136005966621099,41,4,-84321.4756258226,23715.415019762575,9,32,18.0,117.0
GPRO,IMB,"{'k': 2, 'theta': 0.3}",2019-09-24,600,-0.07358723115841584,41,4,-86956.52173912952,21080.36890645565,9,32,18.0,117.0
GPRO,IMB,"{'k': 2, 'theta': 0.3}",2019-09-24,700,-0.07358723115841584,41,4,-86956.52173912952,21080.36890645565,9,32,18.0,117.0
GPRO,IMB,"{'k': 2, 'theta': 0.3}",2019-09-24,800,-0.07358723115841584,41,4,-86956.52173912952,21080.36890645565,9,32,18.0,117.0
GPRO,IMB,"{'k': 2, 'theta': 0.3}",2019-09-24,900,-0.07358723115841584,41,4,-86956.52173912952,21080.36890645565,9,32,18.0,117.0
GPRO,IMB,"{'k': 2, 'theta': 0.3}",2019-09-24,1000,-0.07136005966621099,41,4,-84321.4756258226,23715.415019762575,9,32,18.0,117.0
GPRO,IMB,"{'k': 2, 'theta': 0.3}",2019-09-25,0,-0.06479959346210047,30,3,-79051.38339920898,0.0,24,6,164.0,7.0
GPRO,IMB,"{'k': 2, 'theta': 0.3}",2019-09-25,10,-0.06479959346210047,30,3,-79051.38339920898,0.0,24,6,164.0,7.0
GPRO,IMB,"{'k': 2, 'theta': 0.3}",2019-09-25,20,-0.06479959346210047,30,3,-79051.38339920898,0.0,24,6,164.0,7.0
GPRO,IMB,"{'k': 2, 'theta': 0.3}",2019-09-25,50,-0.06479959346210047,30,3,-79051.38339920898,0.0,24,6,164.0,7.0
GPRO,IMB,"{'k': 2, 'theta': 0.3}",2019-09-25,100,-0.06479959346210047,30,3,-79051.38339920898,0.0,24,6,164.0,7.0
GPRO,IMB,"{'k': 2, 'theta': 0.3}",2019-09-25,200,-0.06479959346210047,30,3,-79051.38339920898,0.0,24,6,164.0,7.0
GPRO,IMB,"{'k': 2, 'theta': 0.3}",2019-09-25,300,-0.06479959346210047,30,3,-79051.38339920898,0.0,24,6,164.0,7.0
GPRO,IMB,"{'k': 2, 'theta': 0.3}",2019-09-25,400,-0.06479959346210047,30,3,-79051.38339920898,0.0,24,6,164.0,7.0
GPRO,IMB,"{'k': 2, 'theta': 0.3}",2019-09-25,500,-0.06479959346210047,30,3,-79051.38339920898,0.0,24,6,164.0,7.0
GPRO,IMB,"{'k': 2, 'theta': 0.3}",2019-09-25,600,-0.06479959346210047,30,3,-79051.38339920898,0.0,24,6,164.0,7.0
GPRO,IMB,"{'k': 2, 'theta': 0.3}",2019-09-25,700,-0.06479959346210047,30,3,-79051.38339920898,0.0,24,6,164.0,7.0
GPRO,IMB,"{'k': 2, 'theta': 0.3}",2019-09-25,800,-0.06699739565990262,30,3,-81686.4295125159,-2635.046113306927,24,6,164.0,7.0
GPRO,IMB,"{'k': 2, 'theta': 0.3}",2019-09-25,900,-0.06273316043621457,30,3,-76416.33728590205,2635.046113307161,24,6,164.0,7.0
GPRO,IMB,"{'k': 2, 'theta': 0.3}",2019-09-25,1000,-0.06273316043621457,30,3,-76416.33728590205,2635.046113307161,24,6,164.0,7.0
GPRO,IMB,"{'k': 2, 'theta': 0.3}",2019-09-26,0,-0.05950148900416282,35,3,-73781.29117259583,18445.322793148724,29,6,95.0,8.0
GPRO,IMB,"{'k': 2, 'theta': 0.3}",2019-09-26,10,-0.05950148900416282,35,3,-73781.29117259583,18445.322793148724,29,6,95.0,8.0
GPRO,IMB,"{'k': 2, 'theta': 0.3}",2019-09-26,20,-0.05950148900416282,35,3,-73781.29117259583,18445.322793148724,29,6,95.0,8.0
GPRO,IMB,"{'k': 2, 'theta': 0.3}",2019-09-26,50,-0.05950148900416282,35,3,-73781.29117259583,18445.322793148724,29,6,95.0,8.0
GPRO,IMB,"{'k': 2, 'theta': 0.3}",2019-09-26,100,-0.05950148900416282,35,3,-73781.29117259583,18445.322793148724,29,6,95.0,8.0
GPRO,IMB,"{'k': 2, 'theta': 0.3}",2019-09-26,200,-0.05950148900416282,35,3,-73781.29117259583,18445.322793148724,29,6,95.0,8.0
GPRO,IMB,"{'k': 2, 'theta': 0.3}",2019-09-26,300,-0.05950148900416282,35,3,-73781.29117259583,18445.322793148724,29,6,95.0,8.0
GPRO,IMB,"{'k': 2, 'theta': 0.3}",2019-09-26,400,-0.05950148900416282,35,3,-73781.29117259583,18445.322793148724,29,6,95.0,8.0
GPRO,IMB,"{'k': 2, 'theta': 0.3}",2019-09-26,500,-0.05950148900416282,35,3,-73781.29117259583,18445.322793148724,29,6,95.0,8.0
GPRO,IMB,"{'k': 2, 'theta': 0.3}",2019-09-26,600,-0.05950148900416282,35,3,-73781.29117259583,18445.322793148724,29,6,95.0,8.0
GPRO,IMB,"{'k': 2, 'theta': 0.3}",2019-09-26,700,-0.05950148900416282,35,3,-73781.29117259583,18445.322793148724,29,6,95.0,8.0
GPRO,IMB,"{'k': 2, 'theta': 0.3}",2019-09-26,800,-0.05950148900416282,35,3,-73781.29117259583,18445.322793148724,29,6,95.0,8.0
GPRO,IMB,"{'k': 2, 'theta': 0.3}",2019-09-26,900,-0.05950148900416282,35,3,-73781.29117259583,18445.322793148724,29,6,95.0,8.0
GPRO,IMB,"{'k': 2, 'theta': 0.3}",2019-09-26,1000,-0.05950148900416282,35,3,-73781.29117259583,18445.322793148724,29,6,95.0,8.0
GPRO,IMB,"{'k': 2, 'theta': 0.3}",2019-09-27,0,-0.0580516396709287,36,6,-76416.33728590322,19762.845849802186,22,14,47.0,30.0
GPRO,IMB,"{'k': 2, 'theta': 0.3}",2019-09-27,10,-0.06010925283965293,36,6,-79051.38339921014,18445.322793148487,22,14,47.0,30.0
GPRO,IMB,"{'k': 2, 'theta': 0.3}",2019-09-27,20,-0.06010925283965293,36,6,-79051.38339921014,18445.322793148487,22,14,47.0,30.0
GPRO,IMB,"{'k': 2, 'theta': 0.3}",2019-09-27,50,-0.06010925283965293,36,6,-79051.38339921014,17127.799736495024,22,14,47.0,30.0
GPRO,IMB,"{'k': 2, 'theta': 0.3}",2019-09-27,100,-0.06010925283965293,36,6,-79051.38339921014,17127.799736495024,22,14,47.0,30.0
GPRO,IMB,"{'k': 2, 'theta': 0.3}",2019-09-27,200,-0.06010925283965293,36,6,-79051.38339921014,17127.799736495024,22,14,47.0,30.0
GPRO,IMB,"{'k': 2, 'theta': 0.3}",2019-09-27,300,-0.0620816394274241,36,6,-81686.42951251708,14492.753623188099,22,14,47.0,30.0
GPRO,IMB,"{'k': 2, 'theta': 0.3}",2019-09-27,400,-0.0620816394274241,36,6,-81686.42951251708,14492.753623188099,22,14,47.0,30.0
GPRO,IMB,"{'k': 2, 'theta': 0.3}",2019-09-27,500,-0.06403476442742405,36,6,-84321.475625824,11857.707509880936,22,14,47.0,30.0
GPRO,IMB,"{'k': 2, 'theta': 0.3}",2019-09-27,600,-0.06397993999990585,36,6,-84321.475625824,11857.707509881171,22,14,47.0,30.0
GPRO,IMB,"{'k': 2, 'theta': 0.3}",2019-09-27,700,-0.06397993999990585,36,6,-84321.475625824,11857.707509881171,22,14,47.0,30.0
GPRO,IMB,"{'k': 2, 'theta': 0.3}",2019-09-27,800,-0.06397993999990585,36,6,-84321.475625824,11857.707509881171,22,14,47.0,30.0
GPRO,IMB,"{'k': 2, 'theta': 0.3}",2019-09-27,900,-0.06397993999990585,36,6,-84321.475625824,11857.707509881171,22,14,47.0,30.0
GPRO,IMB,"{'k': 2, 'theta': 0.3}",2019-09-27,1000,-0.06397993999990585,36,6,-84321.475625824,13175.230566534634,22,14,47.0,30.0
GPRO,IMB,"{'k': 2, 'theta': 0.3}",2019-09-30,0,-0.04539733735090355,36,4,-63241.10671936882,31620.553359684058,34,2,103.0,4.0
GPRO,IMB,"{'k': 2, 'theta': 0.3}",2019-09-30,10,-0.04539733735090355,36,4,-63241.10671936882,31620.553359684058,34,2,103.0,4.0
GPRO,IMB,"{'k': 2, 'theta': 0.3}",2019-09-30,20,-0.04539733735090355,36,4,-63241.10671936882,31620.553359684058,34,2,103.0,4.0
GPRO,IMB,"{'k': 2, 'theta': 0.3}",2019-09-30,50,-0.04539733735090355,36,4,-63241.10671936882,31620.553359684058,34,2,103.0,4.0
GPRO,IMB,"{'k': 2, 'theta': 0.3}",2019-09-30,100,-0.04539733735090355,36,4,-63241.10671936882,31620.553359684058,34,2,103.0,4.0
GPRO,IMB,"{'k': 2, 'theta': 0.3}",2019-09-30,200,-0.0434705694666889,36,4,-60606.060606061896,34255.59947299099,34,2,103.0,4.0
GPRO,IMB,"{'k': 2, 'theta': 0.3}",2019-09-30,300,-0.0434705694666889,36,4,-60606.060606061896,34255.59947299099,34,2,103.0,4.0
GPRO,IMB,"{'k': 2, 'theta': 0.3}",2019-09-30,400,-0.0434705694666889,36,4,-60606.060606061896,34255.59947299099,34,2,103.0,4.0
GPRO,IMB,"{'k': 2, 'theta': 0.3}",2019-09-30,500,-0.0434705694666889,36,4,-60606.060606061896,34255.59947299099,34,2,103.0,4.0
GPRO,IMB,"{'k': 2, 'theta': 0.3}",2019-09-30,600,-0.0434705694666889,36,4,-60606.060606061896,34255.59947299099,34,2,103.0,4.0
GPRO,IMB,"{'k': 2, 'theta': 0.3}",2019-09-30,700,-0.0434705694666889,36,4,-60606.060606061896,34255.59947299099,34,2,103.0,4.0
GPRO,IMB,"{'k': 2, 'theta': 0.3}",2019-09-30,800,-0.0434705694666889,36,4,-60606.060606061896,34255.59947299099,34,2,103.0,4.0
GPRO,IMB,"{'k': 2, 'theta': 0.3}",2019-09-30,900,-0.0434705694666889,36,4,-60606.060606061896,34255.59947299099,34,2,103.0,4.0
GPRO,IMB,"{'k': 2, 'theta': 0.3}",2019-09-30,1000,-0.04545022678118132,36,4,-63241.10671936882,31620.553359684058,34,2,103.0,4.0
EURUSD,MA,"{'s': 5, 'l': 30, 'b': 0.0005}",2019-09-03,0,-0.0012117879364229253,3,0,-1214.3069092235569,-1141.2658921277261,2,1,24.0,6.0
EURUSD,MA,"{'s': 5, 'l': 30, 'b': 0.0005}",2019-09-03,10,-0.0012117879364229253,3,0,-1214.3069092235569,-1141.2658921277261,2,1,24.0,6.0
EURUSD,MA,"{'s': 5, 'l': 30, 'b': 0.0005}",2019-09-03,20,-0.0012117879364229253,3,0,-1214.3069092235569,-1141.2658921277261,2,1,24.0,6.0
EURUSD,MA,"{'s': 5, 'l': 30, 'b': 0.0005}",2019-09-03,50,-0.0012117879364229253,3,0,-1214.3069092235569,-1141.2658921277261,2,1,24.0,6.0
EURUSD,MA,"{'s': 5, 'l': 30, 'b': 0.0005}",2019-09-03,100,-0.0012209036235772458,3,0,-1223.4370363606372,-1150.3960192648065,2,1,24.0,6.0
EURUSD,MA,"{'s': 5, 'l': 30, 'b': 0.0005}",2019-09-03,200,-0.0012300191445322837,3,0,-1232.5671634975145,-1159.5261464018865,2,1,24.0,6.0
EURUSD,MA,"{'s': 5, 'l': 30, 'b': 0.0005}",2019-09-03,300,-0.0012391567567053264,3,0,-1241.6972906345948,-1164.0912099698185,2,1,24.0,6.0
EURUSD,MA,"{'s': 5, 'l': 30, 'b': 0.0005}",2019-09-03,400,-0.0012209326167506463,3,0,-1223.4370363604344,-1136.7008285589834,2,1,24.0,6.0
EURUSD,MA,"{'s': 5, 'l': 30, 'b': 0.0005}",2019-09-03,500,-0.001230063493561784,3,0,-1232.5671634975145,-1150.3960192646036,2,1,24.0,6.0
EURUSD,MA,"{'s': 5, 'l': 30, 'b': 0.0005}",2019-09-03,600,-0.0012118768596110702,3,0,-1214.3069092235569,-1136.7008285591862,2,1,24.0,6.0
EURUSD,MA,"{'s': 5, 'l': 30, 'b': 0.0005}",2019-09-03,700,-0.0012209920481817853,3,0,-1223.4370363606372,-1141.2658921277261,2,1,24.0,6.0
EURUSD,MA,"{'s': 5, 'l': 30, 'b': 0.0005}",2019-09-03,800,-0.0012209920481817853,3,0,-1223.4370363606372,-1136.7008285589834,2,1,24.0,6.0
EURUSD,MA,"{'s': 5, 'l': 30, 'b': 0.0005}",2019-09-03,900,-0.0012118768596110702,3,0,-1214.3069092235569,-1127.570701422106,2,1,24.0,6.0
EURUSD,MA,"{'s': 5, 'l': 30, 'b': 0.0005}",2019-09-03,1000,-0.0012027530219923946,3,0,-1205.1767820866794,-1132.135764990646,2,1,24.0,6.0
EURUSD,MA,"{'s': 5, 'l': 30, 'b': 0.0005}",2019-09-04,0,-0.00027208169706440986,1,0,-273.903814110784,-260.20862340516373,1,0,11.0,0.0
EURUSD,MA,"{'s': 5, 'l': 30, 'b': 0.0005}",2019-09-04,10,-0.00027208169706440986,1,0,-273.903814110784,-260.20862340516373,1,0,11.0,0.0
EURUSD,MA,"{'s': 5, 'l': 30, 'b': 0.0005}",2019-09-04,20,-0.00027208169706440986,1,0,-273.903814110784,-260.20862340516373,1,0,11.0,0.0
EURUSD,MA,"{'s': 5, 'l': 30, 'b': 0.0005}",2019-09-04,50,-0.00027208169706440986,1,0,-273.903814110784,-260.20862340516373,1,0,11.0,0.0
EURUSD,MA,"{'s': 5, 'l': 30, 'b': 0.0005}",2019-09-04,100,-0.00027208169706440986,1,0,-273.903814110784,-260.20862340516373,1,0,11.0,0.0
EURUSD,MA,"{'s': 5, 'l': 30, 'b': 0.0005}",2019-09-04,200,-0.00027208169706440986,1,0,-273.903814110784,-260.20862340516373,1,0,11.0,0.0
EURUSD,MA,"{'s': 5, 'l': 30, 'b': 0.0005}",2019-09-04,300,-0.00027208169706440986,1,0,-273.903814110784,-260.20862340516373,1,0,11.0,0.0
EURUSD,MA,"{'s': 5, 'l': 30, 'b': 0.0005}",2019-09-04,400,-0.00027208169706440986,1,0,-273.903814110784,-260.20862340516373,1,0,11.0,0.0
EURUSD,MA,"{'s': 5, 'l': 30, 'b': 0.0005}",2019-09-04,500,-0.00027208169706440986,1,0,-273.903814110784,-260.20862340516373,1,0,11.0,0.0
EURUSD,MA,"{'s': 5, 'l': 30, 'b': 0.0005}",2019-09-04,600,-0.00027208169706440986,1,0,-273.903814110784,-260.20862340516373,1,0,11.0,0.0
EURUSD,MA,"{'s': 5, 'l': 30, 'b': 0.0005}",2019-09-04,700,-0.00027208169706440986,1,0,-273.903814110784,-260.20862340516373,1,0,11.0,0.0
EURUSD,MA,"{'s': 5, 'l': 30, 'b': 0.0005}",2019-09-04,800,-0.00027208169706440986,1,0,-273.903814110784,-260.20862340516373,1,0,11.0,0.0
EURUSD,MA,"{'s': 5, 'l': 30, 'b': 0.0005}",2019-09-04,900,-0.00027208169706440986,1,0,-273.903814110784,-260.20862340516373,1,0,11.0,0.0
EURUSD,MA,"{'s': 5, 'l': 30, 'b': 0.0005}",2019-09-04,1000,-0.00027208169706440986,1,0,-273.903814110784,-260.20862340516373,1,0,11.0,0.0
EURUSD,MA,"{'s': 5, 'l': 30, 'b': 0.0005}",2019-09-05,0,0.0008304870228163307,3,1,839.9716966059043,903.8825865646548,0,3,0.0,46.0
EURUSD,MA,"{'s': 5, 'l': 30, 'b': 0.0005}",2019-09-05,10,0.0008304870228163307,3,1,839.9716966059043,903.8825865646548,0,3,0.0,46.0
EURUSD,MA,"{'s': 5, 'l': 30, 'b': 0.0005}",2019-09-05,20,0.0008214332342586504,3,1,830.8415694690269,899.3175229963174,0,3,0.0,46.0
EURUSD,MA,"{'s': 5, 'l': 30, 'b': 0.0005}",2019-09-05,50,0.0008214332342586504,3,1,830.8415694690269,899.3175229963174,0,3,0.0,46.0
EURUSD,MA,"{'s': 5, 'l': 30, 'b': 0.0005}",2019-09-05,100,0.0008214332342586504,3,1,830.8415694690269,899.3175229963174,0,3,0.0,46.0
EURUSD,MA,"{'s': 5, 'l': 30, 'b': 0.0005}",2019-09-05,200,0.0008214332342586504,3,1,830.8415694690269,903.8825865650603,0,3,0.0,46.0
EURUSD,MA,"{'s': 5, 'l': 30, 'b': 0.0005}",2019-09-05,300,0.0008124091960395881,3,1,821.7114423319467,894.75245942798,0,3,0.0,46.0
EURUSD,MA,"{'s': 5, 'l': 30, 'b': 0.0005}",2019-09-05,400,0.0008124091960395881,3,1,821.7114423319467,894.75245942798,0,3,0.0,46.0
EURUSD,MA,"{'s': 5, 'l': 30, 'b': 0.0005}",2019-09-05,500,0.0008486243502707114,3,1,858.231950879862,926.707904407558,0,3,0.0,46.0
EURUSD,MA,"{'s': 5, 'l': 30, 'b': 0.0005}",2019-09-05,600,0.0008486243502707114,3,1,858.231950879862,931.2729679758954,0,3,0.0,46.0
EURUSD,MA,"{'s': 5, 'l': 30, 'b': 0.0005}",2019-09-05,700,0.0008486554949981826,3,1,858.2319508796593,931.2729679758954,0,3,0.0,46.0
EURUSD,MA,"{'s': 5, 'l': 30, 'b': 0.0005}",2019-09-05,800,0.0008577092015857188,3,1,867.3620780167395,935.8380315446382,0,3,0.0,46.0
EURUSD,MA,"{'s': 5, 'l': 30, 'b': 0.0005}",2019-09-05,900,0.0008486554949981826,3,1,858.2319508796593,931.2729679758954,0,3,0.0,46.0
EURUSD,MA,"{'s': 5, 'l': 30, 'b': 0.0005}",2019-09-05,1000,0.0008215475655549932,3,1,830.8415694686214,908.4476501329922,0,3,0.0,46.0
EURUSD,MA,"{'s': 5, 'l': 30, 'b': 0.0005}",2019-09-06,0,-0.0007976262630215731,2,0,-803.4511880577863,-748.6704252355079,1,1,1.0,12.0
EURUSD,MA,"{'s': 5, 'l': 30, 'b': 0.0005}",2019-09-06,10,-0.0007976262630215731,2,0,-803.4511880577863,-748.6704252355079,1,1,1.0,12.0
EURUSD,MA,"{'s': 5, 'l': 30, 'b': 0.0005}",2019-09-06,20,-0.0007976262630215731,2,0,-803.4511880577863,-748.6704252355079,1,1,1.0,12.0
EURUSD,MA,"{'s': 5, 'l': 30, 'b': 0.0005}",2019-09-06,50,-0.0008157445014036575,2,0,-821.7114423317439,-762.3656159411281,1,1,1.0,12.0
EURUSD,MA,"{'s': 5, 'l': 30, 'b': 0.0005}",2019-09-06,100,-0.0008157445014036575,2,0,-821.7114423317439,-762.3656159411281,1,1,1.0,12.0
EURUSD,MA,"{'s': 5, 'l': 30, 'b': 0.0005}",2019-09-06,200,-0.0008248257192503827,2,0,-830.8415694686214,-785.190933783626,1,1,1.0,12.0
EURUSD,MA,"{'s': 5, 'l': 30, 'b': 0.0005}",2019-09-06,300,-0.00083392370134956,2,0,-839.9716966057016,-785.190933783626,1,1,1.0,12.0
EURUSD,MA,"{'s': 5, 'l': 30, 'b': 0.0005}",2019-09-06,400,-0.0008429829847816272,2,0,-849.1018237427818,-798.8861244890435,1,1,1.0,12.0
EURUSD,MA,"{'s': 5, 'l': 30, 'b': 0.0005}",2019-09-06,500,-0.0008429807678505756,2,0,-849.1018237427818,-798.8861244894489,1,1,1.0,12.0
EURUSD,MA,"{'s': 5, 'l': 30, 'b': 0.0005}",2019-09-06,600,-0.0008429807678505756,2,0,-849.1018237427818,-798.8861244894489,1,1,1.0,12.0
EURUSD,MA,"{'s': 5, 'l': 30, 'b': 0.0005}",2019-09-06,700,-0.0008520398050371229,2,0,-858.2319508796593,-808.0162516261237,1,1,1.0,12.0
EURUSD,MA,"{'s': 5, 'l': 30, 'b': 0.0005}",2019-09-06,800,-0.0008520398050371229,2,0,-858.2319508796593,-808.0162516261237,1,1,1.0,12.0
EURUSD,MA,"{'s': 5, 'l': 30, 'b': 0.0005}",2019-09-06,900,-0.0008610986780528837,2,0,-867.3620780167395,-817.1463787632039,1,1,1.0,12.0
EURUSD,MA,"{'s': 5, 'l': 30, 'b': 0.0005}",2019-09-06,1000,-0.0008701642036721185,2,0,-876.4922051538197,-826.2765059002841,1,1,1.0,12.0
EURUSD,MA,"{'s': 5, 'l': 30, 'b': 0.0005}",2019-09-09,0,-0.0010676189664151254,3,0,-1077.3550021683677,-995.1838579350513,1,2,7.0,5.0
EURUSD,MA,"{'s': 5, 'l': 30, 'b': 0.0005}",2019-09-09,10,-0.0010676189664151254,3,0,-1077.3550021683677,-995.1838579350513,1,2,7.0,5.0
EURUSD,MA,"{'s': 5, 'l': 30, 'b': 0.0005}",2019-09-09,20,-0.0010676189664151254,3,0,-1077.3550021683677,-995.1838579350513,1,2,7.0,5.0
EURUSD,MA,"{'s': 5, 'l': 30, 'b': 0.0005}",2019-09-09,50,-0.0010676189664151254,3,0,-1077.3550021683677,-995.1838579350513,1,2,7.0,5.0
EURUSD,MA,"{'s': 5, 'l': 30, 'b': 0.0005}",2019-09-09,100,-0.0010676189664151254,3,0,-1077.3550021683677,-995.1838579350513,1,2,7.0,5.0
EURUSD,MA,"{'s': 5, 'l': 30, 'b': 0.0005}",2019-09-09,200,-0.0010676189664151254,3,0,-1077.3550021683677,-995.1838579350513,1,2,7.0,5.0
EURUSD,MA,"{'s': 5, 'l': 30, 'b': 0.0005}",2019-09-09,300,-0.0010676189664151254,3,0,-1077.3550021683677,-995.1838579350513,1,2,7.0,5.0
EURUSD,MA,"{'s': 5, 'l': 30, 'b': 0.0005}",2019-09-09,400,-0.001067627156553979,3,0,-1077.3550021685703,-995.1838579350513,1,2,7.0,5.0
EURUSD,MA,"{'s': 5, 'l': 30, 'b': 0.0005}",2019-09-09,500,-0.0010857085448473496,3,0,-1095.6152564423253,-1004.313985071726,1,2,7.0,5.0
EURUSD,MA,"{'s': 5, 'l': 30, 'b': 0.0005}",2019-09-09,600,-0.0010857085448473496,3,0,-1095.6152564423253,-1004.313985071726,1,2,7.0,5.0
EURUSD,MA,"{'s': 5, 'l': 30, 'b': 0.0005}",2019-09-09,700,-0.0010857085448473496,3,0,-1095.6152564423253,-1004.313985071726,1,2,7.0,5.0
EURUSD,MA,"{'s': 5, 'l': 30, 'b': 0.0005}",2019-09-09,800,-0.0010766627005083806,3,0,-1086.4851293054478,-999.7489215033887,1,2,7.0,5.0
EURUSD,MA,"{'s': 5, 'l': 30, 'b': 0.0005}",2019-09-09,900,-0.001076673000892948,3,0,-1086.4851293054478,-995.1838579348486,1,2,7.0,5.0
EURUSD,MA,"{'s': 5, 'l': 30, 'b': 0.0005}",2019-09-09,1000,-0.001076673000892948,3,0,-1086.4851293054478,-995.1838579348486,1,2,7.0,5.0
EURUSD,MA,"{'s': 5, 'l': 30, 'b': 0.0005}",2019-09-10,0,-0.0005794687457948245,2,0,-584.3281367692807,-534.1124375157451,2,0,15.0,0.0
EURUSD,MA,"{'s': 5, 'l': 30, 'b': 0.0005}",2019-09-10,10,-0.0005794687457948245,2,0,-584.3281367692807,-534.1124375157451,2,0,15.0,0.0
EURUSD,MA,"{'s': 5, 'l': 30, 'b': 0.0005}",2019-09-10,20,-0.0005794687457948245,2,0,-584.3281367692807,-534.1124375157451,2,0,15.0,0.0
EURUSD,MA,"{'s': 5, 'l': 30, 'b': 0.0005}",2019-09-10,50,-0.0005704130715092579,2,0,-575.1980096322005,-529.5473739470023,2,0,15.0,0.0
EURUSD,MA,"{'s': 5, 'l': 30, 'b': 0.0005}",2019-09-10,100,-0.0005704130715092579,2,0,-575.1980096322005,-529.5473739470023,2,0,15.0,0.0
EURUSD,MA,"{'s': 5, 'l': 30, 'b': 0.0005}",2019-09-10,200,-0.0005613573972236913,2,0,-566.0678824951203,-524.9823103786649,2,0,15.0,0.0
EURUSD,MA,"{'s': 5, 'l': 30, 'b': 0.0005}",2019-09-10,300,-0.0005613573972236913,2,0,-566.0678824951203,-524.9823103786649,2,0,15.0,0.0
EURUSD,MA,"{'s': 5, 'l': 30, 'b': 0.0005}",2019-09-10,400,-0.0005341903743671924,2,0,-538.6775010840825,-497.5919289672216,2,0,15.0,0.0
EURUSD,MA,"{'s': 5, 'l': 30, 'b': 0.0005}",2019-09-10,500,-0.0005070266317500701,2,0,-511.28711967324733,-474.7666111249265,2,0,15.0,0.0
EURUSD,MA,"{'s': 5, 'l': 30, 'b': 0.0005}",2019-09-10,600,-0.000516082388041415,2,0,-520.4172468101248,-474.7666111249265,2,0,15.0,0.0
EURUSD,MA,"{'s': 5, 'l': 30, 'b': 0.0005}",2019-09-10,700,-0.000516082388041415,2,0,-520.4172468101248,-474.7666111249265,2,0,15.0,0.0
EURUSD,MA,"{'s': 5, 'l': 30, 'b': 0.0005}",2019-09-10,800,-0.000516082388041415,2,0,-520.4172468101248,-474.7666111249265,2,0,15.0,0.0
EURUSD,MA,"{'s': 5, 'l': 30, 'b': 0.0005}",2019-09-10,900,-0.000534193900624507,2,0,-538.6775010842852,-502.1569925359644,2,0,15.0,0.0
EURUSD,MA,"{'s': 5, 'l': 30, 'b': 0.0005}",2019-09-10,1000,-0.000561361169498944,2,0,-566.067882495323,-515.8521832415847,2,0,15.0,0.0
EURUSD,MA,"{'s': 5, 'l': 30, 'b': 0.0005}",2019-09-11,0,0.0,0,0,0.0,0.0,0,0,0.0,0.0
EURUSD,MA,"{'s': 5, 'l': 30, 'b': 0.0005}",2019-09-11,10,0.0,0,0,0.0,0.0,0,0,0.0,0.0
EURUSD,MA,"{'s': 5, 'l': 30, 'b': 0.0005}",2019-09-11,20,0.0,0,0,0.0,0.0,0,0,0.0,0.0
EURUSD,MA,"{'s': 5, 'l': 30, 'b': 0.0005}",2019-09-11,50,0.0,0,0,0.0,0.0,0,0,0.0,0.0
EURUSD,MA,"{'s': 5, 'l': 30, 'b': 0.0005}",2019-09-11,100,0.0,0,0,0.0,0.0,0,0,0.0,0.0
EURUSD,MA,"{'s': 5, 'l': 30, 'b': 0.0005}",2019-09-11,200,0.0,0,0,0.0,0.0,0,0,0.0,0.0
EURUSD,MA,"{'s': 5, 'l': 30, 'b': 0.0005}",2019-09-11,300,0.0,0,0,0.0,0.0,0,0,0.0,0.0
EURUSD,MA,"{'s': 5, 'l': 30, 'b': 0.0005}",2019-09-11,400,0.0,0,0,0.0,0.0,0,0,0.0,0.0
EURUSD,MA,"{'s': 5, 'l': 30, 'b': 0.0005}",2019-09-11,500,0.0,0,0,0.0,0.0,0,0,0.0,0.0
EURUSD,MA,"{'s': 5, 'l': 30, 'b': 0.0005}",2019-09-11,600,0.0,0,0,0.0,0.0,0,0,0.0,0.0
EURUSD,MA,"{'s': 5, 'l': 30, 'b': 0.0005}",2019-09-11,700,0.0,0,0,0.0,0.0,0,0,0.0,0.0
EURUSD,MA,"{'s': 5, 'l': 30, 'b': 0.0005}",2019-09-11,800,0.0,0,0,0.0,0.0,0,0,0.0,0.0
EURUSD,MA,"{'s': 5, 'l': 30, 'b': 0.0005}",2019-09-11,900,0.0,0,0,0.0,0.0,0,0,0.0,0.0
EURUSD,MA,"{'s': 5, 'l': 30, 'b': 0.0005}",2019-09-11,1000,0.0,0,0,0.0,0.0,0,0,0.0,0.0
EURUSD,MA,"{'s': 5, 'l': 30, 'b': 0.0005}",2019-09-12,0,0.002102506111968796,7,4,2118.1894957890227,2323.617356371908,5,2,80.0,20.0
EURUSD,MA,"{'s': 5, 'l': 30, 'b': 0.0005}",2019-09-12,10,0.002102506111968796,7,4,2118.1894957890227,2323.617356371908,5,2,80.0,20.0
EURUSD,MA,"{'s': 5, 'l': 30, 'b': 0.0005}",2019-09-12,20,0.002102506111968796,7,4,2118.1894957890227,2323.617356371908,5,2,80.0,20.0
EURUSD,MA,"{'s': 5, 'l': 30, 'b': 0.0005}",2019-09-12,50,0.0021297184494928592,7,4,2145.5798772000603,2351.0077377831485,5,2,80.0,20.0
EURUSD,MA,"{'s': 5, 'l': 30, 'b': 0.0005}",2019-09-12,100,0.0021478203274236727,7,4,2163.840131474018,2360.137864920026,5,2,80.0,20.0
EURUSD,MA,"{'s': 5, 'l': 30, 'b': 0.0005}",2019-09-12,200,0.002120631677340441,7,4,2136.4497500627776,2323.617356371908,5,2,80.0,20.0
EURUSD,MA,"{'s': 5, 'l': 30, 'b': 0.0005}",2019-09-12,300,0.0020662276671343,7,4,2081.668987240499,2287.0968478233845,5,2,80.0,20.0
EURUSD,MA,"{'s': 5, 'l': 30, 'b': 0.0005}",2019-09-12,400,0.002075280306348911,7,4,2090.7991143775794,2291.6619113919246,5,2,80.0,20.0
EURUSD,MA,"{'s': 5, 'l': 30, 'b': 0.0005}",2019-09-12,500,0.0020842818719574883,7,4,2099.9292415146597,2287.096847822979,5,2,80.0,20.0
EURUSD,MA,"{'s': 5, 'l': 30, 'b': 0.0005}",2019-09-12,600,0.002048072804929613,7,4,2063.408732966744,2259.706466412752,5,2,80.0,20.0
EURUSD,MA,"{'s': 5, 'l': 30, 'b': 0.0005}",2019-09-12,700,0.0020751380166030495,7,4,2090.799114377782,2277.96672068671,5,2,80.0,20.0
EURUSD,MA,"{'s': 5, 'l': 30, 'b': 0.0005}",2019-09-12,800,0.002038785923438927,7,4,2054.2786058298666,2250.5763392754693,5,2,80.0,20.0
EURUSD,MA,"{'s': 5, 'l': 30, 'b': 0.0005}",2019-09-12,900,0.002065879551321362,7,4,2081.668987240702,2268.8365935494267,5,2,80.0,20.0
EURUSD,MA,"{'s': 5, 'l': 30, 'b': 0.0005}",2019-09-12,1000,0.0020477474962814044,7,4,2063.408732966744,2264.271529981292,5,2,80.0,20.0
EURUSD,MA,"{'s': 5, 'l': 30, 'b': 0.0005}",2019-09-13,0,-0.0007400914027987117,3,0,-748.6704252357106,-657.369153865314,3,0,16.0,0.0
EURUSD,MA,"{'s': 5, 'l': 30, 'b': 0.0005}",2019-09-13,10,-0.0007400914027987117,3,0,-748.6704252357106,-657.369153865314,3,0,16.0,0.0
EURUSD,MA,"{'s': 5, 'l': 30, 'b': 0.0005}",2019-09-13,20,-0.0007400914027987117,3,0,-748.6704252357106,-661.9342174336514,3,0,16.0,0.0
EURUSD,MA,"{'s': 5, 'l': 30, 'b': 0.0005}",2019-09-13,50,-0.0007400914027987117,3,0,-748.6704252357106,-661.9342174336514,3,0,16.0,0.0
EURUSD,MA,"{'s': 5, 'l': 30, 'b': 0.0005}",2019-09-13,100,-0.0007400914027987117,3,0,-748.6704252357106,-661.9342174336514,3,0,16.0,0.0
EURUSD,MA,"{'s': 5, 'l': 30, 'b': 0.0005}",2019-09-13,200,-0.0006949747402524073,3,0,-703.019789550715,-639.1088995913564,3,0,16.0,0.0
EURUSD,MA,"{'s': 5, 'l': 30, 'b': 0.0005}",2019-09-13,300,-0.0006949747402524073,3,0,-703.019789550715,-639.1088995913564,3,0,16.0,0.0
EURUSD,MA,"{'s': 5, 'l': 30, 'b': 0.0005}",2019-09-13,400,-0.0007130202326925255,3,0,-721.2800438246727,-643.6739631598965,3,0,16.0,0.0
EURUSD,MA,"{'s': 5, 'l': 30, 'b': 0.0005}",2019-09-13,500,-0.0007039995216542847,3,0,-712.1499166875925,-639.1088995915592,3,0,16.0,0.0
EURUSD,MA,"{'s': 5, 'l': 30, 'b': 0.0005}",2019-09-13,600,-0.0007130232450230803,3,0,-721.2800438246727,-643.6739631598965,3,0,16.0,0.0
EURUSD,MA,"{'s': 5, 'l': 30, 'b': 0.0005}",2019-09-13,700,-0.0006769283515480985,3,0,-684.7595352765546,-620.8486453173988,3,0,16.0,0.0
EURUSD,MA,"{'s': 5, 'l': 30, 'b': 0.0005}",2019-09-13,800,-0.0006588719433287032,3,0,-666.4992810023942,-611.7185181803186,3,0,16.0,0.0
EURUSD,MA,"{'s': 5, 'l': 30, 'b': 0.0005}",2019-09-13,900,-0.0006588719433287032,3,0,-666.4992810023942,-588.8932003378208,3,0,16.0,0.0
EURUSD,MA,"{'s': 5, 'l': 30, 'b': 0.0005}",2019-09-13,1000,-0.0006317946612836862,3,0,-639.1088995913564,-556.9377553586482,3,0,16.0,0.0
EURUSD,MA,"{'s': 5, 'l': 30, 'b': 0.0005}",2019-09-16,0,0.00048149608396342637,4,2,483.896738261804,598.023327474901,2,2,8.0,30.0
EURUSD,MA,"{'s': 5, 'l': 30, 'b': 0.0005}",2019-09-16,10,0.00048149608396342637,4,2,483.896738261804,598.023327474901,2,2,8.0,30.0
EURUSD,MA,"{'s': 5, 'l': 30, 'b': 0.0005}",2019-09-16,20,0.0004724149989555317,4,2,474.7666111249265,588.8932003380235,2,2,8.0,30.0
EURUSD,MA,"{'s': 5, 'l': 30, 'b': 0.0005}",2019-09-16,50,0.0004633316877091198,4,2,465.63648398804906,584.3281367696861,2,2,8.0,30.0
EURUSD,MA,"{'s': 5, 'l': 30, 'b': 0.0005}",2019-09-16,100,0.0004633316877091198,4,2,465.63648398804906,584.3281367696861,2,2,8.0,30.0
EURUSD,MA,"{'s': 5, 'l': 30, 'b': 0.0005}",2019-09-16,200,0.0004724103814114177,4,2,474.7666111249265,584.3281367692807,2,2,8.0,30.0
EURUSD,MA,"{'s': 5, 'l': 30, 'b': 0.0005}",2019-09-16,300,0.0004542456550180495,4,2,456.5063568507661,575.1980096324032,2,2,8.0,30.0
EURUSD,MA,"{'s': 5, 'l': 30, 'b': 0.0005}",2019-09-16,400,0.00046332674002614574,4,2,465.6364839878463,570.6329460638631,2,2,8.0,30.0
EURUSD,MA,"{'s': 5, 'l': 30, 'b': 0.0005}",2019-09-16,500,0.0004542456550180495,4,2,456.5063568507661,570.6329460636604,2,2,8.0,30.0
EURUSD,MA,"{'s': 5, 'l': 30, 'b': 0.0005}",2019-09-16,600,0.00046332929640332144,4,2,465.6364839878463,570.6329460636604,2,2,8.0,30.0
EURUSD,MA,"{'s': 5, 'l': 30, 'b': 0.0005}",2019-09-16,700,0.00046332929640332144,4,2,465.6364839878463,570.6329460636604,2,2,8.0,30.0
EURUSD,MA,"{'s': 5, 'l': 30, 'b': 0.0005}",2019-09-16,800,0.0004905664490466784,4,2,493.02686539908694,602.5883910432384,2,2,8.0,30.0
EURUSD,MA,"{'s': 5, 'l': 30, 'b': 0.0005}",2019-09-16,900,0.0004905664490466784,4,2,493.02686539908694,607.1534546115757,2,2,8.0,30.0
EURUSD,MA,"{'s': 5, 'l': 30, 'b': 0.0005}",2019-09-16,1000,0.0004633250904979099,4,2,465.6364839878463,579.7630732005379,2,2,8.0,30.0
EURUSD,MA,"{'s': 5, 'l': 30, 'b': 0.0005}",2019-09-17,0,-0.0002171990503633844,3,0,-219.1230512885056,-118.69165278143436,3,0,15.0,0.0
EURUSD,MA,"{'s': 5, 'l': 30, 'b': 0.0005}",2019-09-17,10,-0.0002171990503633844,3,0,-219.1230512885056,-118.69165278143436,3,0,15.0,0.0
EURUSD,MA,"{'s': 5, 'l': 30, 'b': 0.0005}",2019-09-17,20,-0.0002171990503633844,3,0,-219.1230512885056,-118.69165278143436,3,0,15.0,0.0
EURUSD,MA,"{'s': 5, 'l': 30, 'b': 0.0005}",2019-09-17,50,-0.0002171990503633844,3,0,-219.1230512885056,-118.69165278143436,3,0,15.0,0.0
EURUSD,MA,"{'s': 5, 'l': 30, 'b': 0.0005}",2019-09-17,100,-0.00020814001261580168,3,0,-209.9929241514254,-114.12658921309699,3,0,15.0,0.0
EURUSD,MA,"{'s': 5, 'l': 30, 'b': 0.0005}",2019-09-17,200,-0.00020814001261580168,3,0,-209.9929241514254,-109.5615256445569,3,0,15.0,0.0
EURUSD,MA,"{'s': 5, 'l': 30, 'b': 0.0005}",2019-09-17,300,-0.0001991248557947621,3,0,-200.86279701454794,-118.69165278163709,3,0,15.0,0.0
EURUSD,MA,"{'s': 5, 'l': 30, 'b': 0.0005}",2019-09-17,400,-0.00019006573597878408,3,0,-191.73266987746774,-114.12658921289426,3,0,15.0,0.0
EURUSD,MA,"{'s': 5, 'l': 30, 'b': 0.0005}",2019-09-17,500,-0.00021724498194297743,3,0,-219.12305128870833,-141.51697062413484,3,0,15.0,0.0
EURUSD,MA,"{'s': 5, 'l': 30, 'b': 0.0005}",2019-09-17,600,-0.00023535936550619858,3,0,-237.38330556266598,-150.64709776121504,3,0,15.0,0.0
EURUSD,MA,"{'s': 5, 'l': 30, 'b': 0.0005}",2019-09-17,700,-0.00022630336318800375,3,0,-228.25317842578852,-146.08203419287767,3,0,15.0,0.0
EURUSD,MA,"{'s': 5, 'l': 30, 'b': 0.0005}",2019-09-17,800,-0.00021724243889719748,3,0,-219.1230512885056,-136.951907055392,3,0,15.0,0.0
EURUSD,MA,"{'s': 5, 'l': 30, 'b': 0.0005}",2019-09-17,900,-0.0002353380815455838,3,0,-237.38330556266598,-146.0820341924722,3,0,15.0,0.0
EURUSD,MA,"{'s': 5, 'l': 30, 'b': 0.0005}",2019-09-17,1000,-0.0002353380815455838,3,0,-237.38330556266598,-146.0820341924722,3,0,15.0,0.0
EURUSD,MA,"{'s': 5, 'l': 30, 'b': 0.0005}",2019-09-18,0,-0.0005820689649827787,5,2,-584.3281367692807,-410.8557211663788,2,3,12.0,45.0
EURUSD,MA,"{'s': 5, 'l': 30, 'b': 0.0005}",2019-09-18,10,-0.0006002237034423342,5,2,-602.5883910434411,-429.1159754405392,2,3,12.0,45.0
EURUSD,MA,"{'s': 5, 'l': 30, 'b': 0.0005}",2019-09-18,20,-0.0006002237034423342,5,2,-602.5883910434411,-429.1159754405392,2,3,12.0,45.0
EURUSD,MA,"{'s': 5, 'l': 30, 'b': 0.0005}",2019-09-18,50,-0.0005911631061677024,5,2,-593.4582639063609,-429.11597544033646,2,3,12.0,45.0
EURUSD,MA,"{'s': 5, 'l': 30, 'b': 0.0005}",2019-09-18,100,-0.0006093300520593259,5,2,-611.7185181805213,-433.68103900867385,2,3,12.0,45.0
EURUSD,MA,"{'s': 5, 'l': 30, 'b': 0.0005}",2019-09-18,200,-0.0006184090407438698,5,2,-620.8486453176015,-447.37622971449684,2,3,12.0,45.0
EURUSD,MA,"{'s': 5, 'l': 30, 'b': 0.0005}",2019-09-18,300,-0.0006184392533115792,5,2,-620.8486453176015,-429.11597544013375,2,3,12.0,45.0
EURUSD,MA,"{'s': 5, 'l': 30, 'b': 0.0005}",2019-09-18,400,-0.0006275487040620941,5,2,-629.978772454479,-447.3762297136859,2,3,12.0,45.0
EURUSD,MA,"{'s': 5, 'l': 30, 'b': 0.0005}",2019-09-18,500,-0.000618522556951574,5,2,-620.8486453173988,-438.2461025768085,2,3,12.0,45.0
EURUSD,MA,"{'s': 5, 'l': 30, 'b': 0.0005}",2019-09-18,600,-0.0005913231432523482,5,2,-593.4582639063609,-397.1605304603531,2,3,12.0,45.0
EURUSD,MA,"{'s': 5, 'l': 30, 'b': 0.0005}",2019-09-18,700,-0.0005731786625980372,5,2,-575.1980096322005,-397.1605304603531,2,3,12.0,45.0
EURUSD,MA,"{'s': 5, 'l': 30, 'b': 0.0005}",2019-09-18,800,-0.0005188974106170749,5,2,-520.4172468103275,-360.640021912235,2,3,12.0,45.0
EURUSD,MA,"{'s': 5, 'l': 30, 'b': 0.0005}",2019-09-18,900,-0.0005098407356409267,5,2,-511.2871196730446,-346.94483120641195,2,3,12.0,45.0
EURUSD,MA,"{'s': 5, 'l': 30, 'b': 0.0005}",2019-09-18,1000,-0.00048264374467869517,5,2,-483.89673826200675,-319.5544497957796,2,3,12.0,45.0
EURUSD,MA,"{'s': 5, 'l': 30, 'b': 0.0005}",2019-09-19,0,-9.031822706838648e-05,3,1,-91.30127136999104,-4.565063568337369,1,2,17.0,13.0
EURUSD,MA,"{'s': 5, 'l': 30, 'b': 0.0005}",2019-09-19,10,-9.031822706838648e-05,3,1,-91.30127136999104,-4.565063568337369,1,2,17.0,13.0
EURUSD,MA,"{'s': 5, 'l': 30, 'b': 0.0005}",2019-09-19,20,-9.031822706838648e-05,3,1,-91.30127136999104,-4.565063568337369,1,2,17.0,13.0
EURUSD,MA,"{'s': 5, 'l': 30, 'b': 0.0005}",2019-09-19,50,-9.031822706838648e-05,3,1,-91.30127136999104,-4.565063568337369,1,2,17.0,13.0
EURUSD,MA,"{'s': 5, 'l': 30, 'b': 0.0005}",2019-09-19,100,-0.0001174577239231261,3,1,-118.6916527810289,-36.52050854791533,1,2,17.0,13.0
EURUSD,MA,"{'s': 5, 'l': 30, 'b': 0.0005}",2019-09-19,200,-0.0001265058594474163,3,1,-127.8217799181091,-41.085572116658156,1,2,17.0,13.0
EURUSD,MA,"{'s': 5, 'l': 30, 'b': 0.0005}",2019-09-19,300,-0.0001265058594474163,3,1,-127.8217799181091,-41.085572116658156,1,2,17.0,13.0
EURUSD,MA,"{'s': 5, 'l': 30, 'b': 0.0005}",2019-09-19,400,-0.0001355589921059667,3,1,-136.95190705518928,-45.65063568540098,1,2,17.0,13.0
EURUSD,MA,"{'s': 5, 'l': 30, 'b': 0.0005}",2019-09-19,500,-0.0001355589921059667,3,1,-136.95190705518928,-45.65063568540098,1,2,17.0,13.0
EURUSD,MA,"{'s': 5, 'l': 30, 'b': 0.0005}",2019-09-19,600,-0.0001355589921059667,3,1,-136.95190705518928,-45.65063568540098,1,2,17.0,13.0
EURUSD,MA,"{'s': 5, 'l': 30, 'b': 0.0005}",2019-09-19,700,-0.00014460729132906856,3,1,-146.08203419206677,-45.65063568519825,1,2,17.0,13.0
EURUSD,MA,"{'s': 5, 'l': 30, 'b': 0.0005}",2019-09-19,800,-0.00013555415867051815,3,1,-136.95190705498658,-41.085572116455424,1,2,17.0,13.0
EURUSD,MA,"{'s': 5, 'l': 30, 'b': 0.0005}",2019-09-19,900,-0.00013555415867051815,3,1,-136.95190705498658,-41.085572116455424,1,2,17.0,13.0
EURUSD,MA,"{'s': 5, 'l': 30, 'b': 0.0005}",2019-09-19,1000,-0.0001355471979481025,3,1,-136.95190705518928,-54.780762822075715,1,2,17.0,13.0
EURUSD,MA,"{'s': 5, 'l': 30, 'b': 0.0005}",2019-09-20,0,-0.00010907405219184121,1,0,-109.56152564415143,-77.60608066457348,0,1,0.0,8.0
EURUSD,MA,"{'s': 5, 'l': 30, 'b': 0.0005}",2019-09-20,10,-0.00010907405219184121,1,0,-109.56152564415143,-77.60608066457348,0,1,0.0,8.0
EURUSD,MA,"{'s': 5, 'l': 30, 'b': 0.0005}",2019-09-20,20,-0.00010907405219184121,1,0,-109.56152564415143,-77.60608066457348,0,1,0.0,8.0
EURUSD,MA,"{'s': 5, 'l': 30, 'b': 0.0005}",2019-09-20,50,-0.00010907405219184121,1,0,-109.56152564415143,-77.60608066457348,0,1,0.0,8.0
EURUSD,MA,"{'s': 5, 'l': 30, 'b': 0.0005}",2019-09-20,100,-0.00010907405219184121,1,0,-109.56152564415143,-77.60608066457348,0,1,0.0,8.0
EURUSD,MA,"{'s': 5, 'l': 30, 'b': 0.0005}",2019-09-20,200,-0.00010907405219184121,1,0,-109.56152564415143,-82.17114423291085,0,1,0.0,8.0
EURUSD,MA,"{'s': 5, 'l': 30, 'b': 0.0005}",2019-09-20,300,-9.998363904093376e-05,1,0,-100.43139850727397,-73.0410170962361,0,1,0.0,8.0
EURUSD,MA,"{'s': 5, 'l': 30, 'b': 0.0005}",2019-09-20,400,-9.998363904093376e-05,1,0,-100.43139850727397,-73.0410170962361,0,1,0.0,8.0
EURUSD,MA,"{'s': 5, 'l': 30, 'b': 0.0005}",2019-09-20,500,-0.00010907405219184121,1,0,-109.56152564415143,-77.60608066457348,0,1,0.0,8.0
EURUSD,MA,"{'s': 5, 'l': 30, 'b': 0.0005}",2019-09-20,600,-0.00010907405219184121,1,0,-109.56152564415143,-77.60608066457348,0,1,0.0,8.0
EURUSD,MA,"{'s': 5, 'l': 30, 'b': 0.0005}",2019-09-20,700,-0.00010907405219184121,1,0,-109.56152564415143,-77.60608066457348,0,1,0.0,8.0
EURUSD,MA,"{'s': 5, 'l': 30, 'b': 0.0005}",2019-09-20,800,-9.998454784245384e-05,1,0,-100.43139850707124,-73.0410170962361,0,1,0.0,8.0
EURUSD,MA,"{'s': 5, 'l': 30, 'b': 0.0005}",2019-09-20,900,-9.998363904093376e-05,1,0,-100.43139850727397,-73.0410170962361,0,1,0.0,8.0
EURUSD,MA,"{'s': 5, 'l': 30, 'b': 0.0005}",2019-09-20,1000,-9.998363904093376e-05,1,0,-100.43139850727397,-73.0410170962361,0,1,0.0,8.0
EURUSD,MA,"{'s': 5, 'l': 30, 'b': 0.0005}",2019-09-23,0,-0.0001455034875368624,1,0,-146.0820341924722,-127.82177991831183,1,0,2.0,0.0
EURUSD,MA,"{'s': 5, 'l': 30, 'b': 0.0005}",2019-09-23,10,-0.0001455034875368624,1,0,-146.0820341924722,-127.82177991831183,1,0,2.0,0.0
EURUSD,MA,"{'s': 5, 'l': 30, 'b': 0.0005}",2019-09-23,20,-0.0001455034875368624,1,0,-146.0820341924722,-127.82177991831183,1,0,2.0,0.0
EURUSD,MA,"{'s': 5, 'l': 30, 'b': 0.0005}",2019-09-23,50,-0.0001455034875368624,1,0,-146.0820341924722,-127.82177991831183,1,0,2.0,0.0
EURUSD,MA,"{'s': 5, 'l': 30, 'b': 0.0005}",2019-09-23,100,-0.00013640951956575803,1,0,-136.951907055392,-127.82177991831183,1,0,2.0,0.0
EURUSD,MA,"{'s': 5, 'l': 30, 'b': 0.0005}",2019-09-23,200,-0.00013640951956575803,1,0,-136.951907055392,-123.25671634997445,1,0,2.0,0.0
EURUSD,MA,"{'s': 5, 'l': 30, 'b': 0.0005}",2019-09-23,300,-0.0001455034875368624,1,0,-146.0820341924722,-127.82177991831183,1,0,2.0,0.0
EURUSD,MA,"{'s': 5, 'l': 30, 'b': 0.0005}",2019-09-23,400,-0.0001455034875368624,1,0,-146.0820341924722,-127.82177991831183,1,0,2.0,0.0
EURUSD,MA,"{'s': 5, 'l': 30, 'b': 0.0005}",2019-09-23,500,-0.00013640951956575803,1,0,-136.951907055392,-123.25671634997445,1,0,2.0,0.0
EURUSD,MA,"{'s': 5, 'l': 30, 'b': 0.0005}",2019-09-23,600,-0.00013640951956575803,1,0,-136.951907055392,-123.25671634997445,1,0,2.0,0.0
EURUSD,MA,"{'s': 5, 'l': 30, 'b': 0.0005}",2019-09-23,700,-0.00013640951956575803,1,0,-136.951907055392,-123.25671634997445,1,0,2.0,0.0
EURUSD,MA,"{'s': 5, 'l': 30, 'b': 0.0005}",2019-09-23,800,-0.0001455034875368624,1,0,-146.0820341924722,-136.951907055392,1,0,2.0,0.0
EURUSD,MA,"{'s': 5, 'l': 30, 'b': 0.0005}",2019-09-23,900,-0.0001455034875368624,1,0,-146.0820341924722,-127.82177991831183,1,0,2.0,0.0
EURUSD,MA,"{'s': 5, 'l': 30, 'b': 0.0005}",2019-09-23,1000,-0.0001455034875368624,1,0,-146.0820341924722,-118.69165278123162,1,0,2.0,0.0
EURUSD,MA,"{'s': 5, 'l': 30, 'b': 0.0005}",2019-09-24,0,0.0005448305795003092,4,2,547.8076282209599,680.1944717074064,3,1,48.0,16.0
EURUSD,MA,"{'s': 5, 'l': 30, 'b': 0.0005}",2019-09-24,10,0.0005448305795003092,4,2,547.8076282209599,680.1944717074064,3,1,48.0,16.0
EURUSD,MA,"{'s': 5, 'l': 30, 'b': 0.0005}",2019-09-24,20,0.0005448305795003092,4,2,547.8076282209599,680.1944717074064,3,1,48.0,16.0
EURUSD,MA,"{'s': 5, 'l': 30, 'b': 0.0005}",2019-09-24,50,0.0005357452878259936,4,2,538.6775010840825,661.9342174336514,3,1,48.0,16.0
EURUSD,MA,"{'s': 5, 'l': 30, 'b': 0.0005}",2019-09-24,100,0.0005357452878259936,4,2,538.6775010840825,657.369153865314,3,1,48.0,16.0
EURUSD,MA,"{'s': 5, 'l': 30, 'b': 0.0005}",2019-09-24,200,0.0005357422358872779,4,2,538.6775010840825,666.4992810023942,3,1,48.0,16.0
EURUSD,MA,"{'s': 5, 'l': 30, 'b': 0.0005}",2019-09-24,300,0.000572066246058037,4,2,575.1980096322005,684.7595352763519,3,1,48.0,16.0
EURUSD,MA,"{'s': 5, 'l': 30, 'b': 0.0005}",2019-09-24,400,0.0005811556677470388,4,2,584.3281367692807,698.4547259819723,3,1,48.0,16.0
EURUSD,MA,"{'s': 5, 'l': 30, 'b': 0.0005}",2019-09-24,500,0.0005811556677470388,4,2,584.3281367692807,698.4547259819723,3,1,48.0,16.0
EURUSD,MA,"{'s': 5, 'l': 30, 'b': 0.0005}",2019-09-24,600,0.0005811556677470388,4,2,584.3281367692807,698.4547259819723,3,1,48.0,16.0
EURUSD,MA,"{'s': 5, 'l': 30, 'b': 0.0005}",2019-09-24,700,0.0005720735930378327,4,2,575.1980096322005,698.4547259819723,3,1,48.0,16.0
EURUSD,MA,"{'s': 5, 'l': 30, 'b': 0.0005}",2019-09-24,800,0.0005720968679248324,4,2,575.1980096322005,703.0197895505123,3,1,48.0,16.0
EURUSD,MA,"{'s': 5, 'l': 30, 'b': 0.0005}",2019-09-24,900,0.000544844782417656,4,2,547.8076282211626,680.19447170842,3,1,48.0,16.0
EURUSD,MA,"{'s': 5, 'l': 30, 'b': 0.0005}",2019-09-24,1000,0.0005266765032908942,4,2,529.547373947205,675.6294081394744,3,1,48.0,16.0
EURUSD,MA,"{'s': 5, 'l': 30, 'b': 0.0005}",2019-09-25,0,0.0006091553229970188,2,1,611.7185181803186,657.3691538655168,0,2,0.0,30.0
EURUSD,MA,"{'s': 5, 'l': 30, 'b': 0.0005}",2019-09-25,10,0.0006091553229970188,2,1,611.7185181803186,657.3691538655168,0,2,0.0,30.0
EURUSD,MA,"{'s': 5, 'l': 30, 'b': 0.0005}",2019-09-25,20,0.0006182984291994904,2,1,620.8486453173988,661.9342174342596,0,2,0.0,30.0
EURUSD,MA,"{'s': 5, 'l': 30, 'b': 0.0005}",2019-09-25,50,0.0006182984291994904,2,1,620.8486453173988,661.9342174342596,0,2,0.0,30.0
EURUSD,MA,"{'s': 5, 'l': 30, 'b': 0.0005}",2019-09-25,100,0.0006182984291994904,2,1,620.8486453173988,661.9342174342596,0,2,0.0,30.0
EURUSD,MA,"{'s': 5, 'l': 30, 'b': 0.0005}",2019-09-25,200,0.0006274100465114207,2,1,629.9787724542762,666.499281002597,0,2,0.0,30.0
EURUSD,MA,"{'s': 5, 'l': 30, 'b': 0.0005}",2019-09-25,300,0.0006548273376830297,2,1,657.369153865314,689.3245988448921,0,2,0.0,30.0
EURUSD,MA,"{'s': 5, 'l': 30, 'b': 0.0005}",2019-09-25,400,0.0006548273376830297,2,1,657.369153865314,689.3245988448921,0,2,0.0,30.0
EURUSD,MA,"{'s': 5, 'l': 30, 'b': 0.0005}",2019-09-25,500,0.0006822549019136668,2,1,684.7595352763519,721.28004382447,0,2,0.0,30.0
EURUSD,MA,"{'s': 5, 'l': 30, 'b': 0.0005}",2019-09-25,600,0.0006731528321692849,2,1,675.6294081394744,716.7149802561327,0,2,0.0,30.0
EURUSD,MA,"{'s': 5, 'l': 30, 'b': 0.0005}",2019-09-25,700,0.0006822950193742202,2,1,684.7595352765546,721.2800438248754,0,2,0.0,30.0
EURUSD,MA,"{'s': 5, 'l': 30, 'b': 0.0005}",2019-09-25,800,0.0006550660556073251,2,1,657.369153865314,698.454725982175,0,2,0.0,30.0
EURUSD,MA,"{'s': 5, 'l': 30, 'b': 0.0005}",2019-09-25,900,0.0006550660556073251,2,1,657.369153865314,698.454725982175,0,2,0.0,30.0
EURUSD,MA,"{'s': 5, 'l': 30, 'b': 0.0005}",2019-09-25,1000,0.0006824133739521876,2,1,684.7595352765546,730.4101709615502,0,2,0.0,30.0
EURUSD,MA,"{'s': 5, 'l': 30, 'b': 0.0005}",2019-09-26,0,-0.0002754406849497415,6,1,-273.90381411037856,-118.69165278183982,0,6,0.0,33.0
EURUSD,MA,"{'s': 5, 'l': 30, 'b': 0.0005}",2019-09-26,10,-0.0002754406849497415,6,1,-273.90381411037856,-118.69165278183982,0,6,0.0,33.0
EURUSD,MA,"{'s': 5, 'l': 30, 'b': 0.0005}",2019-09-26,20,-0.0002754406849497415,6,1,-273.90381411037856,-118.69165278183982,0,6,0.0,33.0
EURUSD,MA,"{'s': 5, 'l': 30, 'b': 0.0005}",2019-09-26,50,-0.0002845870538396046,6,1,-283.03394124745876,-136.95190705579748,0,6,0.0,33.0
EURUSD,MA,"{'s': 5, 'l': 30, 'b': 0.0005}",2019-09-26,100,-0.00027545388346198455,6,1,-273.90381411037856,-136.95190705559475,0,6,0.0,33.0
EURUSD,MA,"{'s': 5, 'l': 30, 'b': 0.0005}",2019-09-26,200,-0.0002754630767120536,6,1,-273.90381411037856,-114.12658921289426,0,6,0.0,33.0
EURUSD,MA,"{'s': 5, 'l': 30, 'b': 0.0005}",2019-09-26,300,-0.00029375665089486914,6,1,-292.164068384539,-127.82177991831183,0,6,0.0,33.0
EURUSD,MA,"{'s': 5, 'l': 30, 'b': 0.0005}",2019-09-26,400,-0.0002754726736985001,6,1,-273.90381411037856,-104.9964620754086,0,6,0.0,33.0
EURUSD,MA,"{'s': 5, 'l': 30, 'b': 0.0005}",2019-09-26,500,-0.0002754726736985001,6,1,-273.90381411037856,-114.12658921248881,0,6,0.0,33.0
EURUSD,MA,"{'s': 5, 'l': 30, 'b': 0.0005}",2019-09-26,600,-0.0002663441762345782,6,1,-264.77368697329837,-114.12658921248881,0,6,0.0,33.0
EURUSD,MA,"{'s': 5, 'l': 30, 'b': 0.0005}",2019-09-26,700,-0.0002754790155984878,6,1,-273.90381411037856,-118.69165278123162,0,6,0.0,33.0
EURUSD,MA,"{'s': 5, 'l': 30, 'b': 0.0005}",2019-09-26,800,-0.0002663321448640176,6,1,-264.77368697329837,-104.99646207561133,0,6,0.0,33.0
EURUSD,MA,"{'s': 5, 'l': 30, 'b': 0.0005}",2019-09-26,900,-0.0002663321448640176,6,1,-264.77368697329837,-104.99646207561133,0,6,0.0,33.0
EURUSD,MA,"{'s': 5, 'l': 30, 'b': 0.0005}",2019-09-26,1000,-0.00027547667414943254,6,1,-273.90381411037856,-123.256716349569,0,6,0.0,33.0
EURUSD,MA,"{'s': 5, 'l': 30, 'b': 0.0005}",2019-09-27,0,1.8069811881384285e-05,2,1,18.26025427375493,59.34582639061581,2,0,24.0,0.0
EURUSD,MA,"{'s': 5, 'l': 30, 'b': 0.0005}",2019-09-27,10,1.8069811881384285e-05,2,1,18.26025427375493,54.780762822075715,2,0,24.0,0.0
EURUSD,MA,"{'s': 5, 'l': 30, 'b': 0.0005}",2019-09-27,20,1.8069811881384285e-05,2,1,18.26025427375493,54.780762822075715,2,0,24.0,0.0
EURUSD,MA,"{'s': 5, 'l': 30, 'b': 0.0005}",2019-09-27,50,8.934722174946356e-06,2,1,9.130127136877466,45.65063568499552,2,0,24.0,0.0
EURUSD,MA,"{'s': 5, 'l': 30, 'b': 0.0005}",2019-09-27,100,8.934722174946356e-06,2,1,9.130127136877466,45.65063568499552,2,0,24.0,0.0
EURUSD,MA,"{'s': 5, 'l': 30, 'b': 0.0005}",2019-09-27,200,-2.0036753169437376e-07,2,1,-2.027295473054998e-10,41.085572116658156,2,0,24.0,0.0
EURUSD,MA,"{'s': 5, 'l': 30, 'b': 0.0005}",2019-09-27,300,-1.847054694497594e-05,2,1,-18.26025427436312,27.390381411037858,2,0,24.0,0.0
EURUSD,MA,"{'s': 5, 'l': 30, 'b': 0.0005}",2019-09-27,400,-1.847054694497594e-05,2,1,-18.26025427436312,27.390381411037858,2,0,24.0,0.0
EURUSD,MA,"{'s': 5, 'l': 30, 'b': 0.0005}",2019-09-27,500,-1.847054694497594e-05,2,1,-18.26025427436312,27.390381411037858,2,0,24.0,0.0
EURUSD,MA,"{'s': 5, 'l': 30, 'b': 0.0005}",2019-09-27,600,-1.847054694497594e-05,2,1,-18.26025427436312,27.390381411037858,2,0,24.0,0.0
EURUSD,MA,"{'s': 5, 'l': 30, 'b': 0.0005}",2019-09-27,700,-1.847054694497594e-05,2,1,-18.26025427436312,27.390381411037858,2,0,24.0,0.0
EURUSD,MA,"{'s': 5, 'l': 30, 'b': 0.0005}",2019-09-27,800,-1.847054694497594e-05,2,1,-18.26025427436312,27.390381411037858,2,0,24.0,0.0
EURUSD,MA,"{'s': 5, 'l': 30, 'b': 0.0005}",2019-09-27,900,-1.847054694497594e-05,2,1,-18.26025427436312,27.390381411037858,2,0,24.0,0.0
EURUSD,MA,"{'s': 5, 'l': 30, 'b': 0.0005}",2019-09-27,1000,-2.76095587591905e-05,2,1,-27.39038141124059,22.82531784270049,2,0,24.0,0.0
EURUSD,MA,"{'s': 5, 'l': 30, 'b': 0.0005}",2019-09-30,0,-0.0003940868640766274,1,0,-392.595466891813,-374.3352126178553,1,0,2.0,0.0
EURUSD,MA,"{'s': 5, 'l': 30, 'b': 0.0005}",2019-09-30,10,-0.0003940868640766274,1,0,-392.595466891813,-374.3352126178553,1,0,2.0,0.0
EURUSD,MA,"{'s': 5, 'l': 30, 'b': 0.0005}",2019-09-30,20,-0.0003940868640766274,1,0,-392.595466891813,-374.3352126178553,1,0,2.0,0.0
EURUSD,MA,"{'s': 5, 'l': 30, 'b': 0.0005}",2019-09-30,50,-0.0003940868640766274,1,0,-392.595466891813,-374.3352126178553,1,0,2.0,0.0
EURUSD,MA,"{'s': 5, 'l': 30, 'b': 0.0005}",2019-09-30,100,-0.0003940868640766274,1,0,-392.595466891813,-369.7701490495179,1,0,2.0,0.0
EURUSD,MA,"{'s': 5, 'l': 30, 'b': 0.0005}",2019-09-30,200,-0.0003849220532840862,1,0,-383.4653397547328,-365.2050854807751,1,0,2.0,0.0
EURUSD,MA,"{'s': 5, 'l': 30, 'b': 0.0005}",2019-09-30,300,-0.0003849220532840862,1,0,-383.4653397547328,-365.2050854807751,1,0,2.0,0.0
EURUSD,MA,"{'s': 5, 'l': 30, 'b': 0.0005}",2019-09-30,400,-0.0003849220532840862,1,0,-383.4653397547328,-360.6400219124377,1,0,2.0,0.0
EURUSD,MA,"{'s': 5, 'l': 30, 'b': 0.0005}",2019-09-30,500,-0.00037575724249174847,1,0,-374.3352126178553,-356.0749583438976,1,0,2.0,0.0
EURUSD,MA,"{'s': 5, 'l': 30, 'b': 0.0005}",2019-09-30,600,-0.0003665924316992072,1,0,-365.2050854807751,-351.5098947753575,1,0,2.0,0.0
EURUSD,MA,"{'s': 5, 'l': 30, 'b': 0.0005}",2019-09-30,700,-0.0003665924316992072,1,0,-365.2050854807751,-351.5098947753575,1,0,2.0,0.0
EURUSD,MA,"{'s': 5, 'l': 30, 'b': 0.0005}",2019-09-30,800,-0.00037575379877927807,1,0,-374.3352126178553,-351.5098947753575,1,0,2.0,0.0
EURUSD,MA,"{'s': 5, 'l': 30, 'b': 0.0005}",2019-09-30,900,-0.00037575379877927807,1,0,-374.3352126178553,-346.9448312068174,1,0,2.0,0.0
EURUSD,MA,"{'s': 5, 'l': 30, 'b': 0.0005}",2019-09-30,1000,-0.0003574243451801698,1,0,-356.0749583436949,-328.6845769328598,1,0,2.0,0.0
EURUSD,OBV,"{'s': 5, 'l': 30, 'b': 0.5}",2019-09-03,0,-0.0032306657226398917,10,1,-3232.0650065053055,-2958.1611923951295,6,4,50.0,30.0
EURUSD,OBV,"{'s': 5, 'l': 30, 'b': 0.5}",2019-09-03,10,-0.0032306657226398917,10,1,-3232.0650065053055,-2958.1611923951295,6,4,50.0,30.0
EURUSD,OBV,"{'s': 5, 'l': 30, 'b': 0.5}",2019-09-03,20,-0.0032306657226398917,10,1,-3232.0650065053055,-2958.1611923951295,6,4,50.0,30.0
EURUSD,OBV,"{'s': 5, 'l': 30, 'b': 0.5}",2019-09-03,50,-0.0031757500531900567,10,1,-3177.2842436832298,-2930.770810983889,6,4,50.0,30.0
EURUSD,OBV,"{'s': 5, 'l': 30, 'b': 0.5}",2019-09-03,100,-0.0030750699410038557,10,1,-3076.8528451759557,-2821.2092853397376,6,4,50.0,30.0
EURUSD,OBV,"{'s': 5, 'l': 30, 'b': 0.5}",2019-09-03,200,-0.0025994733967632223,10,1,-2602.0862340508265,-2282.531784255655,6,4,50.0,30.0
EURUSD,OBV,"{'s': 5, 'l': 30, 'b': 0.5}",2019-09-03,300,-0.0023163266501970694,10,1,-2319.052292803165,-2004.0629065765338,6,4,50.0,30.0
EURUSD,OBV,"{'s': 5, 'l': 30, 'b': 0.5}",2019-09-03,400,-0.002215858499233148,10,1,-2218.620894295891,-1999.497843007791,6,4,50.0,30.0
EURUSD,OBV,"{'s': 5, 'l': 30, 'b': 0.5}",2019-09-03,500,-0.0022249746748931824,10,1,-2227.7510214327685,-1990.3677158707108,6,4,50.0,30.0
EURUSD,OBV,"{'s': 5, 'l': 30, 'b': 0.5}",2019-09-03,600,-0.002243200128985883,10,1,-2246.0112757071315,-1962.9773344598757,6,4,50.0,30.0
EURUSD,OBV,"{'s': 5, 'l': 30, 'b': 0.5}",2019-09-03,700,-0.002215801922079702,10,1,-2218.620894295891,-1944.7170801857153,6,4,50.0,30.0
EURUSD,OBV,"{'s': 5, 'l': 30, 'b': 0.5}",2019-09-03,800,-0.0022157857724098467,10,1,-2218.620894295891,-1935.586953048635,6,4,50.0,30.0
EURUSD,OBV,"{'s': 5, 'l': 30, 'b': 0.5}",2019-09-03,900,-0.0021701662155375456,10,1,-2172.9702586108956,-1885.3712537948968,6,4,50.0,30.0
EURUSD,OBV,"{'s': 5, 'l': 30, 'b': 0.5}",2019-09-03,1000,-0.0021884004152665595,10,1,-2191.2305128848534,-1908.1965716371917,6,4,50.0,30.0
EURUSD,OBV,"{'s': 5, 'l': 30, 'b': 0.5}",2019-09-04,0,-0.0020034223048368298,10,1,-2017.7580972813432,-1739.2892196022217,7,3,69.0,25.0
EURUSD,OBV,"{'s': 5, 'l': 30, 'b': 0.5}",2019-09-04,10,-0.0020034223048368298,10,1,-2017.7580972813432,-1739.2892196022217,7,3,69.0,25.0
EURUSD,OBV,"{'s': 5, 'l': 30, 'b': 0.5}",2019-09-04,20,-0.0020034223048368298,10,1,-2017.7580972813432,-1739.2892196022217,7,3,69.0,25.0
EURUSD,OBV,"{'s': 5, 'l': 30, 'b': 0.5}",2019-09-04,50,-0.0020034223048368298,10,1,-2017.7580972813432,-1748.419346739302,7,3,69.0,25.0
EURUSD,OBV,"{'s': 5, 'l': 30, 'b': 0.5}",2019-09-04,100,-0.0019852881300778703,10,1,-1999.4978430073854,-1725.5940288972097,7,3,69.0,25.0
EURUSD,OBV,"{'s': 5, 'l': 30, 'b': 0.5}",2019-09-04,200,-0.0019580751137253023,10,1,-1972.1074615965504,-1702.7687110541037,7,3,69.0,25.0
EURUSD,OBV,"{'s': 5, 'l': 30, 'b': 0.5}",2019-09-04,300,-0.0019852739938384725,10,1,-1999.4978430073854,-1721.0289653278587,7,3,69.0,25.0
EURUSD,OBV,"{'s': 5, 'l': 30, 'b': 0.5}",2019-09-04,400,-0.0020034140060792237,10,1,-2017.7580972813432,-1725.5940288966015,7,3,69.0,25.0
EURUSD,OBV,"{'s': 5, 'l': 30, 'b': 0.5}",2019-09-04,500,-0.002003410883995467,10,1,-2017.7580972811404,-1734.7241560338844,7,3,69.0,25.0
EURUSD,OBV,"{'s': 5, 'l': 30, 'b': 0.5}",2019-09-04,600,-0.0020306313863598046,10,1,-2045.148478692381,-1752.9844103082476,7,3,69.0,25.0
EURUSD,OBV,"{'s': 5, 'l': 30, 'b': 0.5}",2019-09-04,700,-0.002048766136639807,10,1,-2063.408732966339,-1789.5049188557573,7,3,69.0,25.0
EURUSD,OBV,"{'s': 5, 'l': 30, 'b': 0.5}",2019-09-04,800,-0.002048766136639807,10,1,-2063.408732966339,-1789.5049188557573,7,3,69.0,25.0
EURUSD,OBV,"{'s': 5, 'l': 30, 'b': 0.5}",2019-09-04,900,-0.0020215901860495744,10,1,-2036.0183515550982,-1748.4193467397074,7,3,69.0,25.0
EURUSD,OBV,"{'s': 5, 'l': 30, 'b': 0.5}",2019-09-04,1000,-0.002021563801864401,10,1,-2036.0183515555036,-1762.1145374455305,7,3,69.0,25.0
EURUSD,OBV,"{'s': 5, 'l': 30, 'b': 0.5}",2019-09-05,0,-0.00131325894321742,7,0,-1323.8684348677084,-1123.0056378531604,5,2,23.0,8.0
EURUSD,OBV,"{'s': 5, 'l': 30, 'b': 0.5}",2019-09-05,10,-0.00131325894321742,7,0,-1323.8684348677084,-1123.0056378531604,5,2,23.0,8.0
EURUSD,OBV,"{'s': 5, 'l': 30, 'b': 0.5}",2019-09-05,20,-0.0013041956424440912,7,0,-1314.738307730628,-1109.310447147743,5,2,23.0,8.0
EURUSD,OBV,"{'s': 5, 'l': 30, 'b': 0.5}",2019-09-05,50,-0.0013041956424440912,7,0,-1314.738307730628,-1109.310447147743,5,2,23.0,8.0
EURUSD,OBV,"{'s': 5, 'l': 30, 'b': 0.5}",2019-09-05,100,-0.0013041956424440912,7,0,-1314.738307730628,-1109.310447147743,5,2,23.0,8.0
EURUSD,OBV,"{'s': 5, 'l': 30, 'b': 0.5}",2019-09-05,200,-0.001313255088936389,7,0,-1323.8684348677084,-1113.8755107162829,5,2,23.0,8.0
EURUSD,OBV,"{'s': 5, 'l': 30, 'b': 0.5}",2019-09-05,300,-0.0012951363600276148,7,0,-1305.608180593548,-1100.1803200104598,5,2,23.0,8.0
EURUSD,OBV,"{'s': 5, 'l': 30, 'b': 0.5}",2019-09-05,400,-0.001313256075532651,7,0,-1323.8684348675056,-1109.310447147743,5,2,23.0,8.0
EURUSD,OBV,"{'s': 5, 'l': 30, 'b': 0.5}",2019-09-05,500,-0.0012860928248830845,7,0,-1296.4780534566705,-1086.4851293050424,5,2,23.0,8.0
EURUSD,OBV,"{'s': 5, 'l': 30, 'b': 0.5}",2019-09-05,600,-0.0012860928248830845,7,0,-1296.4780534566705,-1081.920065736705,5,2,23.0,8.0
EURUSD,OBV,"{'s': 5, 'l': 30, 'b': 0.5}",2019-09-05,700,-0.0012860928248830845,7,0,-1296.4780534566705,-1077.355002168165,5,2,23.0,8.0
EURUSD,OBV,"{'s': 5, 'l': 30, 'b': 0.5}",2019-09-05,800,-0.001277037150597518,7,0,-1287.3479263195902,-1077.355002167962,5,2,23.0,8.0
EURUSD,OBV,"{'s': 5, 'l': 30, 'b': 0.5}",2019-09-05,900,-0.0012679676905632976,7,0,-1278.2177991827127,-1072.7899385998276,5,2,23.0,8.0
EURUSD,OBV,"{'s': 5, 'l': 30, 'b': 0.5}",2019-09-05,1000,-0.0012770240988914821,7,0,-1287.3479263195902,-1072.7899385998276,5,2,23.0,8.0
EURUSD,OBV,"{'s': 5, 'l': 30, 'b': 0.5}",2019-09-06,0,-0.0014311440142836505,8,1,-1442.5600876487372,-1205.1767820860712,7,1,53.0,12.0
EURUSD,OBV,"{'s': 5, 'l': 30, 'b': 0.5}",2019-09-06,10,-0.0014311440142836505,8,1,-1442.5600876487372,-1205.1767820860712,7,1,53.0,12.0
EURUSD,OBV,"{'s': 5, 'l': 30, 'b': 0.5}",2019-09-06,20,-0.0014311440142836505,8,1,-1442.5600876487372,-1205.1767820860712,7,1,53.0,12.0
EURUSD,OBV,"{'s': 5, 'l': 30, 'b': 0.5}",2019-09-06,50,-0.0014311440142836505,8,1,-1442.5600876487372,-1205.1767820860712,7,1,53.0,12.0
EURUSD,OBV,"{'s': 5, 'l': 30, 'b': 0.5}",2019-09-06,100,-0.0014311440142836505,8,1,-1442.5600876487372,-1196.046654948991,7,1,53.0,12.0
EURUSD,OBV,"{'s': 5, 'l': 30, 'b': 0.5}",2019-09-06,200,-0.0014492893483820195,8,1,-1460.8203419224922,-1228.002099928569,7,1,53.0,12.0
EURUSD,OBV,"{'s': 5, 'l': 30, 'b': 0.5}",2019-09-06,300,-0.0014765102491851839,8,1,-1488.2107233337329,-1264.52260847689,7,1,53.0,12.0
EURUSD,OBV,"{'s': 5, 'l': 30, 'b': 0.5}",2019-09-06,400,-0.0014765102491851839,8,1,-1488.2107233337329,-1264.52260847689,7,1,53.0,12.0
EURUSD,OBV,"{'s': 5, 'l': 30, 'b': 0.5}",2019-09-06,500,-0.0014855718316908841,8,1,-1497.3408504706101,-1269.0876720452272,7,1,53.0,12.0
EURUSD,OBV,"{'s': 5, 'l': 30, 'b': 0.5}",2019-09-06,600,-0.001503669494697527,8,1,-1515.6011047447705,-1287.3479263193876,7,1,53.0,12.0
EURUSD,OBV,"{'s': 5, 'l': 30, 'b': 0.5}",2019-09-06,700,-0.0015036690029377902,8,1,-1515.6011047447705,-1287.3479263193876,7,1,53.0,12.0
EURUSD,OBV,"{'s': 5, 'l': 30, 'b': 0.5}",2019-09-06,800,-0.00149460742043209,8,1,-1506.4709776078932,-1282.7828627510503,7,1,53.0,12.0
EURUSD,OBV,"{'s': 5, 'l': 30, 'b': 0.5}",2019-09-06,900,-0.0015036690029377902,8,1,-1515.6011047447705,-1282.7828627506447,7,1,53.0,12.0
EURUSD,OBV,"{'s': 5, 'l': 30, 'b': 0.5}",2019-09-06,1000,-0.0014946317041589338,8,1,-1506.4709776076904,-1282.7828627506447,7,1,53.0,12.0
EURUSD,OBV,"{'s': 5, 'l': 30, 'b': 0.5}",2019-09-09,0,-0.0013017276225544751,14,2,-1314.738307730831,-913.0127137021404,6,8,41.0,60.0
EURUSD,OBV,"{'s': 5, 'l': 30, 'b': 0.5}",2019-09-09,10,-0.0013017276225544751,14,2,-1314.738307730831,-913.0127137021404,6,8,41.0,60.0
EURUSD,OBV,"{'s': 5, 'l': 30, 'b': 0.5}",2019-09-09,20,-0.0013017276225544751,14,2,-1314.738307730831,-913.0127137021404,6,8,41.0,60.0
EURUSD,OBV,"{'s': 5, 'l': 30, 'b': 0.5}",2019-09-09,50,-0.0013017276225544751,14,2,-1314.738307730831,-913.0127137021404,6,8,41.0,60.0
EURUSD,OBV,"{'s': 5, 'l': 30, 'b': 0.5}",2019-09-09,100,-0.0012926697571023849,14,2,-1305.6081805939534,-917.5777772708833,6,8,41.0,60.0
EURUSD,OBV,"{'s': 5, 'l': 30, 'b': 0.5}",2019-09-09,200,-0.0013107473014332318,14,2,-1323.868434867911,-926.7079044077608,6,8,41.0,60.0
EURUSD,OBV,"{'s': 5, 'l': 30, 'b': 0.5}",2019-09-09,300,-0.0013378869659126517,14,2,-1351.2588162787463,-963.2284129554733,6,8,41.0,60.0
EURUSD,OBV,"{'s': 5, 'l': 30, 'b': 0.5}",2019-09-09,400,-0.0013197785902035793,14,2,-1332.998562004586,-944.9681586811103,6,8,41.0,60.0
EURUSD,OBV,"{'s': 5, 'l': 30, 'b': 0.5}",2019-09-09,500,-0.0013197785902035793,14,2,-1332.998562004586,-926.7079044071526,6,8,41.0,60.0
EURUSD,OBV,"{'s': 5, 'l': 30, 'b': 0.5}",2019-09-09,600,-0.0013288156058151733,14,2,-1342.128689141666,-931.2729679763008,6,8,41.0,60.0
EURUSD,OBV,"{'s': 5, 'l': 30, 'b': 0.5}",2019-09-09,700,-0.0013288156058151733,14,2,-1342.128689141666,-931.2729679763008,6,8,41.0,60.0
EURUSD,OBV,"{'s': 5, 'l': 30, 'b': 0.5}",2019-09-09,800,-0.001319778426861097,14,2,-1332.9985620047885,-931.2729679765035,6,8,41.0,60.0
EURUSD,OBV,"{'s': 5, 'l': 30, 'b': 0.5}",2019-09-09,900,-0.0013107417379038717,14,2,-1323.8684348677084,-922.1428408390179,6,8,41.0,60.0
EURUSD,OBV,"{'s': 5, 'l': 30, 'b': 0.5}",2019-09-09,1000,-0.001301695811736662,14,2,-1314.738307730628,-908.4476501338031,6,8,41.0,60.0
EURUSD,OBV,"{'s': 5, 'l': 30, 'b': 0.5}",2019-09-10,0,-0.0007061929862152201,7,2,-712.1499166877952,-529.5473739474077,4,3,33.0,64.0
EURUSD,OBV,"{'s': 5, 'l': 30, 'b': 0.5}",2019-09-10,10,-0.0007061929862152201,7,2,-712.1499166877952,-529.5473739474077,4,3,33.0,64.0
EURUSD,OBV,"{'s': 5, 'l': 30, 'b': 0.5}",2019-09-10,20,-0.0007061929862152201,7,2,-712.1499166877952,-529.5473739474077,4,3,33.0,64.0
EURUSD,OBV,"{'s': 5, 'l': 30, 'b': 0.5}",2019-09-10,50,-0.0007061929862152201,7,2,-712.1499166877952,-534.1124375157451,4,3,33.0,64.0
EURUSD,OBV,"{'s': 5, 'l': 30, 'b': 0.5}",2019-09-10,100,-0.0007061929862152201,7,2,-712.1499166877952,-534.1124375157451,4,3,33.0,64.0
EURUSD,OBV,"{'s': 5, 'l': 30, 'b': 0.5}",2019-09-10,200,-0.0007061929862152201,7,2,-712.1499166877952,-534.1124375157451,4,3,33.0,64.0
EURUSD,OBV,"{'s': 5, 'l': 30, 'b': 0.5}",2019-09-10,300,-0.0007061929862152201,7,2,-712.1499166877952,-543.2425646528253,4,3,33.0,64.0
EURUSD,OBV,"{'s': 5, 'l': 30, 'b': 0.5}",2019-09-10,400,-0.0006971454235187653,7,2,-703.0197895509178,-524.9823103788676,4,3,33.0,64.0
EURUSD,OBV,"{'s': 5, 'l': 30, 'b': 0.5}",2019-09-10,500,-0.000669988726537075,7,2,-675.62940813988,-515.8521832415847,4,3,33.0,64.0
EURUSD,OBV,"{'s': 5, 'l': 30, 'b': 0.5}",2019-09-10,600,-0.0006880945060465268,7,2,-693.8896624138376,-524.9823103784621,4,3,33.0,64.0
EURUSD,OBV,"{'s': 5, 'l': 30, 'b': 0.5}",2019-09-10,700,-0.0006971537054865915,7,2,-703.0197895509178,-529.5473739476105,4,3,33.0,64.0
EURUSD,OBV,"{'s': 5, 'l': 30, 'b': 0.5}",2019-09-10,800,-0.0006971537054865915,7,2,-703.0197895509178,-534.1124375159478,4,3,33.0,64.0
EURUSD,OBV,"{'s': 5, 'l': 30, 'b': 0.5}",2019-09-10,900,-0.0006971537054865915,7,2,-703.0197895509178,-524.9823103788676,4,3,33.0,64.0
EURUSD,OBV,"{'s': 5, 'l': 30, 'b': 0.5}",2019-09-10,1000,-0.0007062061826970395,7,2,-712.149916687998,-543.2425646532307,4,3,33.0,64.0
EURUSD,OBV,"{'s': 5, 'l': 30, 'b': 0.5}",2019-09-11,0,-0.0010636390291365208,8,2,-1068.2248750316928,-885.6223322913053,2,6,20.0,91.0
EURUSD,OBV,"{'s': 5, 'l': 30, 'b': 0.5}",2019-09-11,10,-0.0010636390291365208,8,2,-1068.2248750316928,-885.6223322913053,2,6,20.0,91.0
EURUSD,OBV,"{'s': 5, 'l': 30, 'b': 0.5}",2019-09-11,20,-0.0010636390291365208,8,2,-1068.2248750316928,-885.6223322913053,2,6,20.0,91.0
EURUSD,OBV,"{'s': 5, 'l': 30, 'b': 0.5}",2019-09-11,50,-0.0010636390291365208,8,2,-1068.2248750316928,-885.6223322913053,2,6,20.0,91.0
EURUSD,OBV,"{'s': 5, 'l': 30, 'b': 0.5}",2019-09-11,100,-0.001036360350152038,8,2,-1040.834493620655,-862.7970144488075,2,6,20.0,91.0
EURUSD,OBV,"{'s': 5, 'l': 30, 'b': 0.5}",2019-09-11,200,-0.0009727043110126548,8,3,-976.9236036614991,-789.7559973527742,2,6,20.0,91.0
EURUSD,OBV,"{'s': 5, 'l': 30, 'b': 0.5}",2019-09-11,300,-0.00095452562477487,8,3,-958.6633493875414,-757.8005523729935,2,6,20.0,91.0
EURUSD,OBV,"{'s': 5, 'l': 30, 'b': 0.5}",2019-09-11,400,-0.0009363332224939763,8,3,-940.403095113381,-753.2354888044534,2,6,20.0,91.0
EURUSD,OBV,"{'s': 5, 'l': 30, 'b': 0.5}",2019-09-11,500,-0.0008908611496079115,8,3,-894.7524594283856,-716.7149802563354,2,6,20.0,91.0
EURUSD,OBV,"{'s': 5, 'l': 30, 'b': 0.5}",2019-09-11,600,-0.0008908682659102259,8,3,-894.7524594283856,-707.5848531192552,2,6,20.0,91.0
EURUSD,OBV,"{'s': 5, 'l': 30, 'b': 0.5}",2019-09-11,700,-0.0008908682659102259,8,3,-894.7524594283856,-712.1499166877952,2,6,20.0,91.0
EURUSD,OBV,"{'s': 5, 'l': 30, 'b': 0.5}",2019-09-11,800,-0.0009090570287720442,8,3,-913.0127137023431,-730.4101709615502,2,6,20.0,91.0
EURUSD,OBV,"{'s': 5, 'l': 30, 'b': 0.5}",2019-09-11,900,-0.0009090570287720442,8,3,-913.0127137023431,-739.5402980988331,2,6,20.0,91.0
EURUSD,OBV,"{'s': 5, 'l': 30, 'b': 0.5}",2019-09-11,1000,-0.0009272517452578153,8,3,-931.2729679760981,-753.2354888038452,2,6,20.0,91.0
EURUSD,OBV,"{'s': 5, 'l': 30, 'b': 0.5}",2019-09-12,0,0.0003532219913540263,7,2,356.0749583438976,566.067882495323,4,3,55.0,23.0
EURUSD,OBV,"{'s': 5, 'l': 30, 'b': 0.5}",2019-09-12,10,0.0003532219913540263,7,2,356.0749583438976,566.067882495323,4,3,55.0,23.0
EURUSD,OBV,"{'s': 5, 'l': 30, 'b': 0.5}",2019-09-12,20,0.0003532219913540263,7,2,356.0749583438976,566.067882495323,4,3,55.0,23.0
EURUSD,OBV,"{'s': 5, 'l': 30, 'b': 0.5}",2019-09-12,50,0.0003532219913540263,7,2,356.0749583438976,566.067882495323,4,3,55.0,23.0
EURUSD,OBV,"{'s': 5, 'l': 30, 'b': 0.5}",2019-09-12,100,0.0003532219913540263,7,2,356.0749583438976,570.6329460640659,4,3,55.0,23.0
EURUSD,OBV,"{'s': 5, 'l': 30, 'b': 0.5}",2019-09-12,200,0.0003712791591127075,7,2,374.3352126178553,575.1980096319978,4,3,55.0,23.0
EURUSD,OBV,"{'s': 5, 'l': 30, 'b': 0.5}",2019-09-12,300,0.0003712423179517995,7,2,374.3352126178553,579.7630732003352,4,3,55.0,23.0
EURUSD,OBV,"{'s': 5, 'l': 30, 'b': 0.5}",2019-09-12,400,0.00038029823004957574,7,2,383.4653397549355,579.7630732003352,4,3,55.0,23.0
EURUSD,OBV,"{'s': 5, 'l': 30, 'b': 0.5}",2019-09-12,500,0.00036220316346753,7,2,365.2050854807751,570.6329460636604,4,3,55.0,23.0
EURUSD,OBV,"{'s': 5, 'l': 30, 'b': 0.5}",2019-09-12,600,0.00036220316346753,7,2,365.2050854807751,579.7630732007406,4,3,55.0,23.0
EURUSD,OBV,"{'s': 5, 'l': 30, 'b': 0.5}",2019-09-12,700,0.0003802683788953423,7,2,383.4653397549355,602.5883910434411,4,3,55.0,23.0
EURUSD,OBV,"{'s': 5, 'l': 30, 'b': 0.5}",2019-09-12,800,0.0003893009866090479,7,2,392.595466891813,607.1534546117784,4,3,55.0,23.0
EURUSD,OBV,"{'s': 5, 'l': 30, 'b': 0.5}",2019-09-12,900,0.00038030417952063114,7,2,383.4653397547328,607.153454612184,4,3,55.0,23.0
EURUSD,OBV,"{'s': 5, 'l': 30, 'b': 0.5}",2019-09-12,1000,0.0003712824948820302,7,2,374.3352126178553,588.8932003382263,4,3,55.0,23.0
EURUSD,OBV,"{'s': 5, 'l': 30, 'b': 0.5}",2019-09-13,0,-0.0008311448808505152,10,3,-839.9716966054989,-566.0678824949175,4,6,39.0,35.0
EURUSD,OBV,"{'s': 5, 'l': 30, 'b': 0.5}",2019-09-13,10,-0.0008311448808505152,10,3,-839.9716966054989,-566.0678824949175,4,6,39.0,35.0
EURUSD,OBV,"{'s': 5, 'l': 30, 'b': 0.5}",2019-09-13,20,-0.0008311448808505152,10,3,-839.9716966054989,-566.0678824949175,4,6,39.0,35.0
EURUSD,OBV,"{'s': 5, 'l': 30, 'b': 0.5}",2019-09-13,50,-0.0008311448808505152,10,3,-839.9716966054989,-566.0678824949175,4,6,39.0,35.0
EURUSD,OBV,"{'s': 5, 'l': 30, 'b': 0.5}",2019-09-13,100,-0.0008311448808505152,10,3,-839.9716966054989,-566.0678824949175,4,6,39.0,35.0
EURUSD,OBV,"{'s': 5, 'l': 30, 'b': 0.5}",2019-09-13,200,-0.0008311448808505152,10,3,-839.9716966054989,-561.5028189265802,4,6,39.0,35.0
EURUSD,OBV,"{'s': 5, 'l': 30, 'b': 0.5}",2019-09-13,300,-0.0008401756939849889,10,3,-849.1018237425791,-584.3281367696861,4,6,39.0,35.0
EURUSD,OBV,"{'s': 5, 'l': 30, 'b': 0.5}",2019-09-13,400,-0.0009123989637561536,10,2,-922.1428408386124,-648.2390267288421,4,6,39.0,35.0
EURUSD,OBV,"{'s': 5, 'l': 30, 'b': 0.5}",2019-09-13,500,-0.0009304624672807051,10,2,-940.4030951127728,-652.8040902975849,4,6,39.0,35.0
EURUSD,OBV,"{'s': 5, 'l': 30, 'b': 0.5}",2019-09-13,600,-0.0009214283091286732,10,2,-931.2729679756926,-657.369153866125,4,6,39.0,35.0
EURUSD,OBV,"{'s': 5, 'l': 30, 'b': 0.5}",2019-09-13,700,-0.000894332843142198,10,2,-903.882586564452,-620.8486453176015,4,6,39.0,35.0
EURUSD,OBV,"{'s': 5, 'l': 30, 'b': 0.5}",2019-09-13,800,-0.0008943549521979693,10,2,-903.882586564452,-634.543836023019,4,6,39.0,35.0
EURUSD,OBV,"{'s': 5, 'l': 30, 'b': 0.5}",2019-09-13,900,-0.0008853278893422555,10,2,-894.7524594273718,-629.9787724542762,4,6,39.0,35.0
EURUSD,OBV,"{'s': 5, 'l': 30, 'b': 0.5}",2019-09-13,1000,-0.0009033987356366228,10,2,-913.012713701735,-639.1088995913564,4,6,39.0,35.0
EURUSD,OBV,"{'s': 5, 'l': 30, 'b': 0.5}",2019-09-16,0,-0.0010814104833250463,14,5,-1086.4851293056506,-712.1499166884034,7,7,66.0,45.0
EURUSD,OBV,"{'s': 5, 'l': 30, 'b': 0.5}",2019-09-16,10,-0.0010814104833250463,14,5,-1086.4851293056506,-712.1499166884034,7,7,66.0,45.0
EURUSD,OBV,"{'s': 5, 'l': 30, 'b': 0.5}",2019-09-16,20,-0.0010814104833250463,14,5,-1086.4851293056506,-712.1499166884034,7,7,66.0,45.0
EURUSD,OBV,"{'s': 5, 'l': 30, 'b': 0.5}",2019-09-16,50,-0.0010814104833250463,14,5,-1086.4851293056506,-703.0197895513232,7,7,66.0,45.0
EURUSD,OBV,"{'s': 5, 'l': 30, 'b': 0.5}",2019-09-16,100,-0.0010814104833250463,14,5,-1086.4851293056506,-707.5848531196606,7,7,66.0,45.0
EURUSD,OBV,"{'s': 5, 'l': 30, 'b': 0.5}",2019-09-16,200,-0.001081399581094625,14,5,-1086.4851293056506,-707.5848531196606,7,7,66.0,45.0
EURUSD,OBV,"{'s': 5, 'l': 30, 'b': 0.5}",2019-09-16,300,-0.0010995742214985312,14,5,-1104.745383579811,-730.4101709617529,7,7,66.0,45.0
EURUSD,OBV,"{'s': 5, 'l': 30, 'b': 0.5}",2019-09-16,400,-0.0010359765123046111,14,5,-1040.8344936204523,-680.1944717076091,7,7,66.0,45.0
EURUSD,OBV,"{'s': 5, 'l': 30, 'b': 0.5}",2019-09-16,500,-0.001054174119466902,14,5,-1059.0947478946127,-684.7595352767573,7,7,66.0,45.0
EURUSD,OBV,"{'s': 5, 'l': 30, 'b': 0.5}",2019-09-16,600,-0.0010723615577190523,14,5,-1077.3550021685703,-698.4547259819723,7,7,66.0,45.0
EURUSD,OBV,"{'s': 5, 'l': 30, 'b': 0.5}",2019-09-16,700,-0.0010905277724064365,14,5,-1095.615256442528,-721.2800438242673,7,7,66.0,45.0
EURUSD,OBV,"{'s': 5, 'l': 30, 'b': 0.5}",2019-09-16,800,-0.0010814256253410773,14,5,-1086.4851293054478,-707.5848531190525,7,7,66.0,45.0
EURUSD,OBV,"{'s': 5, 'l': 30, 'b': 0.5}",2019-09-16,900,-0.0010450634725531274,14,5,-1049.9646207575324,-675.62940813988,7,7,66.0,45.0
EURUSD,OBV,"{'s': 5, 'l': 30, 'b': 0.5}",2019-09-16,1000,-0.001045071648985211,14,5,-1049.9646207577352,-666.4992810027998,7,7,66.0,45.0
EURUSD,OBV,"{'s': 5, 'l': 30, 'b': 0.5}",2019-09-17,0,-0.0004696460090037568,7,1,-474.7666111247238,-283.03394124705335,5,2,60.0,30.0
EURUSD,OBV,"{'s': 5, 'l': 30, 'b': 0.5}",2019-09-17,10,-0.0004786789430814631,7,1,-483.896738261804,-287.59900481579615,5,2,60.0,30.0
EURUSD,OBV,"{'s': 5, 'l': 30, 'b': 0.5}",2019-09-17,20,-0.0004786789430814631,7,1,-483.896738261804,-287.59900481579615,5,2,60.0,30.0
EURUSD,OBV,"{'s': 5, 'l': 30, 'b': 0.5}",2019-09-17,50,-0.0004786789430814631,7,1,-483.896738261804,-287.59900481579615,5,2,60.0,30.0
EURUSD,OBV,"{'s': 5, 'l': 30, 'b': 0.5}",2019-09-17,100,-0.0004786789430814631,7,1,-483.896738261804,-287.59900481579615,5,2,60.0,30.0
EURUSD,OBV,"{'s': 5, 'l': 30, 'b': 0.5}",2019-09-17,200,-0.00046964706959988766,7,1,-474.7666111247238,-283.03394124725605,5,2,60.0,30.0
EURUSD,OBV,"{'s': 5, 'l': 30, 'b': 0.5}",2019-09-17,300,-0.0004877136725815204,7,1,-493.0268653986815,-292.1640683847417,5,2,60.0,30.0
EURUSD,OBV,"{'s': 5, 'l': 30, 'b': 0.5}",2019-09-17,400,-0.0005057886789752086,7,1,-511.28711967284187,-310.4243226589021,5,2,60.0,30.0
EURUSD,OBV,"{'s': 5, 'l': 30, 'b': 0.5}",2019-09-17,500,-0.0005328910720532302,7,1,-538.6775010838797,-337.8147040701427,5,2,60.0,30.0
EURUSD,OBV,"{'s': 5, 'l': 30, 'b': 0.5}",2019-09-17,600,-0.0005419240061309364,7,1,-547.8076282209599,-333.2496405013999,5,2,60.0,30.0
EURUSD,OBV,"{'s': 5, 'l': 30, 'b': 0.5}",2019-09-17,700,-0.0005419240061309364,7,1,-547.8076282209599,-342.3797676380746,5,2,60.0,30.0
EURUSD,OBV,"{'s': 5, 'l': 30, 'b': 0.5}",2019-09-17,800,-0.0005419240061309364,7,1,-547.8076282209599,-346.9448312068174,5,2,60.0,30.0
EURUSD,OBV,"{'s': 5, 'l': 30, 'b': 0.5}",2019-09-17,900,-0.0005419240061309364,7,1,-547.8076282209599,-346.9448312068174,5,2,60.0,30.0
EURUSD,OBV,"{'s': 5, 'l': 30, 'b': 0.5}",2019-09-17,1000,-0.0005599895475863909,7,1,-566.0678824951203,-356.0749583438976,5,2,60.0,30.0
EURUSD,OBV,"{'s': 5, 'l': 30, 'b': 0.5}",2019-09-18,0,0.00010866776825733826,6,2,109.56152564435416,269.33875054183846,4,2,65.0,18.0
EURUSD,OBV,"{'s': 5, 'l': 30, 'b': 0.5}",2019-09-18,10,0.00011770511055577437,6,2,118.69165278143436,273.9038141105813,4,2,65.0,18.0
EURUSD,OBV,"{'s': 5, 'l': 30, 'b': 0.5}",2019-09-18,20,0.00011770511055577437,6,2,118.69165278143436,273.9038141105813,4,2,65.0,18.0
EURUSD,OBV,"{'s': 5, 'l': 30, 'b': 0.5}",2019-09-18,50,0.00011770511055577437,6,2,118.69165278143436,273.9038141105813,4,2,65.0,18.0
EURUSD,OBV,"{'s': 5, 'l': 30, 'b': 0.5}",2019-09-18,100,0.00011770511055577437,6,2,118.69165278143436,273.9038141105813,4,2,65.0,18.0
EURUSD,OBV,"{'s': 5, 'l': 30, 'b': 0.5}",2019-09-18,200,0.00011770511055577437,6,2,118.69165278143436,278.4688776793241,4,2,65.0,18.0
EURUSD,OBV,"{'s': 5, 'l': 30, 'b': 0.5}",2019-09-18,300,0.00011770511055577437,6,2,118.69165278143436,273.9038141105813,4,2,65.0,18.0
EURUSD,OBV,"{'s': 5, 'l': 30, 'b': 0.5}",2019-09-18,400,0.00011770511055577437,6,2,118.69165278143436,273.9038141109868,4,2,65.0,18.0
EURUSD,OBV,"{'s': 5, 'l': 30, 'b': 0.5}",2019-09-18,500,0.00014482302076279055,6,2,146.0820341922695,287.5990048164043,4,2,65.0,18.0
EURUSD,OBV,"{'s': 5, 'l': 30, 'b': 0.5}",2019-09-18,600,0.00017197911622370666,6,2,173.47241560330735,319.5544497957796,4,2,65.0,18.0
EURUSD,OBV,"{'s': 5, 'l': 30, 'b': 0.5}",2019-09-18,700,0.00018103592124723563,6,2,182.60254274059028,337.81470406994,4,2,65.0,18.0
EURUSD,OBV,"{'s': 5, 'l': 30, 'b': 0.5}",2019-09-18,800,0.00018103592124723563,6,2,182.60254274059028,342.3797676382773,4,2,65.0,18.0
EURUSD,OBV,"{'s': 5, 'l': 30, 'b': 0.5}",2019-09-18,900,0.0001991232786217699,6,3,200.86279701475067,351.5098947753575,4,2,65.0,18.0
EURUSD,OBV,"{'s': 5, 'l': 30, 'b': 0.5}",2019-09-18,1000,0.0002262360409529009,6,3,228.2531784255858,369.7701490493152,4,2,65.0,18.0
EURUSD,OBV,"{'s': 5, 'l': 30, 'b': 0.5}",2019-09-19,0,0.000950868936023164,6,2,958.6633493869332,1109.310447148351,2,4,57.0,35.0
EURUSD,OBV,"{'s': 5, 'l': 30, 'b': 0.5}",2019-09-19,10,0.000950868936023164,6,2,958.6633493869332,1109.310447148351,2,4,57.0,35.0
EURUSD,OBV,"{'s': 5, 'l': 30, 'b': 0.5}",2019-09-19,20,0.000950868936023164,6,2,958.6633493869332,1109.310447148351,2,4,57.0,35.0
EURUSD,OBV,"{'s': 5, 'l': 30, 'b': 0.5}",2019-09-19,50,0.000950868936023164,6,2,958.6633493869332,1109.310447148351,2,4,57.0,35.0
EURUSD,OBV,"{'s': 5, 'l': 30, 'b': 0.5}",2019-09-19,100,0.000950868936023164,6,2,958.6633493869332,1113.8755107166885,2,4,57.0,35.0
EURUSD,OBV,"{'s': 5, 'l': 30, 'b': 0.5}",2019-09-19,200,0.000950868936023164,6,2,958.6633493869332,1113.8755107166885,2,4,57.0,35.0
EURUSD,OBV,"{'s': 5, 'l': 30, 'b': 0.5}",2019-09-19,300,0.0009599260046122026,6,3,967.7934765238107,1127.570701422106,2,4,57.0,35.0
EURUSD,OBV,"{'s': 5, 'l': 30, 'b': 0.5}",2019-09-19,400,0.0009780282625217575,6,3,986.0537307979711,1141.265892127929,2,4,57.0,35.0
EURUSD,OBV,"{'s': 5, 'l': 30, 'b': 0.5}",2019-09-19,500,0.0009780282625217575,6,3,986.0537307979711,1136.7008285593888,2,4,57.0,35.0
EURUSD,OBV,"{'s': 5, 'l': 30, 'b': 0.5}",2019-09-19,600,0.0009689829091419455,6,3,976.9236036608909,1136.7008285593888,2,4,57.0,35.0
EURUSD,OBV,"{'s': 5, 'l': 30, 'b': 0.5}",2019-09-19,700,0.0009599259225826552,6,3,967.7934765240135,1136.7008285593888,2,4,57.0,35.0
EURUSD,OBV,"{'s': 5, 'l': 30, 'b': 0.5}",2019-09-19,800,0.0009599259225826552,6,3,967.7934765240135,1132.135764990646,2,4,57.0,35.0
EURUSD,OBV,"{'s': 5, 'l': 30, 'b': 0.5}",2019-09-19,900,0.0009599259225826552,6,3,967.7934765240135,1141.2658921277261,2,4,57.0,35.0
EURUSD,OBV,"{'s': 5, 'l': 30, 'b': 0.5}",2019-09-19,1000,0.0009599259225826552,6,3,967.7934765240135,1136.7008285593888,2,4,57.0,35.0
EURUSD,OBV,"{'s': 5, 'l': 30, 'b': 0.5}",2019-09-20,0,-0.0005541063011436089,3,1,-556.9377553582428,-483.89673826220945,2,1,44.0,13.0
EURUSD,OBV,"{'s': 5, 'l': 30, 'b': 0.5}",2019-09-20,10,-0.0005541063011436089,3,1,-556.9377553582428,-483.89673826220945,2,1,44.0,13.0
EURUSD,OBV,"{'s': 5, 'l': 30, 'b': 0.5}",2019-09-20,20,-0.0005631958857181462,3,1,-566.067882495323,-493.02686539928965,2,1,44.0,13.0
EURUSD,OBV,"{'s': 5, 'l': 30, 'b': 0.5}",2019-09-20,50,-0.0005631958857181462,3,1,-566.067882495323,-493.02686539928965,2,1,44.0,13.0
EURUSD,OBV,"{'s': 5, 'l': 30, 'b': 0.5}",2019-09-20,100,-0.0005631958857181462,3,1,-566.067882495323,-488.46180183095225,2,1,44.0,13.0
EURUSD,OBV,"{'s': 5, 'l': 30, 'b': 0.5}",2019-09-20,200,-0.0005631958857181462,3,1,-566.067882495323,-493.02686539928965,2,1,44.0,13.0
EURUSD,OBV,"{'s': 5, 'l': 30, 'b': 0.5}",2019-09-20,300,-0.0005541063011436089,3,1,-556.9377553582428,-479.33167469387206,2,1,44.0,13.0
EURUSD,OBV,"{'s': 5, 'l': 30, 'b': 0.5}",2019-09-20,400,-0.0005631799698507037,3,1,-566.067882495323,-506.72205610470724,2,1,44.0,13.0
EURUSD,OBV,"{'s': 5, 'l': 30, 'b': 0.5}",2019-09-20,500,-0.0005813497299189392,3,1,-584.3281367692807,-515.8521832415847,2,1,44.0,13.0
EURUSD,OBV,"{'s': 5, 'l': 30, 'b': 0.5}",2019-09-20,600,-0.0005813507262616297,3,1,-584.3281367692807,-511.28711967324733,2,1,44.0,13.0
EURUSD,OBV,"{'s': 5, 'l': 30, 'b': 0.5}",2019-09-20,700,-0.0005904295025213032,3,1,-593.4582639061582,-515.8521832417874,2,1,44.0,13.0
EURUSD,OBV,"{'s': 5, 'l': 30, 'b': 0.5}",2019-09-20,800,-0.0005904295025213032,3,1,-593.4582639061582,-520.4172468101248,2,1,44.0,13.0
EURUSD,OBV,"{'s': 5, 'l': 30, 'b': 0.5}",2019-09-20,900,-0.0005813559985102219,3,1,-584.3281367692807,-515.8521832415847,2,1,44.0,13.0
EURUSD,OBV,"{'s': 5, 'l': 30, 'b': 0.5}",2019-09-20,1000,-0.0005904295025213032,3,1,-593.4582639061582,-520.4172468101248,2,1,44.0,13.0
EURUSD,OBV,"{'s': 5, 'l': 30, 'b': 0.5}",2019-09-23,0,-0.0008185840410441966,8,2,-821.7114423315412,-593.4582639065636,4,4,32.0,52.0
EURUSD,OBV,"{'s': 5, 'l': 30, 'b': 0.5}",2019-09-23,10,-0.0008185840410441966,8,2,-821.7114423315412,-593.4582639065636,4,4,32.0,52.0
EURUSD,OBV,"{'s': 5, 'l': 30, 'b': 0.5}",2019-09-23,20,-0.0008185840410441966,8,2,-821.7114423315412,-593.4582639065636,4,4,32.0,52.0
EURUSD,OBV,"{'s': 5, 'l': 30, 'b': 0.5}",2019-09-23,50,-0.0008094872604173943,8,2,-812.581315194461,-584.3281367694834,4,4,32.0,52.0
EURUSD,OBV,"{'s': 5, 'l': 30, 'b': 0.5}",2019-09-23,100,-0.0007822186664729914,8,2,-785.1909337832204,-575.1980096324032,4,4,32.0,52.0
EURUSD,OBV,"{'s': 5, 'l': 30, 'b': 0.5}",2019-09-23,200,-0.0007731299894114371,8,2,-776.0608066461402,-556.9377553586482,4,4,32.0,52.0
EURUSD,OBV,"{'s': 5, 'l': 30, 'b': 0.5}",2019-09-23,300,-0.0007822219730095583,8,2,-785.1909337832204,-566.0678824957284,4,4,32.0,52.0
EURUSD,OBV,"{'s': 5, 'l': 30, 'b': 0.5}",2019-09-23,400,-0.0007640381709865407,8,2,-766.9306795092627,-556.9377553588511,4,4,32.0,52.0
EURUSD,OBV,"{'s': 5, 'l': 30, 'b': 0.5}",2019-09-23,500,-0.0007549461047235022,8,2,-757.8005523721826,-552.3726917905136,4,4,32.0,52.0
EURUSD,OBV,"{'s': 5, 'l': 30, 'b': 0.5}",2019-09-23,600,-0.0007640411470803765,8,2,-766.9306795092627,-566.0678824959313,4,4,32.0,52.0
EURUSD,OBV,"{'s': 5, 'l': 30, 'b': 0.5}",2019-09-23,700,-0.0007640411470803765,8,2,-766.9306795092627,-566.0678824959313,4,4,32.0,52.0
EURUSD,OBV,"{'s': 5, 'l': 30, 'b': 0.5}",2019-09-23,800,-0.000773133213343415,8,2,-776.0608066463429,-584.3281367696861,4,4,32.0,52.0
EURUSD,OBV,"{'s': 5, 'l': 30, 'b': 0.5}",2019-09-23,900,-0.0008004193349187642,8,2,-803.4511880575835,-593.4582639065636,4,4,32.0,52.0
EURUSD,OBV,"{'s': 5, 'l': 30, 'b': 0.5}",2019-09-23,1000,-0.0008004193349187642,8,2,-803.4511880575835,-593.4582639065636,4,4,32.0,52.0
EURUSD,OBV,"{'s': 5, 'l': 30, 'b': 0.5}",2019-09-24,0,-4.382675830806056e-05,7,2,-45.65063568519825,132.38684348644648,5,2,52.0,12.0
EURUSD,OBV,"{'s': 5, 'l': 30, 'b': 0.5}",2019-09-24,10,-5.2909245456400774e-05,7,2,-54.78076282227845,127.8217799181091,5,2,52.0,12.0
EURUSD,OBV,"{'s': 5, 'l': 30, 'b': 0.5}",2019-09-24,20,-5.2909245456400774e-05,7,2,-54.78076282227845,132.38684348685192,5,2,52.0,12.0
EURUSD,OBV,"{'s': 5, 'l': 30, 'b': 0.5}",2019-09-24,50,-5.2909245456400774e-05,7,2,-54.78076282227845,132.38684348685192,5,2,52.0,12.0
EURUSD,OBV,"{'s': 5, 'l': 30, 'b': 0.5}",2019-09-24,100,-6.198983531559705e-05,7,2,-63.91088995915592,127.82177991851455,5,2,52.0,12.0
EURUSD,OBV,"{'s': 5, 'l': 30, 'b': 0.5}",2019-09-24,200,-6.19885979217816e-05,7,2,-63.91088995915592,136.95190705579748,5,2,52.0,12.0
EURUSD,OBV,"{'s': 5, 'l': 30, 'b': 0.5}",2019-09-24,300,-7.496964063808233e-06,7,2,-9.130127136877466,168.90735203517272,5,2,52.0,12.0
EURUSD,OBV,"{'s': 5, 'l': 30, 'b': 0.5}",2019-09-24,400,-7.515260053941148e-06,7,2,-9.130127136877466,155.21216132955243,5,2,52.0,12.0
EURUSD,OBV,"{'s': 5, 'l': 30, 'b': 0.5}",2019-09-24,500,-7.515260053941148e-06,7,2,-9.130127136877466,164.34228846622716,5,2,52.0,12.0
EURUSD,OBV,"{'s': 5, 'l': 30, 'b': 0.5}",2019-09-24,600,1.5687115769405144e-06,7,2,0.0,182.60254274059028,5,2,52.0,12.0
EURUSD,OBV,"{'s': 5, 'l': 30, 'b': 0.5}",2019-09-24,700,-7.5145180560457305e-06,7,2,-9.130127136877466,168.90735203476726,5,2,52.0,12.0
EURUSD,OBV,"{'s': 5, 'l': 30, 'b': 0.5}",2019-09-24,800,-2.5707737103514378e-05,7,2,-27.39038141124059,159.77722489768706,5,2,52.0,12.0
EURUSD,OBV,"{'s': 5, 'l': 30, 'b': 0.5}",2019-09-24,900,-3.47893169349997e-05,7,2,-36.52050854811805,150.64709776060687,5,2,52.0,12.0
EURUSD,OBV,"{'s': 5, 'l': 30, 'b': 0.5}",2019-09-24,1000,-4.386133972398036e-05,7,2,-45.65063568519825,141.5169706239321,5,2,52.0,12.0
EURUSD,OBV,"{'s': 5, 'l': 30, 'b': 0.5}",2019-09-25,0,-0.0004841765345161902,3,0,-483.89673826220945,-397.1605304605558,2,1,27.0,8.0
EURUSD,OBV,"{'s': 5, 'l': 30, 'b': 0.5}",2019-09-25,10,-0.0004841765345161902,3,0,-483.89673826220945,-397.1605304605558,2,1,27.0,8.0
EURUSD,OBV,"{'s': 5, 'l': 30, 'b': 0.5}",2019-09-25,20,-0.0004841765345161902,3,0,-483.89673826220945,-397.1605304605558,2,1,27.0,8.0
EURUSD,OBV,"{'s': 5, 'l': 30, 'b': 0.5}",2019-09-25,50,-0.0004933148796663222,3,0,-493.02686539908694,-410.85572116597336,2,1,27.0,8.0
EURUSD,OBV,"{'s': 5, 'l': 30, 'b': 0.5}",2019-09-25,100,-0.0004933148796663222,3,0,-493.02686539908694,-410.85572116597336,2,1,27.0,8.0
EURUSD,OBV,"{'s': 5, 'l': 30, 'b': 0.5}",2019-09-25,200,-0.0004933148796663222,3,0,-493.02686539908694,-401.7255940290959,2,1,27.0,8.0
EURUSD,OBV,"{'s': 5, 'l': 30, 'b': 0.5}",2019-09-25,300,-0.0005024508874137166,3,0,-502.15699253616714,-406.2906575978387,2,1,27.0,8.0
EURUSD,OBV,"{'s': 5, 'l': 30, 'b': 0.5}",2019-09-25,400,-0.0005024508874137166,3,0,-502.15699253616714,-406.2906575978387,2,1,27.0,8.0
EURUSD,OBV,"{'s': 5, 'l': 30, 'b': 0.5}",2019-09-25,500,-0.0005024508874137166,3,0,-502.15699253616714,-406.2906575978387,2,1,27.0,8.0
EURUSD,OBV,"{'s': 5, 'l': 30, 'b': 0.5}",2019-09-25,600,-0.0005024508874137166,3,0,-502.15699253616714,-406.2906575978387,2,1,27.0,8.0
EURUSD,OBV,"{'s': 5, 'l': 30, 'b': 0.5}",2019-09-25,700,-0.0005024508874137166,3,0,-502.15699253616714,-406.2906575978387,2,1,27.0,8.0
EURUSD,OBV,"{'s': 5, 'l': 30, 'b': 0.5}",2019-09-25,800,-0.0005024508874137166,3,0,-502.15699253616714,-406.2906575978387,2,1,27.0,8.0
EURUSD,OBV,"{'s': 5, 'l': 30, 'b': 0.5}",2019-09-25,900,-0.0005024508874137166,3,0,-502.15699253616714,-406.2906575978387,2,1,27.0,8.0
EURUSD,OBV,"{'s': 5, 'l': 30, 'b': 0.5}",2019-09-25,1000,-0.0005024508874137166,3,0,-502.15699253616714,-410.85572116617607,2,1,27.0,8.0
EURUSD,OBV,"{'s': 5, 'l': 30, 'b': 0.5}",2019-09-26,0,0.00016485305385814262,8,2,164.34228846663262,383.4653397551382,3,5,13.0,46.0
EURUSD,OBV,"{'s': 5, 'l': 30, 'b': 0.5}",2019-09-26,10,0.00016485305385814262,8,2,164.34228846663262,383.4653397551382,3,5,13.0,46.0
EURUSD,OBV,"{'s': 5, 'l': 30, 'b': 0.5}",2019-09-26,20,0.00016485305385814262,8,2,164.34228846663262,388.0304033236783,3,5,13.0,46.0
EURUSD,OBV,"{'s': 5, 'l': 30, 'b': 0.5}",2019-09-26,50,0.00016485305385814262,8,2,164.34228846663262,392.5954668920157,3,5,13.0,46.0
EURUSD,OBV,"{'s': 5, 'l': 30, 'b': 0.5}",2019-09-26,100,0.00017398622423576277,8,2,173.47241560371282,392.5954668922184,3,5,13.0,46.0
EURUSD,OBV,"{'s': 5, 'l': 30, 'b': 0.5}",2019-09-26,200,0.00018310434714098795,8,2,182.60254274038755,410.85572116617607,3,5,13.0,46.0
EURUSD,OBV,"{'s': 5, 'l': 30, 'b': 0.5}",2019-09-26,300,0.00019225783278838246,8,2,191.73266987746774,410.85572116597336,3,5,13.0,46.0
EURUSD,OBV,"{'s': 5, 'l': 30, 'b': 0.5}",2019-09-26,400,0.00019224171161920964,8,2,191.73266987746774,415.42078473471616,3,5,13.0,46.0
EURUSD,OBV,"{'s': 5, 'l': 30, 'b': 0.5}",2019-09-26,500,0.00019224171161920964,8,2,191.73266987746774,415.42078473471616,3,5,13.0,46.0
EURUSD,OBV,"{'s': 5, 'l': 30, 'b': 0.5}",2019-09-26,600,0.00017395029910437015,8,2,173.47241560371282,392.595466891813,3,5,13.0,46.0
EURUSD,OBV,"{'s': 5, 'l': 30, 'b': 0.5}",2019-09-26,700,0.00017395029910437015,8,2,173.47241560371282,401.72559402889317,3,5,13.0,46.0
EURUSD,OBV,"{'s': 5, 'l': 30, 'b': 0.5}",2019-09-26,800,0.00018309098321542727,8,2,182.60254274059028,406.2906575972305,3,5,13.0,46.0
EURUSD,OBV,"{'s': 5, 'l': 30, 'b': 0.5}",2019-09-26,900,0.00018309098321542727,8,2,182.60254274059028,406.2906575972305,3,5,13.0,46.0
EURUSD,OBV,"{'s': 5, 'l': 30, 'b': 0.5}",2019-09-26,1000,0.0002013912516674076,8,2,200.86279701454794,419.9858483028508,3,5,13.0,46.0
EURUSD,OBV,"{'s': 5, 'l': 30, 'b': 0.5}",2019-09-27,0,-0.0006207727059070034,6,2,-620.8486453173988,-474.7666111249265,3,3,23.0,8.0
EURUSD,OBV,"{'s': 5, 'l': 30, 'b': 0.5}",2019-09-27,10,-0.0006207727059070034,6,2,-620.8486453173988,-474.7666111249265,3,3,23.0,8.0
EURUSD,OBV,"{'s': 5, 'l': 30, 'b': 0.5}",2019-09-27,20,-0.0006207727059070034,6,2,-620.8486453173988,-474.7666111249265,3,3,23.0,8.0
EURUSD,OBV,"{'s': 5, 'l': 30, 'b': 0.5}",2019-09-27,50,-0.0006207727059070034,6,2,-620.8486453173988,-474.7666111249265,3,3,23.0,8.0
EURUSD,OBV,"{'s': 5, 'l': 30, 'b': 0.5}",2019-09-27,100,-0.0006207727059070034,6,2,-620.8486453173988,-479.33167469366936,3,3,23.0,8.0
EURUSD,OBV,"{'s': 5, 'l': 30, 'b': 0.5}",2019-09-27,200,-0.00064816472382164,6,2,-648.2390267284366,-497.5919289672216,3,3,23.0,8.0
EURUSD,OBV,"{'s': 5, 'l': 30, 'b': 0.5}",2019-09-27,300,-0.0006573037372726315,6,2,-657.3691538655168,-497.5919289672216,3,3,23.0,8.0
EURUSD,OBV,"{'s': 5, 'l': 30, 'b': 0.5}",2019-09-27,400,-0.0006664299165069405,6,2,-666.499281002597,-506.722056104099,3,3,23.0,8.0
EURUSD,OBV,"{'s': 5, 'l': 30, 'b': 0.5}",2019-09-27,500,-0.0006755718542319175,6,2,-675.6294081394744,-511.28711967223364,3,3,23.0,8.0
EURUSD,OBV,"{'s': 5, 'l': 30, 'b': 0.5}",2019-09-27,600,-0.0006664325067375971,6,2,-666.499281002597,-506.722056104099,3,3,23.0,8.0
EURUSD,OBV,"{'s': 5, 'l': 30, 'b': 0.5}",2019-09-27,700,-0.0006846855116384458,6,2,-684.7595352765546,-511.28711967284187,3,3,23.0,8.0
EURUSD,OBV,"{'s': 5, 'l': 30, 'b': 0.5}",2019-09-27,800,-0.0006664325067375971,6,2,-666.499281002597,-497.5919289674243,3,3,23.0,8.0
EURUSD,OBV,"{'s': 5, 'l': 30, 'b': 0.5}",2019-09-27,900,-0.0006664325067375971,6,2,-666.499281002597,-497.5919289674243,3,3,23.0,8.0
EURUSD,OBV,"{'s': 5, 'l': 30, 'b': 0.5}",2019-09-27,1000,-0.0006664325067375971,6,2,-666.499281002597,-502.1569925359644,3,3,23.0,8.0
EURUSD,OBV,"{'s': 5, 'l': 30, 'b': 0.5}",2019-09-30,0,-0.00039393146033230703,9,3,-392.5954668916102,-159.7772248978898,3,6,29.0,49.0
EURUSD,OBV,"{'s': 5, 'l': 30, 'b': 0.5}",2019-09-30,10,-0.00039393146033230703,9,3,-392.5954668916102,-159.7772248978898,3,6,29.0,49.0
EURUSD,OBV,"{'s': 5, 'l': 30, 'b': 0.5}",2019-09-30,20,-0.00039393146033230703,9,3,-392.5954668916102,-159.7772248978898,3,6,29.0,49.0
EURUSD,OBV,"{'s': 5, 'l': 30, 'b': 0.5}",2019-09-30,50,-0.00039393146033230703,9,3,-392.5954668916102,-159.7772248978898,3,6,29.0,49.0
EURUSD,OBV,"{'s': 5, 'l': 30, 'b': 0.5}",2019-09-30,100,-0.00039393146033230703,9,3,-392.5954668916102,-155.21216132955243,3,6,29.0,49.0
EURUSD,OBV,"{'s': 5, 'l': 30, 'b': 0.5}",2019-09-30,200,-0.00038476664953976576,9,3,-383.46533975453,-146.0820341924722,3,6,29.0,49.0
EURUSD,OBV,"{'s': 5, 'l': 30, 'b': 0.5}",2019-09-30,300,-0.00036641011401334695,9,3,-365.20508548036963,-118.69165278123162,3,6,29.0,49.0
EURUSD,OBV,"{'s': 5, 'l': 30, 'b': 0.5}",2019-09-30,400,-0.00035723958857426086,9,3,-356.07495834328944,-109.56152564394871,3,6,29.0,49.0
EURUSD,OBV,"{'s': 5, 'l': 30, 'b': 0.5}",2019-09-30,500,-0.0003572437060744671,9,3,-356.07495834349214,-109.56152564415143,3,6,29.0,49.0
EURUSD,OBV,"{'s': 5, 'l': 30, 'b': 0.5}",2019-09-30,600,-0.00035725219730378183,9,3,-356.07495834349214,-104.99646207581407,3,6,29.0,49.0
EURUSD,OBV,"{'s': 5, 'l': 30, 'b': 0.5}",2019-09-30,700,-0.00037560974125704305,9,3,-374.3352126174498,-127.8217799181091,3,6,29.0,49.0
EURUSD,OBV,"{'s': 5, 'l': 30, 'b': 0.5}",2019-09-30,800,-0.00035727726488305475,9,3,-356.07495834349214,-114.12658921248881,3,6,29.0,49.0
EURUSD,OBV,"{'s': 5, 'l': 30, 'b': 0.5}",2019-09-30,900,-0.00035727726488305475,9,3,-356.07495834349214,-114.12658921269153,3,6,29.0,49.0
EURUSD,OBV,"{'s': 5, 'l': 30, 'b': 0.5}",2019-09-30,1000,-0.0003481227966040299,9,3,-346.94483120641195,-91.3012713703965,3,6,29.0,49.0
EURUSD,IMB,"{'k': 2, 'theta': 0.3}",2019-09-03,0,4.5616269331461e-05,2,1,45.65063568519825,73.0410170962361,0,2,0.0,5.0
EURUSD,IMB,"{'k': 2, 'theta': 0.3}",2019-09-03,10,4.5616269331461e-05,2,1,45.65063568519825,73.0410170962361,0,2,0.0,5.0
EURUSD,IMB,"{'k': 2, 'theta': 0.3}",2019-09-03,20,4.5616269331461e-05,2,1,45.65063568519825,73.0410170962361,0,2,0.0,5.0
EURUSD,IMB,"{'k': 2, 'theta': 0.3}",2019-09-03,50,4.5616269331461e-05,2,1,45.65063568519825,73.0410170962361,0,2,0.0,5.0
EURUSD,IMB,"{'k': 2, 'theta': 0.3}",2019-09-03,100,4.5616269331461e-05,2,1,45.65063568519825,73.0410170962361,0,2,0.0,5.0
EURUSD,IMB,"{'k': 2, 'theta': 0.3}",2019-09-03,200,5.473553103609315e-05,2,1,54.78076282227845,77.60608066457348,0,2,0.0,5.0
EURUSD,IMB,"{'k': 2, 'theta': 0.3}",2019-09-03,300,5.473553103609315e-05,2,1,54.78076282227845,82.17114423311358,0,2,0.0,5.0
EURUSD,IMB,"{'k': 2, 'theta': 0.3}",2019-09-03,400,5.473553103609315e-05,2,1,54.78076282227845,82.17114423311358,0,2,0.0,5.0
EURUSD,IMB,"{'k': 2, 'theta': 0.3}",2019-09-03,500,5.473553103609315e-05,2,1,54.78076282227845,86.73620780145094,0,2,0.0,5.0
EURUSD,IMB,"{'k': 2, 'theta': 0.3}",2019-09-03,600,5.473553103609315e-05,2,1,54.78076282227845,86.73620780145094,0,2,0.0,5.0
EURUSD,IMB,"{'k': 2, 'theta': 0.3}",2019-09-03,700,5.473553103609315e-05,2,1,54.78076282227845,91.30127137019377,0,2,0.0,5.0
EURUSD,IMB,"{'k': 2, 'theta': 0.3}",2019-09-03,800,5.473553103609315e-05,2,1,54.78076282227845,91.30127137019377,0,2,0.0,5.0
EURUSD,IMB,"{'k': 2, 'theta': 0.3}",2019-09-03,900,5.473553103609315e-05,2,1,54.78076282227845,91.30127137019377,0,2,0.0,5.0
EURUSD,IMB,"{'k': 2, 'theta': 0.3}",2019-09-03,1000,7.297239071069826e-05,2,1,73.0410170962361,104.99646207581407,0,2,0.0,5.0
EURUSD,IMB,"{'k': 2, 'theta': 0.3}",2019-09-04,0,-0.00018135449144211606,2,0,-182.60254274038755,-127.82177991831183,0,2,0.0,2.0
EURUSD,IMB,"{'k': 2, 'theta': 0.3}",2019-09-04,10,-0.00018135449144211606,2,0,-182.60254274038755,-127.82177991831183,0,2,0.0,2.0
EURUSD,IMB,"{'k': 2, 'theta': 0.3}",2019-09-04,20,-0.00018135449144211606,2,0,-182.60254274038755,-127.82177991831183,0,2,0.0,2.0
EURUSD,IMB,"{'k': 2, 'theta': 0.3}",2019-09-04,50,-0.00018135449144211606,2,0,-182.60254274038755,-127.82177991831183,0,2,0.0,2.0
EURUSD,IMB,"{'k': 2, 'theta': 0.3}",2019-09-04,100,-0.00018135449144211606,2,0,-182.60254274038755,-127.82177991831183,0,2,0.0,2.0
EURUSD,IMB,"{'k': 2, 'theta': 0.3}",2019-09-04,200,-0.00018135449144211606,2,0,-182.60254274038755,-127.82177991831183,0,2,0.0,2.0
EURUSD,IMB,"{'k': 2, 'theta': 0.3}",2019-09-04,300,-0.00017228592411997162,2,0,-173.47241560330735,-123.256716349569,0,2,0.0,2.0
EURUSD,IMB,"{'k': 2, 'theta': 0.3}",2019-09-04,400,-0.00018135391592236512,2,0,-182.60254274018482,-136.95190705498658,0,2,0.0,2.0
EURUSD,IMB,"{'k': 2, 'theta': 0.3}",2019-09-04,500,-0.00019042190772495992,2,0,-191.732669877265,-141.51697062372938,0,2,0.0,2.0
EURUSD,IMB,"{'k': 2, 'theta': 0.3}",2019-09-04,600,-0.00019042190772495992,2,0,-191.732669877265,-141.51697062372938,0,2,0.0,2.0
EURUSD,IMB,"{'k': 2, 'theta': 0.3}",2019-09-04,700,-0.00019042190772495992,2,0,-191.732669877265,-146.08203419206677,0,2,0.0,2.0
EURUSD,IMB,"{'k': 2, 'theta': 0.3}",2019-09-04,800,-0.00019042190772495992,2,0,-191.732669877265,-146.08203419206677,0,2,0.0,2.0
EURUSD,IMB,"{'k': 2, 'theta': 0.3}",2019-09-04,900,-0.00019948940618354458,2,0,-200.8627970143452,-141.51697062372938,0,2,0.0,2.0
EURUSD,IMB,"{'k': 2, 'theta': 0.3}",2019-09-04,1000,-0.00019948940618354458,2,0,-200.8627970143452,-141.51697062372938,0,2,0.0,2.0
EURUSD,IMB,"{'k': 2, 'theta': 0.3}",2019-09-05,0,0.0,0,0,0.0,0.0,0,0,0.0,0.0
EURUSD,IMB,"{'k': 2, 'theta': 0.3}",2019-09-05,10,0.0,0,0,0.0,0.0,0,0,0.0,0.0
EURUSD,IMB,"{'k': 2, 'theta': 0.3}",2019-09-05,20,0.0,0,0,0.0,0.0,0,0,0.0,0.0
EURUSD,IMB,"{'k': 2, 'theta': 0.3}",2019-09-05,50,0.0,0,0,0.0,0.0,0,0,0.0,0.0
EURUSD,IMB,"{'k': 2, 'theta': 0.3}",2019-09-05,100,0.0,0,0,0.0,0.0,0,0,0.0,0.0
EURUSD,IMB,"{'k': 2, 'theta': 0.3}",2019-09-05,200,0.0,0,0,0.0,0.0,0,0,0.0,0.0
EURUSD,IMB,"{'k': 2, 'theta': 0.3}",2019-09-05,300,0.0,0,0,0.0,0.0,0,0,0.0,0.0
EURUSD,IMB,"{'k': 2, 'theta': 0.3}",2019-09-05,400,0.0,0,0,0.0,0.0,0,0,0.0,0.0
EURUSD,IMB,"{'k': 2, 'theta': 0.3}",2019-09-05,500,0.0,0,0,0.0,0.0,0,0,0.0,0.0
EURUSD,IMB,"{'k': 2, 'theta': 0.3}",2019-09-05,600,0.0,0,0,0.0,0.0,0,0,0.0,0.0
EURUSD,IMB,"{'k': 2, 'theta': 0.3}",2019-09-05,700,0.0,0,0,0.0,0.0,0,0,0.0,0.0
EURUSD,IMB,"{'k': 2, 'theta': 0.3}",2019-09-05,800,0.0,0,0,0.0,0.0,0,0,0.0,0.0
EURUSD,IMB,"{'k': 2, 'theta': 0.3}",2019-09-05,900,0.0,0,0,0.0,0.0,0,0,0.0,0.0
EURUSD,IMB,"{'k': 2, 'theta': 0.3}",2019-09-05,1000,0.0,0,0,0.0,0.0,0,0,0.0,0.0
EURUSD,IMB,"{'k': 2, 'theta': 0.3}",2019-09-06,0,1.8141870240790712e-05,4,1,18.260254273957663,114.12658921289426,1,3,1.0,6.0
EURUSD,IMB,"{'k': 2, 'theta': 0.3}",2019-09-06,10,1.8141870240790712e-05,4,1,18.260254273957663,114.12658921289426,1,3,1.0,6.0
EURUSD,IMB,"{'k': 2, 'theta': 0.3}",2019-09-06,20,1.8141870240790712e-05,4,1,18.260254273957663,114.12658921289426,1,3,1.0,6.0
EURUSD,IMB,"{'k': 2, 'theta': 0.3}",2019-09-06,50,1.8141870240790712e-05,4,1,18.260254273957663,114.12658921289426,1,3,1.0,6.0
EURUSD,IMB,"{'k': 2, 'theta': 0.3}",2019-09-06,100,1.8141870240790712e-05,4,1,18.260254273957663,114.12658921289426,1,3,1.0,6.0
EURUSD,IMB,"{'k': 2, 'theta': 0.3}",2019-09-06,200,-9.03689037681097e-06,4,1,-9.130127137080196,91.3012713703965,1,3,1.0,6.0
EURUSD,IMB,"{'k': 2, 'theta': 0.3}",2019-09-06,300,-3.622443631746925e-05,4,1,-36.52050854811805,68.47595352789874,1,3,1.0,6.0
EURUSD,IMB,"{'k': 2, 'theta': 0.3}",2019-09-06,400,-3.622443631746925e-05,4,1,-36.52050854811805,68.47595352789874,1,3,1.0,6.0
EURUSD,IMB,"{'k': 2, 'theta': 0.3}",2019-09-06,500,-1.8122267677547615e-05,4,2,-18.260254273957663,77.60608066497893,1,3,1.0,6.0
EURUSD,IMB,"{'k': 2, 'theta': 0.3}",2019-09-06,600,-1.8122267677547615e-05,4,2,-18.260254273957663,77.60608066497893,1,3,1.0,6.0
EURUSD,IMB,"{'k': 2, 'theta': 0.3}",2019-09-06,700,-1.8122267677547615e-05,4,2,-18.260254273957663,73.0410170962361,1,3,1.0,6.0
EURUSD,IMB,"{'k': 2, 'theta': 0.3}",2019-09-06,800,-1.8122267677547615e-05,4,2,-18.260254273957663,77.60608066457348,1,3,1.0,6.0
EURUSD,IMB,"{'k': 2, 'theta': 0.3}",2019-09-06,900,-9.07118335778777e-06,4,2,-9.130127137080196,82.17114423311358,1,3,1.0,6.0
EURUSD,IMB,"{'k': 2, 'theta': 0.3}",2019-09-06,1000,-9.07118335778777e-06,4,2,-9.130127137080196,82.17114423311358,1,3,1.0,6.0
EURUSD,IMB,"{'k': 2, 'theta': 0.3}",2019-09-09,0,0.0001356422661302116,1,1,136.951907055392,155.21216132914697,0,1,0.0,1.0
EURUSD,IMB,"{'k': 2, 'theta': 0.3}",2019-09-09,10,0.0001356422661302116,1,1,136.951907055392,155.21216132914697,0,1,0.0,1.0
EURUSD,IMB,"{'k': 2, 'theta': 0.3}",2019-09-09,20,0.0001356422661302116,1,1,136.951907055392,155.21216132914697,0,1,0.0,1.0
EURUSD,IMB,"{'k': 2, 'theta': 0.3}",2019-09-09,50,0.0001356422661302116,1,1,136.951907055392,155.21216132914697,0,1,0.0,1.0
EURUSD,IMB,"{'k': 2, 'theta': 0.3}",2019-09-09,100,0.0001356422661302116,1,1,136.951907055392,155.21216132914697,0,1,0.0,1.0
EURUSD,IMB,"{'k': 2, 'theta': 0.3}",2019-09-09,200,0.0001356422661302116,1,1,136.951907055392,159.7772248978898,0,1,0.0,1.0
EURUSD,IMB,"{'k': 2, 'theta': 0.3}",2019-09-09,300,0.0001356422661302116,1,1,136.951907055392,159.7772248978898,0,1,0.0,1.0
EURUSD,IMB,"{'k': 2, 'theta': 0.3}",2019-09-09,400,0.0001356422661302116,1,1,136.951907055392,159.7772248978898,0,1,0.0,1.0
EURUSD,IMB,"{'k': 2, 'theta': 0.3}",2019-09-09,500,0.0001356422661302116,1,1,136.951907055392,159.7772248978898,0,1,0.0,1.0
EURUSD,IMB,"{'k': 2, 'theta': 0.3}",2019-09-09,600,0.0001356422661302116,1,1,136.951907055392,159.7772248978898,0,1,0.0,1.0
EURUSD,IMB,"{'k': 2, 'theta': 0.3}",2019-09-09,700,0.0001356422661302116,1,1,136.951907055392,159.7772248978898,0,1,0.0,1.0
EURUSD,IMB,"{'k': 2, 'theta': 0.3}",2019-09-09,800,0.0001356422661302116,1,1,136.951907055392,159.7772248978898,0,1,0.0,1.0
EURUSD,IMB,"{'k': 2, 'theta': 0.3}",2019-09-09,900,0.0001356422661302116,1,1,136.951907055392,159.7772248978898,0,1,0.0,1.0
EURUSD,IMB,"{'k': 2, 'theta': 0.3}",2019-09-09,1000,0.0001356422661302116,1,1,136.951907055392,159.7772248978898,0,1,0.0,1.0
EURUSD,IMB,"{'k': 2, 'theta': 0.3}",2019-09-10,0,-0.0006158483068959356,10,3,-620.8486453178042,-388.0304033236783,7,3,28.0,4.0
EURUSD,IMB,"{'k': 2, 'theta': 0.3}",2019-09-10,10,-0.0006158483068959356,10,3,-620.8486453178042,-388.0304033236783,7,3,28.0,4.0
EURUSD,IMB,"{'k': 2, 'theta': 0.3}",2019-09-10,20,-0.0006249002105113252,10,3,-629.9787724548844,-401.7255940290959,7,3,28.0,4.0
EURUSD,IMB,"{'k': 2, 'theta': 0.3}",2019-09-10,50,-0.0006249002105113252,10,3,-629.9787724548844,-401.7255940290959,7,3,28.0,4.0
EURUSD,IMB,"{'k': 2, 'theta': 0.3}",2019-09-10,100,-0.0006249002105113252,10,3,-629.9787724548844,-401.7255940290959,7,3,28.0,4.0
EURUSD,IMB,"{'k': 2, 'theta': 0.3}",2019-09-10,200,-0.0005977386020850793,10,3,-602.5883910438465,-383.4653397549355,7,3,28.0,4.0
EURUSD,IMB,"{'k': 2, 'theta': 0.3}",2019-09-10,300,-0.0005977386020850793,10,3,-602.5883910438465,-383.4653397549355,7,3,28.0,4.0
EURUSD,IMB,"{'k': 2, 'theta': 0.3}",2019-09-10,400,-0.0005977386020850793,10,3,-602.5883910438465,-378.9002761863954,7,3,28.0,4.0
EURUSD,IMB,"{'k': 2, 'theta': 0.3}",2019-09-10,500,-0.0005886847326380439,10,3,-593.4582639065636,-378.90027618680085,7,3,28.0,4.0
EURUSD,IMB,"{'k': 2, 'theta': 0.3}",2019-09-10,600,-0.0005886847326380439,10,3,-593.4582639065636,-378.90027618680085,7,3,28.0,4.0
EURUSD,IMB,"{'k': 2, 'theta': 0.3}",2019-09-10,700,-0.0005886847326380439,10,3,-593.4582639065636,-378.9002761863954,7,3,28.0,4.0
EURUSD,IMB,"{'k': 2, 'theta': 0.3}",2019-09-10,800,-0.0005615010614344746,10,3,-566.067882495323,-356.0749583436949,7,3,28.0,4.0
EURUSD,IMB,"{'k': 2, 'theta': 0.3}",2019-09-10,900,-0.0005524403822208425,10,3,-556.9377553582428,-346.9448312066147,7,3,28.0,4.0
EURUSD,IMB,"{'k': 2, 'theta': 0.3}",2019-09-10,1000,-0.0005433798671752292,10,3,-547.8076282211626,-328.6845769328598,7,3,28.0,4.0
EURUSD,IMB,"{'k': 2, 'theta': 0.3}",2019-09-11,0,-0.00023614450090974932,3,0,-237.38330556266598,-178.03747917184745,2,1,3.0,1.0
EURUSD,IMB,"{'k': 2, 'theta': 0.3}",2019-09-11,10,-0.00023614450090974932,3,0,-237.38330556266598,-178.03747917184745,2,1,3.0,1.0
EURUSD,IMB,"{'k': 2, 'theta': 0.3}",2019-09-11,20,-0.00023614450090974932,3,0,-237.38330556266598,-178.03747917184745,2,1,3.0,1.0
EURUSD,IMB,"{'k': 2, 'theta': 0.3}",2019-09-11,50,-0.00023614450090974932,3,0,-237.38330556266598,-178.03747917184745,2,1,3.0,1.0
EURUSD,IMB,"{'k': 2, 'theta': 0.3}",2019-09-11,100,-0.00023614450090974932,3,0,-237.38330556266598,-178.03747917184745,2,1,3.0,1.0
EURUSD,IMB,"{'k': 2, 'theta': 0.3}",2019-09-11,200,-0.00023614450090974932,3,0,-237.38330556266598,-178.03747917184745,2,1,3.0,1.0
EURUSD,IMB,"{'k': 2, 'theta': 0.3}",2019-09-11,300,-0.00023614450090974932,3,0,-237.38330556266598,-182.60254274059028,2,1,3.0,1.0
EURUSD,IMB,"{'k': 2, 'theta': 0.3}",2019-09-11,400,-0.00025430931022458087,3,0,-255.64355983662367,-191.73266987746774,2,1,3.0,1.0
EURUSD,IMB,"{'k': 2, 'theta': 0.3}",2019-09-11,500,-0.00025430931022458087,3,0,-255.64355983662367,-196.29773344621057,2,1,3.0,1.0
EURUSD,IMB,"{'k': 2, 'theta': 0.3}",2019-09-11,600,-0.00025430931022458087,3,0,-255.64355983662367,-196.29773344621057,2,1,3.0,1.0
EURUSD,IMB,"{'k': 2, 'theta': 0.3}",2019-09-11,700,-0.00025430931022458087,3,0,-255.64355983662367,-196.29773344621057,2,1,3.0,1.0
EURUSD,IMB,"{'k': 2, 'theta': 0.3}",2019-09-11,800,-0.00025430931022458087,3,0,-255.64355983662367,-196.29773344621057,2,1,3.0,1.0
EURUSD,IMB,"{'k': 2, 'theta': 0.3}",2019-09-11,900,-0.00025430931022458087,3,0,-255.64355983662367,-196.29773344621057,2,1,3.0,1.0
EURUSD,IMB,"{'k': 2, 'theta': 0.3}",2019-09-11,1000,-0.00025430931022458087,3,0,-255.64355983662367,-191.73266987746774,2,1,3.0,1.0
EURUSD,IMB,"{'k': 2, 'theta': 0.3}",2019-09-12,0,-0.0003793491582131887,5,1,-383.4653397549355,-264.77368697329837,3,2,3.0,4.0
EURUSD,IMB,"{'k': 2, 'theta': 0.3}",2019-09-12,10,-0.0003793491582131887,5,1,-383.4653397549355,-264.77368697329837,3,2,3.0,4.0
EURUSD,IMB,"{'k': 2, 'theta': 0.3}",2019-09-12,20,-0.0003793491582131887,5,1,-383.4653397549355,-264.77368697329837,3,2,3.0,4.0
EURUSD,IMB,"{'k': 2, 'theta': 0.3}",2019-09-12,50,-0.0003793491582131887,5,1,-383.4653397549355,-264.77368697329837,3,2,3.0,4.0
EURUSD,IMB,"{'k': 2, 'theta': 0.3}",2019-09-12,100,-0.0003793491582131887,5,1,-383.4653397549355,-264.77368697329837,3,2,3.0,4.0
EURUSD,IMB,"{'k': 2, 'theta': 0.3}",2019-09-12,200,-0.00036128418617502214,5,1,-365.2050854807751,-246.513432699138,3,2,3.0,4.0
EURUSD,IMB,"{'k': 2, 'theta': 0.3}",2019-09-12,300,-0.00037031916056092895,5,1,-374.3352126178553,-260.20862340455557,3,2,3.0,4.0
EURUSD,IMB,"{'k': 2, 'theta': 0.3}",2019-09-12,400,-0.00037935413494683576,5,1,-383.4653397549355,-264.77368697289296,3,2,3.0,4.0
EURUSD,IMB,"{'k': 2, 'theta': 0.3}",2019-09-12,500,-0.0003793534002764135,5,1,-383.4653397547328,-264.77368697289296,3,2,3.0,4.0
EURUSD,IMB,"{'k': 2, 'theta': 0.3}",2019-09-12,600,-0.0003793534002764135,5,1,-383.4653397547328,-260.20862340455557,3,2,3.0,4.0
EURUSD,IMB,"{'k': 2, 'theta': 0.3}",2019-09-12,700,-0.00037031916056092895,5,1,-374.3352126178553,-260.20862340455557,3,2,3.0,4.0
EURUSD,IMB,"{'k': 2, 'theta': 0.3}",2019-09-12,800,-0.00036128418617502214,5,1,-365.2050854807751,-251.07849626747537,3,2,3.0,4.0
EURUSD,IMB,"{'k': 2, 'theta': 0.3}",2019-09-12,900,-0.00036129210260431094,5,1,-365.20508548057234,-251.07849626727264,3,2,3.0,4.0
EURUSD,IMB,"{'k': 2, 'theta': 0.3}",2019-09-12,1000,-0.00036129210260431094,5,1,-365.20508548057234,-241.9483691305979,3,2,3.0,4.0
EURUSD,IMB,"{'k': 2, 'theta': 0.3}",2019-09-13,0,-0.00010836975761308385,1,0,-109.56152564435416,-82.17114423331631,1,0,1.0,0.0
EURUSD,IMB,"{'k': 2, 'theta': 0.3}",2019-09-13,10,-0.00010836975761308385,1,0,-109.56152564435416,-82.17114423331631,1,0,1.0,0.0
EURUSD,IMB,"{'k': 2, 'theta': 0.3}",2019-09-13,20,-0.00010836975761308385,1,0,-109.56152564435416,-82.17114423331631,1,0,1.0,0.0
EURUSD,IMB,"{'k': 2, 'theta': 0.3}",2019-09-13,50,-0.00010836975761308385,1,0,-109.56152564435416,-82.17114423331631,1,0,1.0,0.0
EURUSD,IMB,"{'k': 2, 'theta': 0.3}",2019-09-13,100,-0.00010836975761308385,1,0,-109.56152564435416,-82.17114423331631,1,0,1.0,0.0
EURUSD,IMB,"{'k': 2, 'theta': 0.3}",2019-09-13,200,-0.00010836975761308385,1,0,-109.56152564435416,-82.17114423331631,1,0,1.0,0.0
EURUSD,IMB,"{'k': 2, 'theta': 0.3}",2019-09-13,300,-0.00010836975761308385,1,0,-109.56152564435416,-82.17114423331631,1,0,1.0,0.0
EURUSD,IMB,"{'k': 2, 'theta': 0.3}",2019-09-13,400,-0.00010836975761308385,1,0,-109.56152564435416,-82.17114423331631,1,0,1.0,0.0
EURUSD,IMB,"{'k': 2, 'theta': 0.3}",2019-09-13,500,-0.00010836975761308385,1,0,-109.56152564435416,-82.17114423331631,1,0,1.0,0.0
EURUSD,IMB,"{'k': 2, 'theta': 0.3}",2019-09-13,600,-0.00010836975761308385,1,0,-109.56152564435416,-82.17114423331631,1,0,1.0,0.0
EURUSD,IMB,"{'k': 2, 'theta': 0.3}",2019-09-13,700,-0.00010836975761308385,1,0,-109.56152564435416,-82.17114423331631,1,0,1.0,0.0
EURUSD,IMB,"{'k': 2, 'theta': 0.3}",2019-09-13,800,-0.00010836975761308385,1,0,-109.56152564435416,-82.17114423331631,1,0,1.0,0.0
EURUSD,IMB,"{'k': 2, 'theta': 0.3}",2019-09-13,900,-0.00010836975761308385,1,0,-109.56152564435416,-82.17114423331631,1,0,1.0,0.0
EURUSD,IMB,"{'k': 2, 'theta': 0.3}",2019-09-13,1000,-0.00010836975761308385,1,0,-109.56152564435416,-82.17114423331631,1,0,1.0,0.0
EURUSD,IMB,"{'k': 2, 'theta': 0.3}",2019-09-16,0,0.0,0,0,0.0,0.0,0,0,0.0,0.0
EURUSD,IMB,"{'k': 2, 'theta': 0.3}",2019-09-16,10,0.0,0,0,0.0,0.0,0,0,0.0,0.0
EURUSD,IMB,"{'k': 2, 'theta': 0.3}",2019-09-16,20,0.0,0,0,0.0,0.0,0,0,0.0,0.0
EURUSD,IMB,"{'k': 2, 'theta': 0.3}",2019-09-16,50,0.0,0,0,0.0,0.0,0,0,0.0,0.0
EURUSD,IMB,"{'k': 2, 'theta': 0.3}",2019-09-16,100,0.0,0,0,0.0,0.0,0,0,0.0,0.0
EURUSD,IMB,"{'k': 2, 'theta': 0.3}",2019-09-16,200,0.0,0,0,0.0,0.0,0,0,0.0,0.0
EURUSD,IMB,"{'k': 2, 'theta': 0.3}",2019-09-16,300,0.0,0,0,0.0,0.0,0,0,0.0,0.0
EURUSD,IMB,"{'k': 2, 'theta': 0.3}",2019-09-16,400,0.0,0,0,0.0,0.0,0,0,0.0,0.0
EURUSD,IMB,"{'k': 2, 'theta': 0.3}",2019-09-16,500,0.0,0,0,0.0,0.0,0,0,0.0,0.0
EURUSD,IMB,"{'k': 2, 'theta': 0.3}",2019-09-16,600,0.0,0,0,0.0,0.0,0,0,0.0,0.0
EURUSD,IMB,"{'k': 2, 'theta': 0.3}",2019-09-16,700,0.0,0,0,0.0,0.0,0,0,0.0,0.0
EURUSD,IMB,"{'k': 2, 'theta': 0.3}",2019-09-16,800,0.0,0,0,0.0,0.0,0,0,0.0,0.0
EURUSD,IMB,"{'k': 2, 'theta': 0.3}",2019-09-16,900,0.0,0,0,0.0,0.0,0,0,0.0,0.0
EURUSD,IMB,"{'k': 2, 'theta': 0.3}",2019-09-16,1000,0.0,0,0,0.0,0.0,0,0,0.0,0.0
EURUSD,IMB,"{'k': 2, 'theta': 0.3}",2019-09-17,0,1.807778294161017e-05,2,1,18.260254273957663,73.04101709603339,1,1,1.0,1.0
EURUSD,IMB,"{'k': 2, 'theta': 0.3}",2019-09-17,10,1.807778294161017e-05,2,1,18.260254273957663,73.04101709603339,1,1,1.0,1.0
EURUSD,IMB,"{'k': 2, 'theta': 0.3}",2019-09-17,20,1.807778294161017e-05,2,1,18.260254273957663,73.04101709603339,1,1,1.0,1.0
EURUSD,IMB,"{'k': 2, 'theta': 0.3}",2019-09-17,50,1.807778294161017e-05,2,1,18.260254273957663,73.04101709603339,1,1,1.0,1.0
EURUSD,IMB,"{'k': 2, 'theta': 0.3}",2019-09-17,100,1.807778294161017e-05,2,1,18.260254273957663,73.04101709603339,1,1,1.0,1.0
EURUSD,IMB,"{'k': 2, 'theta': 0.3}",2019-09-17,200,1.807778294161017e-05,2,1,18.260254273957663,73.04101709603339,1,1,1.0,1.0
EURUSD,IMB,"{'k': 2, 'theta': 0.3}",2019-09-17,300,1.807778294161017e-05,2,1,18.260254273957663,73.04101709603339,1,1,1.0,1.0
EURUSD,IMB,"{'k': 2, 'theta': 0.3}",2019-09-17,400,1.807778294161017e-05,2,1,18.260254273957663,73.04101709603339,1,1,1.0,1.0
EURUSD,IMB,"{'k': 2, 'theta': 0.3}",2019-09-17,500,9.043461554802571e-06,2,1,9.130127137080196,63.91088995915592,1,1,1.0,1.0
EURUSD,IMB,"{'k': 2, 'theta': 0.3}",2019-09-17,600,9.043461554802571e-06,2,1,9.130127137080196,63.91088995915592,1,1,1.0,1.0
EURUSD,IMB,"{'k': 2, 'theta': 0.3}",2019-09-17,700,9.043461554802571e-06,2,1,9.130127137080196,63.91088995915592,1,1,1.0,1.0
EURUSD,IMB,"{'k': 2, 'theta': 0.3}",2019-09-17,800,9.043461554802571e-06,2,1,9.130127137080196,63.91088995915592,1,1,1.0,1.0
EURUSD,IMB,"{'k': 2, 'theta': 0.3}",2019-09-17,900,1.8076640420836473e-05,2,1,18.260254274160392,63.91088995915592,1,1,1.0,1.0
EURUSD,IMB,"{'k': 2, 'theta': 0.3}",2019-09-17,1000,1.8076640420836473e-05,2,1,18.260254274160392,68.47595352749329,1,1,1.0,1.0
EURUSD,IMB,"{'k': 2, 'theta': 0.3}",2019-09-18,0,-0.00032540836953689366,3,0,-328.684576932657,-273.9038141109868,3,0,3.0,0.0
EURUSD,IMB,"{'k': 2, 'theta': 0.3}",2019-09-18,10,-0.00032540836953689366,3,0,-328.684576932657,-273.9038141109868,3,0,3.0,0.0
EURUSD,IMB,"{'k': 2, 'theta': 0.3}",2019-09-18,20,-0.00032540836953689366,3,0,-328.684576932657,-273.9038141109868,3,0,3.0,0.0
EURUSD,IMB,"{'k': 2, 'theta': 0.3}",2019-09-18,50,-0.00032540836953689366,3,0,-328.684576932657,-273.9038141109868,3,0,3.0,0.0
EURUSD,IMB,"{'k': 2, 'theta': 0.3}",2019-09-18,100,-0.00032540836953689366,3,0,-328.684576932657,-273.9038141109868,3,0,3.0,0.0
EURUSD,IMB,"{'k': 2, 'theta': 0.3}",2019-09-18,200,-0.00032540836953689366,3,0,-328.684576932657,-273.9038141109868,3,0,3.0,0.0
EURUSD,IMB,"{'k': 2, 'theta': 0.3}",2019-09-18,300,-0.00032540836953689366,3,0,-328.684576932657,-273.9038141109868,3,0,3.0,0.0
EURUSD,IMB,"{'k': 2, 'theta': 0.3}",2019-09-18,400,-0.0003344474273053704,3,0,-337.8147040695345,-273.903814110784,3,0,3.0,0.0
EURUSD,IMB,"{'k': 2, 'theta': 0.3}",2019-09-18,500,-0.0003706010440228389,3,0,-374.33521261765253,-301.2941955216192,3,0,3.0,0.0
EURUSD,IMB,"{'k': 2, 'theta': 0.3}",2019-09-18,600,-0.0003706010440228389,3,0,-374.33521261765253,-301.2941955216192,3,0,3.0,0.0
EURUSD,IMB,"{'k': 2, 'theta': 0.3}",2019-09-18,700,-0.0003706010440228389,3,0,-374.33521261765253,-301.2941955216192,3,0,3.0,0.0
EURUSD,IMB,"{'k': 2, 'theta': 0.3}",2019-09-18,800,-0.0003706010440228389,3,0,-374.33521261765253,-301.2941955216192,3,0,3.0,0.0
EURUSD,IMB,"{'k': 2, 'theta': 0.3}",2019-09-18,900,-0.0003706010440228389,3,0,-374.33521261765253,-301.2941955216192,3,0,3.0,0.0
EURUSD,IMB,"{'k': 2, 'theta': 0.3}",2019-09-18,1000,-0.0003706010440228389,3,0,-374.33521261765253,-301.2941955216192,3,0,3.0,0.0
EURUSD,IMB,"{'k': 2, 'theta': 0.3}",2019-09-19,0,0.0,0,0,0.0,0.0,0,0,0.0,0.0
EURUSD,IMB,"{'k': 2, 'theta': 0.3}",2019-09-19,10,0.0,0,0,0.0,0.0,0,0,0.0,0.0
EURUSD,IMB,"{'k': 2, 'theta': 0.3}",2019-09-19,20,0.0,0,0,0.0,0.0,0,0,0.0,0.0
EURUSD,IMB,"{'k': 2, 'theta': 0.3}",2019-09-19,50,0.0,0,0,0.0,0.0,0,0,0.0,0.0
EURUSD,IMB,"{'k': 2, 'theta': 0.3}",2019-09-19,100,0.0,0,0,0.0,0.0,0,0,0.0,0.0
EURUSD,IMB,"{'k': 2, 'theta': 0.3}",2019-09-19,200,0.0,0,0,0.0,0.0,0,0,0.0,0.0
EURUSD,IMB,"{'k': 2, 'theta': 0.3}",2019-09-19,300,0.0,0,0,0.0,0.0,0,0,0.0,0.0
EURUSD,IMB,"{'k': 2, 'theta': 0.3}",2019-09-19,400,0.0,0,0,0.0,0.0,0,0,0.0,0.0
EURUSD,IMB,"{'k': 2, 'theta': 0.3}",2019-09-19,500,0.0,0,0,0.0,0.0,0,0,0.0,0.0
EURUSD,IMB,"{'k': 2, 'theta': 0.3}",2019-09-19,600,0.0,0,0,0.0,0.0,0,0,0.0,0.0
EURUSD,IMB,"{'k': 2, 'theta': 0.3}",2019-09-19,700,0.0,0,0,0.0,0.0,0,0,0.0,0.0
EURUSD,IMB,"{'k': 2, 'theta': 0.3}",2019-09-19,800,0.0,0,0,0.0,0.0,0,0,0.0,0.0
EURUSD,IMB,"{'k': 2, 'theta': 0.3}",2019-09-19,900,0.0,0,0,0.0,0.0,0,0,0.0,0.0
EURUSD,IMB,"{'k': 2, 'theta': 0.3}",2019-09-19,1000,0.0,0,0,0.0,0.0,0,0,0.0,0.0
EURUSD,IMB,"{'k': 2, 'theta': 0.3}",2019-09-20,0,-0.0004360181409118051,6,2,-438.2461025770112,-301.29419552141644,1,5,1.0,7.0
EURUSD,IMB,"{'k': 2, 'theta': 0.3}",2019-09-20,10,-0.0004360181409118051,6,2,-438.2461025770112,-301.29419552141644,1,5,1.0,7.0
EURUSD,IMB,"{'k': 2, 'theta': 0.3}",2019-09-20,20,-0.0004360181409118051,6,2,-438.2461025770112,-301.29419552141644,1,5,1.0,7.0
EURUSD,IMB,"{'k': 2, 'theta': 0.3}",2019-09-20,50,-0.0004360181409118051,6,2,-438.2461025770112,-301.29419552141644,1,5,1.0,7.0
EURUSD,IMB,"{'k': 2, 'theta': 0.3}",2019-09-20,100,-0.0004451039289222588,6,2,-447.3762297140914,-301.294195521011,1,5,1.0,7.0
EURUSD,IMB,"{'k': 2, 'theta': 0.3}",2019-09-20,200,-0.00042693746826961775,6,2,-429.11597544013375,-283.03394124725605,1,5,1.0,7.0
EURUSD,IMB,"{'k': 2, 'theta': 0.3}",2019-09-20,300,-0.0004541980521913023,6,2,-456.5063568511716,-310.42432265809117,1,5,1.0,7.0
EURUSD,IMB,"{'k': 2, 'theta': 0.3}",2019-09-20,400,-0.0004723533805062397,6,2,-474.7666111249265,-319.55444979517137,1,5,1.0,7.0
EURUSD,IMB,"{'k': 2, 'theta': 0.3}",2019-09-20,500,-0.0004723533805062397,6,2,-474.7666111249265,-333.24964050079166,1,5,1.0,7.0
EURUSD,IMB,"{'k': 2, 'theta': 0.3}",2019-09-20,600,-0.00047235692413215627,6,2,-474.76661112512926,-337.81470406933175,1,5,1.0,7.0
EURUSD,IMB,"{'k': 2, 'theta': 0.3}",2019-09-20,700,-0.0004814332286238773,6,2,-483.89673826200675,-342.37976763787185,1,5,1.0,7.0
EURUSD,IMB,"{'k': 2, 'theta': 0.3}",2019-09-20,800,-0.0004814332286238773,6,2,-483.89673826200675,-342.37976763787185,1,5,1.0,7.0
EURUSD,IMB,"{'k': 2, 'theta': 0.3}",2019-09-20,900,-0.00048143092141704144,6,2,-483.89673826200675,-342.3797676374664,1,5,1.0,7.0
EURUSD,IMB,"{'k': 2, 'theta': 0.3}",2019-09-20,1000,-0.00048143092141704144,6,2,-483.89673826200675,-342.3797676374664,1,5,1.0,7.0
EURUSD,IMB,"{'k': 2, 'theta': 0.3}",2019-09-23,0,3.637951105940774e-05,1,1,36.52050854811805,59.345826390818544,0,1,0.0,1.0
EURUSD,IMB,"{'k': 2, 'theta': 0.3}",2019-09-23,10,3.637951105940774e-05,1,1,36.52050854811805,59.345826390818544,0,1,0.0,1.0
EURUSD,IMB,"{'k': 2, 'theta': 0.3}",2019-09-23,20,3.637951105940774e-05,1,1,36.52050854811805,59.345826390818544,0,1,0.0,1.0
EURUSD,IMB,"{'k': 2, 'theta': 0.3}",2019-09-23,50,3.637951105940774e-05,1,1,36.52050854811805,59.345826390818544,0,1,0.0,1.0
EURUSD,IMB,"{'k': 2, 'theta': 0.3}",2019-09-23,100,3.637951105940774e-05,1,1,36.52050854811805,59.345826390818544,0,1,0.0,1.0
EURUSD,IMB,"{'k': 2, 'theta': 0.3}",2019-09-23,200,3.637951105940774e-05,1,1,36.52050854811805,59.345826390818544,0,1,0.0,1.0
EURUSD,IMB,"{'k': 2, 'theta': 0.3}",2019-09-23,300,3.637951105940774e-05,1,1,36.52050854811805,59.345826390818544,0,1,0.0,1.0
EURUSD,IMB,"{'k': 2, 'theta': 0.3}",2019-09-23,400,3.637951105940774e-05,1,1,36.52050854811805,59.345826390818544,0,1,0.0,1.0
EURUSD,IMB,"{'k': 2, 'theta': 0.3}",2019-09-23,500,3.637951105940774e-05,1,1,36.52050854811805,59.345826390818544,0,1,0.0,1.0
EURUSD,IMB,"{'k': 2, 'theta': 0.3}",2019-09-23,600,3.637951105940774e-05,1,1,36.52050854811805,59.345826390818544,0,1,0.0,1.0
EURUSD,IMB,"{'k': 2, 'theta': 0.3}",2019-09-23,700,3.637951105940774e-05,1,1,36.52050854811805,59.345826390818544,0,1,0.0,1.0
EURUSD,IMB,"{'k': 2, 'theta': 0.3}",2019-09-23,800,3.637951105940774e-05,1,1,36.52050854811805,59.345826390818544,0,1,0.0,1.0
EURUSD,IMB,"{'k': 2, 'theta': 0.3}",2019-09-23,900,3.637951105940774e-05,1,1,36.52050854811805,59.345826390818544,0,1,0.0,1.0
EURUSD,IMB,"{'k': 2, 'theta': 0.3}",2019-09-23,1000,3.637951105940774e-05,1,1,36.52050854811805,59.345826390818544,0,1,0.0,1.0
EURUSD,IMB,"{'k': 2, 'theta': 0.3}",2019-09-24,0,-0.00011795127704937031,1,0,-118.69165278123162,-86.73620780185641,0,1,0.0,2.0
EURUSD,IMB,"{'k': 2, 'theta': 0.3}",2019-09-24,10,-0.00011795127704937031,1,0,-118.69165278123162,-86.73620780185641,0,1,0.0,2.0
EURUSD,IMB,"{'k': 2, 'theta': 0.3}",2019-09-24,20,-0.00011795127704937031,1,0,-118.69165278123162,-86.73620780185641,0,1,0.0,2.0
EURUSD,IMB,"{'k': 2, 'theta': 0.3}",2019-09-24,50,-0.00011795127704937031,1,0,-118.69165278123162,-86.73620780185641,0,1,0.0,2.0
EURUSD,IMB,"{'k': 2, 'theta': 0.3}",2019-09-24,100,-0.00011795127704937031,1,0,-118.69165278123162,-86.73620780185641,0,1,0.0,2.0
EURUSD,IMB,"{'k': 2, 'theta': 0.3}",2019-09-24,200,-0.00011795127704937031,1,0,-118.69165278123162,-86.73620780185641,0,1,0.0,2.0
EURUSD,IMB,"{'k': 2, 'theta': 0.3}",2019-09-24,300,-0.00011795127704937031,1,0,-118.69165278123162,-86.73620780185641,0,1,0.0,2.0
EURUSD,IMB,"{'k': 2, 'theta': 0.3}",2019-09-24,400,-0.00011795127704937031,1,0,-118.69165278123162,-86.73620780185641,0,1,0.0,2.0
EURUSD,IMB,"{'k': 2, 'theta': 0.3}",2019-09-24,500,-0.00011795127704937031,1,0,-118.69165278123162,-86.73620780185641,0,1,0.0,2.0
EURUSD,IMB,"{'k': 2, 'theta': 0.3}",2019-09-24,600,-0.00011795127704937031,1,0,-118.69165278123162,-86.73620780185641,0,1,0.0,2.0
EURUSD,IMB,"{'k': 2, 'theta': 0.3}",2019-09-24,700,-0.00011795127704937031,1,0,-118.69165278123162,-86.73620780185641,0,1,0.0,2.0
EURUSD,IMB,"{'k': 2, 'theta': 0.3}",2019-09-24,800,-0.00011795127704937031,1,0,-118.69165278123162,-86.73620780185641,0,1,0.0,2.0
EURUSD,IMB,"{'k': 2, 'theta': 0.3}",2019-09-24,900,-9.980492673416006e-05,1,0,-100.43139850727397,-77.60608066497893,0,1,0.0,2.0
EURUSD,IMB,"{'k': 2, 'theta': 0.3}",2019-09-24,1000,-9.07317515764542e-05,1,0,-91.30127137019377,-59.345826390818544,0,1,0.0,2.0
EURUSD,IMB,"{'k': 2, 'theta': 0.3}",2019-09-25,0,-5.4810538428309295e-05,3,0,-54.78076282187299,22.82531784290322,0,3,0.0,4.0
EURUSD,IMB,"{'k': 2, 'theta': 0.3}",2019-09-25,10,-5.4810538428309295e-05,3,0,-54.78076282187299,22.82531784290322,0,3,0.0,4.0
EURUSD,IMB,"{'k': 2, 'theta': 0.3}",2019-09-25,20,-5.4810538428309295e-05,3,0,-54.78076282187299,22.82531784290322,0,3,0.0,4.0
EURUSD,IMB,"{'k': 2, 'theta': 0.3}",2019-09-25,50,-5.4810538428309295e-05,3,0,-54.78076282187299,22.82531784290322,0,3,0.0,4.0
EURUSD,IMB,"{'k': 2, 'theta': 0.3}",2019-09-25,100,-5.4810538428309295e-05,3,0,-54.78076282187299,22.82531784290322,0,3,0.0,4.0
EURUSD,IMB,"{'k': 2, 'theta': 0.3}",2019-09-25,200,-5.4810538428309295e-05,3,0,-54.78076282187299,22.82531784290322,0,3,0.0,4.0
EURUSD,IMB,"{'k': 2, 'theta': 0.3}",2019-09-25,300,-5.4810538428309295e-05,3,0,-54.78076282187299,22.82531784290322,0,3,0.0,4.0
EURUSD,IMB,"{'k': 2, 'theta': 0.3}",2019-09-25,400,-6.394696352643091e-05,3,0,-63.910889958953184,18.260254274160392,0,3,0.0,4.0
EURUSD,IMB,"{'k': 2, 'theta': 0.3}",2019-09-25,500,-6.394696352643091e-05,3,0,-63.910889958953184,18.260254274160392,0,3,0.0,4.0
EURUSD,IMB,"{'k': 2, 'theta': 0.3}",2019-09-25,600,-6.394696352643091e-05,3,0,-63.910889958953184,9.130127137282926,0,3,0.0,4.0
EURUSD,IMB,"{'k': 2, 'theta': 0.3}",2019-09-25,700,-6.394771453958183e-05,3,0,-63.91088995915592,4.565063568742827,0,3,0.0,4.0
EURUSD,IMB,"{'k': 2, 'theta': 0.3}",2019-09-25,800,-5.4813292383067605e-05,3,1,-54.780762822075715,9.130127137282926,0,3,0.0,4.0
EURUSD,IMB,"{'k': 2, 'theta': 0.3}",2019-09-25,900,-6.394771453958183e-05,3,0,-63.91088995915592,4.565063568945557,0,3,0.0,4.0
EURUSD,IMB,"{'k': 2, 'theta': 0.3}",2019-09-25,1000,-6.394771453958183e-05,3,0,-63.91088995915592,9.130127137282926,0,3,0.0,4.0
EURUSD,IMB,"{'k': 2, 'theta': 0.3}",2019-09-26,0,-0.00012813129063732077,2,0,-127.8217799181091,-91.30127137019377,0,2,0.0,4.0
EURUSD,IMB,"{'k': 2, 'theta': 0.3}",2019-09-26,10,-0.00012813129063732077,2,0,-127.8217799181091,-91.30127137019377,0,2,0.0,4.0
EURUSD,IMB,"{'k': 2, 'theta': 0.3}",2019-09-26,20,-0.00012813129063732077,2,0,-127.8217799181091,-91.30127137019377,0,2,0.0,4.0
EURUSD,IMB,"{'k': 2, 'theta': 0.3}",2019-09-26,50,-0.00012813129063732077,2,0,-127.8217799181091,-91.30127137019377,0,2,0.0,4.0
EURUSD,IMB,"{'k': 2, 'theta': 0.3}",2019-09-26,100,-0.00012813129063732077,2,0,-127.8217799181091,-91.30127137019377,0,2,0.0,4.0
EURUSD,IMB,"{'k': 2, 'theta': 0.3}",2019-09-26,200,-0.00012813129063732077,2,0,-127.8217799181091,-91.30127137019377,0,2,0.0,4.0
EURUSD,IMB,"{'k': 2, 'theta': 0.3}",2019-09-26,300,-0.00012813129063732077,2,0,-127.8217799181091,-91.30127137019377,0,2,0.0,4.0
EURUSD,IMB,"{'k': 2, 'theta': 0.3}",2019-09-26,400,-0.00013728159351087364,2,0,-136.95190705518928,-95.86633493853114,0,2,0.0,4.0
EURUSD,IMB,"{'k': 2, 'theta': 0.3}",2019-09-26,500,-0.00013728159351087364,2,0,-136.95190705518928,-95.86633493853114,0,2,0.0,4.0
EURUSD,IMB,"{'k': 2, 'theta': 0.3}",2019-09-26,600,-0.00012813129063732077,2,0,-127.8217799181091,-91.30127137019377,0,2,0.0,4.0
EURUSD,IMB,"{'k': 2, 'theta': 0.3}",2019-09-26,700,-0.00012813129063732077,2,0,-127.8217799181091,-91.30127137019377,0,2,0.0,4.0
EURUSD,IMB,"{'k': 2, 'theta': 0.3}",2019-09-26,800,-0.00012813129063732077,2,0,-127.8217799181091,-86.73620780145094,0,2,0.0,4.0
EURUSD,IMB,"{'k': 2, 'theta': 0.3}",2019-09-26,900,-0.00012813129063732077,2,0,-127.8217799181091,-91.30127137019377,0,2,0.0,4.0
EURUSD,IMB,"{'k': 2, 'theta': 0.3}",2019-09-26,1000,-0.00012813129063732077,2,0,-127.8217799181091,-91.30127137019377,0,2,0.0,4.0
EURUSD,IMB,"{'k': 2, 'theta': 0.3}",2019-09-27,0,-0.00013708319834982482,5,2,-136.951907055392,-27.39038141124059,5,0,7.0,0.0
EURUSD,IMB,"{'k': 2, 'theta': 0.3}",2019-09-27,10,-0.00013708319834982482,5,2,-136.951907055392,-27.39038141124059,5,0,7.0,0.0
EURUSD,IMB,"{'k': 2, 'theta': 0.3}",2019-09-27,20,-0.00013708319834982482,5,2,-136.951907055392,-27.39038141124059,5,0,7.0,0.0
EURUSD,IMB,"{'k': 2, 'theta': 0.3}",2019-09-27,50,-0.00013708319834982482,5,2,-136.951907055392,-27.39038141124059,5,0,7.0,0.0
EURUSD,IMB,"{'k': 2, 'theta': 0.3}",2019-09-27,100,-0.00015536323015699697,5,1,-155.2121613293497,-41.085572116658156,5,0,7.0,0.0
EURUSD,IMB,"{'k': 2, 'theta': 0.3}",2019-09-27,200,-0.00016450408153137187,5,1,-164.3422884664299,-45.65063568540098,5,0,7.0,0.0
EURUSD,IMB,"{'k': 2, 'theta': 0.3}",2019-09-27,300,-0.00016450408153137187,5,1,-164.3422884664299,-45.65063568540098,5,0,7.0,0.0
EURUSD,IMB,"{'k': 2, 'theta': 0.3}",2019-09-27,400,-0.00017364468225150814,5,1,-173.47241560330735,-54.78076282227845,5,0,7.0,0.0
EURUSD,IMB,"{'k': 2, 'theta': 0.3}",2019-09-27,500,-0.00019192504826273456,5,0,-191.73266987746774,-68.47595352810147,5,0,7.0,0.0
EURUSD,IMB,"{'k': 2, 'theta': 0.3}",2019-09-27,600,-0.00019192504826273456,5,0,-191.73266987746774,-68.47595352810147,5,0,7.0,0.0
EURUSD,IMB,"{'k': 2, 'theta': 0.3}",2019-09-27,700,-0.00019192504826273456,5,0,-191.73266987746774,-63.91088995935864,5,0,7.0,0.0
EURUSD,IMB,"{'k': 2, 'theta': 0.3}",2019-09-27,800,-0.00018278436399105013,5,1,-182.60254274038755,-59.345826391021276,5,0,7.0,0.0
EURUSD,IMB,"{'k': 2, 'theta': 0.3}",2019-09-27,900,-0.00018278436399105013,5,1,-182.60254274038755,-59.345826391021276,5,0,7.0,0.0
EURUSD,IMB,"{'k': 2, 'theta': 0.3}",2019-09-27,1000,-0.00018278436399105013,5,1,-182.60254274038755,-59.345826391021276,5,0,7.0,0.0
EURUSD,IMB,"{'k': 2, 'theta': 0.3}",2019-09-30,0,-0.000247635404612874,2,0,-246.51343269954347,-191.73266987746774,1,1,2.0,1.0
EURUSD,IMB,"{'k': 2, 'theta': 0.3}",2019-09-30,10,-0.000247635404612874,2,0,-246.51343269954347,-191.73266987746774,1,1,2.0,1.0
EURUSD,IMB,"{'k': 2, 'theta': 0.3}",2019-09-30,20,-0.000247635404612874,2,0,-246.51343269954347,-191.73266987746774,1,1,2.0,1.0
EURUSD,IMB,"{'k': 2, 'theta': 0.3}",2019-09-30,50,-0.000247635404612874,2,0,-246.51343269954347,-191.73266987746774,1,1,2.0,1.0
EURUSD,IMB,"{'k': 2, 'theta': 0.3}",2019-09-30,100,-0.000247635404612874,2,0,-246.51343269954347,-191.73266987746774,1,1,2.0,1.0
EURUSD,IMB,"{'k': 2, 'theta': 0.3}",2019-09-30,200,-0.000247635404612874,2,0,-246.51343269954347,-191.73266987746774,1,1,2.0,1.0
EURUSD,IMB,"{'k': 2, 'theta': 0.3}",2019-09-30,300,-0.000247635404612874,2,0,-246.51343269954347,-191.73266987746774,1,1,2.0,1.0
EURUSD,IMB,"{'k': 2, 'theta': 0.3}",2019-09-30,400,-0.000247635404612874,2,0,-246.51343269954347,-191.73266987746774,1,1,2.0,1.0
EURUSD,IMB,"{'k': 2, 'theta': 0.3}",2019-09-30,500,-0.000247635404612874,2,0,-246.51343269954347,-191.73266987746774,1,1,2.0,1.0
EURUSD,IMB,"{'k': 2, 'theta': 0.3}",2019-09-30,600,-0.000247635404612874,2,0,-246.51343269954347,-191.73266987746774,1,1,2.0,1.0
EURUSD,IMB,"{'k': 2, 'theta': 0.3}",2019-09-30,700,-0.000247635404612874,2,0,-246.51343269954347,-191.73266987746774,1,1,2.0,1.0
EURUSD,IMB,"{'k': 2, 'theta': 0.3}",2019-09-30,800,-0.000247635404612874,2,0,-246.51343269954347,-191.73266987746774,1,1,2.0,1.0
EURUSD,IMB,"{'k': 2, 'theta': 0.3}",2019-09-30,900,-0.000247635404612874,2,0,-246.51343269954347,-196.29773344621057,1,1,2.0,1.0
EURUSD,IMB,"{'k': 2, 'theta': 0.3}",2019-09-30,1000,-0.00025680702395384125,2,0,-255.64355983642093,-200.86279701454794,1,1,2.0,1.0
