time,tick,type,ticker,action,qty,price,t,signed,cash,src,run
2026-09-10T20:02:43.310,11,PAIR,CRZY_M,SELL,583.0,10.08,2026-09-10 20:02:43.310,-583.0,5876.64,v3_run1_tick11.txt,0.0
2026-09-10T20:02:48.765,11,PAIR,CRZY_M,SELL,1000.0,10.1,2026-09-10 20:02:48.765,-1000.0,10100.0,v3_run1_tick11.txt,-11.659999999999854
2026-09-10T20:02:49.001,11,PAIR,CRZY_M,SELL,1000.0,10.1,2026-09-10 20:02:49.001,-1000.0,10100.0,v3_run1_tick11.txt,-11.659999999999854
2026-09-10T20:02:49.078,11,FLATTEN,CRZY_M,BUY,2000.0,10.10605,2026-09-10 20:02:49.078,2000.0,-20212.1,v3_run1_tick11.txt,-27.2871499999992
2026-09-10T20:02:49.157,11,FLATTEN,CRZY_M,BUY,2000.0,10.1,2026-09-10 20:02:49.157,2000.0,-20200.0,v3_run1_tick11.txt,-23.76000000000022
2026-09-10T20:02:49.249,11,FLATTEN,CRZY_A,SELL,2000.0,10.1,2026-09-10 20:02:49.249,-2000.0,20200.0,v3_run1_tick11.txt,-23.75999999999931
2026-09-10T20:02:49.328,11,FLATTEN,CRZY_A,SELL,233.0,10.1,2026-09-10 20:02:49.328,-233.0,2353.2999999999997,v3_run1_tick11.txt,-23.76000000000022
2026-09-10T20:02:49.776,11,FLATTEN,CRZY_M,BUY,2351.0,10.09245002,2026-09-10 20:02:49.776,2351.0,-23727.34999702,v3_run1_tick11.txt,-17.599216320000778
2026-09-10T20:02:49.908,12,FLATTEN,CRZY_M,BUY,2351.0,10.1,2026-09-10 20:02:49.908,2351.0,-23745.1,v3_run1_tick11.txt,-6.009997020002629
2026-09-10T20:02:49.996,12,FLATTEN,CRZY_M,SELL,2500.0,10.04,2026-09-10 20:02:49.996,-2500.0,25099.999999999996,v3_run1_tick11.txt,-239.16999702000612
2026-09-10T20:02:50.358,12,FLATTEN,CRZY_M,BUY,733.0,10.09124147,2026-09-10 20:02:50.358,733.0,-7396.87999751,v3_run1_tick11.txt,-168.14931960000467
2026-09-10T20:02:50.436,12,FLATTEN,CRZY_M,BUY,733.0,10.07416098,2026-09-10 20:02:50.436,733.0,-7384.35999834,v3_run1_tick11.txt,-204.34287791000315
2026-09-10T20:02:50.521,12,FLATTEN,CRZY_A,BUY,832.0,10.07,2026-09-10 20:02:50.521,832.0,-8378.24,v3_run1_tick11.txt,-216.20999286999722
2026-09-10T20:02:51.004,12,FLATTEN,CRZY_M,SELL,832.0,10.03,2026-09-10 20:02:51.004,-832.0,8344.96,v3_run1_tick11.txt,-363.5699928700051
2026-09-10T20:02:51.094,12,FLATTEN,CRZY_M,SELL,832.0,10.03,2026-09-10 20:02:51.094,-832.0,8344.96,v3_run1_tick11.txt,-363.5699928700051
2026-09-10T20:02:51.503,12,FLATTEN,CRZY_A,BUY,404.0,9.96,2026-09-10 20:02:51.503,404.0,-4023.84,v3_run1_tick11.txt,-504.9699928700029
2026-09-10T20:02:51.870,12,FLATTEN,CRZY_A,BUY,428.0,10.06,2026-09-10 20:02:51.870,428.0,-4305.68,v3_run1_tick11.txt,-262.56999287000144
2026-09-10T20:02:52.347,12,FLATTEN,CRZY_M,SELL,428.0,10.04,2026-09-10 20:02:52.347,-428.0,4297.12,v3_run1_tick11.txt,-319.60999287000595
2026-09-10T20:06:41.016,32,FLATTEN,CRZY_A,BUY,1000.0,10.09,2026-09-10 20:06:41.016,1000.0,-10090.0,v3_run2_tick32.txt,-198.40999287000886
2026-09-10T20:06:45.619,34,PAIR,CRZY_M,SELL,1000.0,10.14,2026-09-10 20:06:45.619,-1000.0,10140.0,v3_run2_tick32.txt,-27.2099928700045
2026-09-10T20:06:45.619,34,PAIR2,CRZY_A,BUY,1000.0,10.11,2026-09-10 20:06:45.619,1000.0,-10110.0,v3_run2_tick32.txt,-99.92999287000566
2026-09-10T20:07:23.882,43,FLATTEN,CRZY_M,SELL,1500.0,10.18,2026-09-10 20:07:23.882,-1500.0,15270.0,v3_run2_tick32.txt,139.75000712999463
2026-09-10T20:07:23.953,43,FLATTEN,CRZY_M,SELL,1000.0,10.18,2026-09-10 20:07:23.953,-1000.0,10180.0,v3_run2_tick32.txt,139.75000712999463
2026-09-10T20:07:24.025,43,FLATTEN,CRZY_M,SELL,1500.0,10.18,2026-09-10 20:07:24.025,-1500.0,15270.0,v3_run2_tick32.txt,139.75000712999463
2026-09-10T20:07:24.124,43,FLATTEN,CRZY_A,BUY,3000.0,10.19,2026-09-10 20:07:24.124,3000.0,-30570.0,v3_run2_tick32.txt,133.9900071299926
2026-09-10T20:07:24.195,43,FLATTEN,CRZY_A,BUY,3000.0,10.19,2026-09-10 20:07:24.195,3000.0,-30570.0,v3_run2_tick32.txt,133.9900071299926
2026-09-10T20:07:24.271,43,FLATTEN,CRZY_A,BUY,3000.0,10.19,2026-09-10 20:07:24.271,3000.0,-30570.0,v3_run2_tick32.txt,133.9900071299926
2026-09-10T20:07:24.386,43,FLATTEN,CRZY_M,SELL,6000.0,10.18,2026-09-10 20:07:24.386,-6000.0,61080.0,v3_run2_tick32.txt,49.75000712999463
2026-09-10T20:07:24.457,43,FLATTEN,CRZY_M,SELL,6000.0,10.18,2026-09-10 20:07:24.457,-6000.0,61080.0,v3_run2_tick32.txt,49.75000712999463
2026-09-10T20:07:24.528,43,FLATTEN,CRZY_M,SELL,6000.0,10.18,2026-09-10 20:07:24.528,-6000.0,61080.0,v3_run2_tick32.txt,49.750007130001904
2026-09-10T20:07:24.642,43,FLATTEN,CRZY_A,BUY,10000.0,10.19,2026-09-10 20:07:24.642,10000.0,-101900.0,v3_run2_tick32.txt,-46.00999287000559
2026-09-10T20:07:24.650,43,FLATTEN,CRZY_A,BUY,10000.0,10.19,2026-09-10 20:07:24.650,10000.0,-101900.0,bold.txt,-46.00999287000741
2026-09-10T20:07:24.715,43,FLATTEN,CRZY_A,BUY,10000.0,10.19,2026-09-10 20:07:24.715,10000.0,-101900.0,v3_run2_tick32.txt,-46.00999287000741
2026-09-10T20:07:24.937,43,FLATTEN,CRZY_M,SELL,10000.0,10.18,2026-09-10 20:07:24.937,-10000.0,101800.0,bold.txt,-250.24999287001265
2026-09-10T20:07:25.015,43,FLATTEN,CRZY_M,SELL,10000.0,10.18,2026-09-10 20:07:25.015,-10000.0,101800.0,v3_run2_tick32.txt,-250.24999287000537
2026-09-10T20:07:25.015,43,FLATTEN,CRZY_M,SELL,10000.0,10.18,2026-09-10 20:07:25.015,-10000.0,101800.0,bold.txt,-250.2499928699981
2026-09-10T20:07:25.394,43,FLATTEN,CRZY_M,BUY,3100.0,10.2,2026-09-10 20:07:25.394,3100.0,-31619.999999999996,bold.txt,-441.76999287000217
2026-09-10T20:07:25.671,43,FLATTEN,CRZY_M,BUY,3100.0,10.21,2026-09-10 20:07:25.671,3100.0,-31651.000000000004,v3_run2_tick32.txt,-506.5299928700115
2026-09-10T20:07:26.011,43,FLATTEN,CRZY_A,BUY,400.0,10.21,2026-09-10 20:07:26.011,400.0,-4084.0000000000005,bold.txt,-506.52999287000785
2026-09-10T20:07:26.288,43,FLATTEN,CRZY_A,BUY,5400.0,10.22,2026-09-10 20:07:26.288,5400.0,-55188.0,v3_run2_tick32.txt,-536.2899928700026
2026-09-10T20:07:38.642,47,PAIR,CRZY_M,SELL,1000.0,10.26,2026-09-10 20:07:38.642,-1000.0,10260.0,v3_run2_tick32.txt,-439.3299928700053
2026-09-10T20:07:38.642,47,PAIR,CRZY_M,SELL,5000.0,10.26,2026-09-10 20:07:38.642,-5000.0,51300.0,bold.txt,-439.3299928700071
2026-09-10T20:07:38.642,47,PAIR2,CRZY_A,BUY,5000.0,10.23,2026-09-10 20:07:38.642,5000.0,-51150.0,bold.txt,-332.04999287000464
2026-09-10T20:07:38.884,47,FLATTEN,CRZY_A,BUY,1000.0,10.23,2026-09-10 20:07:38.884,1000.0,-10230.0,v3_run2_tick32.txt,-332.04999287000464
2026-09-10T20:07:38.959,47,FLATTEN,CRZY_A,BUY,1000.0,10.23,2026-09-10 20:07:38.959,1000.0,-10230.0,v3_run2_tick32.txt,-332.049992870001
2026-09-10T20:07:39.028,47,FLATTEN,CRZY_A,BUY,1000.0,10.23,2026-09-10 20:07:39.028,1000.0,-10230.0,v3_run2_tick32.txt,-332.049992870001
2026-09-10T20:07:39.102,47,FLATTEN,CRZY_M,SELL,2000.0,10.22,2026-09-10 20:07:39.102,-2000.0,20440.0,v3_run2_tick32.txt,-376.2899928700026
2026-09-10T20:07:39.171,47,FLATTEN,CRZY_M,SELL,2000.0,10.22,2026-09-10 20:07:39.171,-2000.0,20440.0,v3_run2_tick32.txt,-376.2899928700044
2026-09-10T20:07:39.288,47,FLATTEN,CRZY_M,SELL,2000.0,10.22,2026-09-10 20:07:39.288,-2000.0,20440.0,v3_run2_tick32.txt,-376.28999287000624
2026-09-10T20:07:39.382,47,FLATTEN,CRZY_A,BUY,4000.0,10.23,2026-09-10 20:07:39.382,4000.0,-40920.0,v3_run2_tick32.txt,-392.04999287000464
2026-09-10T20:07:39.453,47,FLATTEN,CRZY_A,BUY,4000.0,10.23,2026-09-10 20:07:39.453,4000.0,-40920.0,v3_run2_tick32.txt,-392.049992870001
2026-09-10T20:07:39.514,47,FLATTEN,CRZY_A,BUY,4000.0,10.23,2026-09-10 20:07:39.514,4000.0,-40920.0,v3_run2_tick32.txt,-392.049992870001
2026-09-10T20:07:39.606,47,FLATTEN,CRZY_M,SELL,8000.0,10.22,2026-09-10 20:07:39.606,-8000.0,81760.0,v3_run2_tick32.txt,-496.2899928700026
2026-09-10T20:07:39.678,47,FLATTEN,CRZY_M,SELL,8000.0,10.22,2026-09-10 20:07:39.678,-8000.0,81760.0,v3_run2_tick32.txt,-496.28999287000624
2026-09-10T20:07:39.794,47,FLATTEN,CRZY_M,SELL,8000.0,10.22,2026-09-10 20:07:39.794,-8000.0,81760.0,v3_run2_tick32.txt,-496.28999287000624
2026-09-10T20:07:39.875,47,FLATTEN,CRZY_A,BUY,10000.0,10.23,2026-09-10 20:07:39.875,10000.0,-102300.0,bold.txt,-632.0499928700083
2026-09-10T20:07:39.889,47,FLATTEN,CRZY_A,BUY,10000.0,10.23,2026-09-10 20:07:39.889,10000.0,-102300.0,v3_run2_tick32.txt,-632.049992870001
2026-09-10T20:07:39.946,47,FLATTEN,CRZY_A,BUY,10000.0,10.23,2026-09-10 20:07:39.946,10000.0,-102300.0,bold.txt,-632.0499928699865
2026-09-10T20:07:39.961,47,FLATTEN,CRZY_A,BUY,10000.0,10.23,2026-09-10 20:07:39.961,10000.0,-102300.0,v3_run2_tick32.txt,-632.0499928699574
2026-09-10T20:07:40.227,47,FLATTEN,CRZY_M,SELL,4842.0,10.22,2026-09-10 20:07:40.227,-4842.0,49485.240000000005,bold.txt,-896.2899928699771
2026-09-10T20:07:40.543,47,FLATTEN,CRZY_A,SELL,10000.0,10.22,2026-09-10 20:07:40.543,-10000.0,102200.0,v3_run2_tick32.txt,-896.2899928699771
2026-09-10T20:07:40.632,47,FLATTEN,CRZY_A,SELL,5686.0,10.22,2026-09-10 20:07:40.632,-5686.0,58110.920000000006,v3_run2_tick32.txt,-896.2899928699771
2026-09-10T20:07:40.646,47,FLATTEN,CRZY_A,SELL,3686.0,10.22,2026-09-10 20:07:40.646,-3686.0,37670.920000000006,bold.txt,-896.2899928699735
2026-09-10T20:07:40.704,47,FLATTEN,CRZY_A,SELL,5686.0,10.22,2026-09-10 20:07:40.704,-5686.0,58110.920000000006,v3_run2_tick32.txt,-896.2899928699699
2026-09-10T20:07:40.718,47,FLATTEN,CRZY_A,SELL,3686.0,10.22,2026-09-10 20:07:40.718,-3686.0,37670.920000000006,bold.txt,-896.2899928699626
2026-09-10T20:07:40.797,47,FLATTEN,CRZY_A,SELL,3686.0,10.22,2026-09-10 20:07:40.797,-3686.0,37670.920000000006,bold.txt,-896.2899928699626
2026-09-10T20:07:40.817,47,FLATTEN,CRZY_A,SELL,5686.0,10.22,2026-09-10 20:07:40.817,-5686.0,58110.920000000006,v3_run2_tick32.txt,-896.289992869948
2026-09-10T20:07:40.898,47,FLATTEN,CRZY_M,BUY,1370.0,10.22,2026-09-10 20:07:40.898,1370.0,-14001.400000000001,bold.txt,-896.289992869948
2026-09-10T20:07:41.268,47,FLATTEN,CRZY_A,BUY,10000.0,10.23,2026-09-10 20:07:41.268,10000.0,-102300.0,bold.txt,-1047.929992869933
2026-09-10T20:07:41.333,47,FLATTEN,CRZY_A,BUY,10000.0,10.23,2026-09-10 20:07:41.333,10000.0,-102300.0,bold.txt,-1047.929992869933
2026-09-10T20:07:41.407,47,FLATTEN,CRZY_A,BUY,430.0,10.23,2026-09-10 20:07:41.407,430.0,-4398.900000000001,bold.txt,-1047.929992869933
2026-09-10T20:07:41.477,47,FLATTEN,CRZY_A,BUY,430.0,10.23,2026-09-10 20:07:41.477,430.0,-4398.900000000001,bold.txt,-1047.929992869933
2026-09-10T20:07:41.485,47,FLATTEN,CRZY_A,BUY,2430.0,10.23,2026-09-10 20:07:41.485,2430.0,-24858.9,v3_run2_tick32.txt,-1047.929992869933
2026-09-10T20:07:41.561,47,FLATTEN,CRZY_A,BUY,430.0,10.23,2026-09-10 20:07:41.561,430.0,-4398.900000000001,bold.txt,-1047.929992869933
2026-09-10T20:07:41.561,47,FLATTEN,CRZY_A,BUY,2430.0,10.23,2026-09-10 20:07:41.561,2430.0,-24858.9,v3_run2_tick32.txt,-1047.929992869933
2026-09-10T20:07:41.662,47,FLATTEN,CRZY_M,SELL,3720.0,10.22,2026-09-10 20:07:41.662,-3720.0,38018.4,v3_run2_tick32.txt,-1157.7899928699335
2026-09-10T20:07:41.663,47,FLATTEN,CRZY_M,SELL,1720.0,10.22,2026-09-10 20:07:41.663,-1720.0,17578.4,bold.txt,-1157.7899928699335
2026-09-10T20:07:41.733,47,FLATTEN,CRZY_M,SELL,1720.0,10.22,2026-09-10 20:07:41.733,-1720.0,17578.4,bold.txt,-1157.7899928699335
2026-09-10T20:07:41.734,47,FLATTEN,CRZY_M,SELL,3720.0,10.22,2026-09-10 20:07:41.734,-3720.0,38018.4,v3_run2_tick32.txt,-1157.789992869933
2026-09-10T20:07:41.818,47,FLATTEN,CRZY_M,SELL,1544.0,10.22,2026-09-10 20:07:41.818,-1544.0,15779.68,bold.txt,-1157.7899928699335
2026-09-10T20:07:41.913,47,FLATTEN,CRZY_A,SELL,1720.0,10.22,2026-09-10 20:07:41.913,-1720.0,17578.4,bold.txt,-1157.7899928699335
2026-09-10T20:07:41.984,47,FLATTEN,CRZY_A,SELL,1720.0,10.22,2026-09-10 20:07:41.984,-1720.0,17578.4,bold.txt,-1157.7899928699335
2026-09-10T20:07:42.051,47,FLATTEN,CRZY_A,SELL,1720.0,10.22,2026-09-10 20:07:42.051,-1720.0,17578.4,bold.txt,-1157.789992869919
2026-09-10T20:07:42.086,47,FLATTEN,CRZY_A,SELL,3720.0,10.22,2026-09-10 20:07:42.086,-3720.0,38018.4,v3_run2_tick32.txt,-1157.7899928699335
2026-09-10T20:07:42.161,47,FLATTEN,CRZY_A,BUY,3160.0,10.23,2026-09-10 20:07:42.161,3160.0,-32326.800000000003,bold.txt,-1260.9699928699265
2026-09-10T20:07:42.188,47,FLATTEN,CRZY_A,BUY,5160.0,10.23,2026-09-10 20:07:42.188,5160.0,-52786.8,v3_run2_tick32.txt,-1260.9699928699338
2026-09-10T20:07:42.234,47,FLATTEN,CRZY_A,BUY,3160.0,10.23,2026-09-10 20:07:42.234,3160.0,-32326.800000000003,bold.txt,-1260.9699928699356
2026-09-10T20:07:42.261,47,FLATTEN,CRZY_A,BUY,2808.0,10.23,2026-09-10 20:07:42.261,2808.0,-28725.84,v3_run2_tick32.txt,-1260.9699928699338
2026-09-10T20:07:42.617,47,FLATTEN,CRZY_A,SELL,2352.0,10.23,2026-09-10 20:07:42.617,-2352.0,24060.960000000003,bold.txt,-1260.9699928699301
2026-09-10T20:07:42.690,47,FLATTEN,CRZY_A,SELL,7128.0,10.22,2026-09-10 20:07:42.690,-7128.0,72848.16,bold.txt,-1277.1499928699268
2026-09-10T20:07:42.759,47,FLATTEN,CRZY_A,SELL,7128.0,10.22,2026-09-10 20:07:42.759,-7128.0,72848.16,bold.txt,-1277.149992869934
2026-09-10T20:07:42.834,47,FLATTEN,CRZY_A,SELL,7128.0,10.22,2026-09-10 20:07:42.834,-7128.0,72848.16,bold.txt,-1277.149992869934
2026-09-10T20:07:42.910,47,FLATTEN,CRZY_A,BUY,2352.0,10.23,2026-09-10 20:07:42.910,2352.0,-24060.960000000003,v3_run2_tick32.txt,-1474.8099928699085
2026-09-10T20:07:43.205,47,FLATTEN,CRZY_M,BUY,7704.0,10.26,2026-09-10 20:07:43.205,7704.0,-79043.04,bold.txt,-1997.2299928698922
2026-09-10T20:07:43.259,47,FLATTEN,CRZY_M,BUY,9704.0,10.26,2026-09-10 20:07:43.259,9704.0,-99563.04,v3_run2_tick32.txt,-1997.2299928698944
2026-09-10T20:07:43.276,47,FLATTEN,CRZY_M,BUY,7704.0,10.26,2026-09-10 20:07:43.276,7704.0,-79043.04,bold.txt,-1997.2299928698922
2026-09-10T20:07:43.347,47,FLATTEN,CRZY_M,BUY,7704.0,10.26,2026-09-10 20:07:43.347,7704.0,-79043.04,bold.txt,-1997.2299928698922
2026-09-10T20:07:43.707,47,FLATTEN,CRZY_A,SELL,10000.0,10.22,2026-09-10 20:07:43.707,-10000.0,102200.0,bold.txt,-2613.3099928698794
2026-09-10T20:07:43.781,47,FLATTEN,CRZY_A,SELL,10000.0,10.22,2026-09-10 20:07:43.781,-10000.0,102200.0,bold.txt,-2613.3099928698866
2026-09-10T20:07:43.810,47,FLATTEN,CRZY_A,SELL,10000.0,10.22,2026-09-10 20:07:43.810,-10000.0,102200.0,v3_run2_tick32.txt,-2613.3099928698794
2026-09-10T20:07:43.855,47,FLATTEN,CRZY_A,SELL,10000.0,10.22,2026-09-10 20:07:43.855,-10000.0,102200.0,bold.txt,-2613.3099928699085
2026-09-10T20:07:44.218,47,FLATTEN,CRZY_M,BUY,10000.0,10.26,2026-09-10 20:07:44.218,10000.0,-102600.0,bold.txt,-3597.229992869892
2026-09-10T20:07:44.297,47,FLATTEN,CRZY_M,BUY,10000.0,10.26,2026-09-10 20:07:44.297,10000.0,-102600.0,bold.txt,-3597.2299928698776
2026-09-10T20:07:44.381,48,FLATTEN,CRZY_M,BUY,10000.0,10.26,2026-09-10 20:07:44.381,10000.0,-102600.0,v3_run2_tick32.txt,-3597.229992869885
2026-09-10T20:07:44.381,47,FLATTEN,CRZY_M,BUY,10000.0,10.26,2026-09-10 20:07:44.381,10000.0,-102600.0,bold.txt,-3597.229992869892
2026-09-10T20:07:44.470,48,FLATTEN,CRZY_M,SELL,600.0,10.22,2026-09-10 20:07:44.470,-600.0,6132.0,v3_run2_tick32.txt,-4213.309992869879
2026-09-10T20:07:44.773,48,FLATTEN,CRZY_A,SELL,10000.0,10.22,2026-09-10 20:07:44.773,-10000.0,102200.0,bold.txt,-4213.309992869879
2026-09-10T20:07:44.812,48,FLATTEN,CRZY_A,SELL,6222.0,10.22,2026-09-10 20:07:44.812,-6222.0,63588.840000000004,v3_run2_tick32.txt,-4213.309992869879
2026-09-10T20:07:45.135,48,FLATTEN,CRZY_M,SELL,3586.0,10.21,2026-09-10 20:07:45.135,-3586.0,36613.060000000005,bold.txt,-4199.109992869875
2026-09-10T20:07:45.185,48,FLATTEN,CRZY_M,SELL,5586.0,10.21,2026-09-10 20:07:45.185,-5586.0,57033.060000000005,v3_run2_tick32.txt,-4199.109992869868
2026-09-10T20:07:45.824,48,FLATTEN,CRZY_M,SELL,114.0,10.24,2026-09-10 20:07:45.824,-114.0,1167.3600000000001,v3_run2_tick32.txt,-4516.8699928698625
2026-09-10T20:07:45.891,48,FLATTEN,CRZY_M,SELL,114.0,10.24,2026-09-10 20:07:45.891,-114.0,1167.3600000000001,v3_run2_tick32.txt,-4516.8699928698625
2026-09-10T20:07:45.974,49,FLATTEN,CRZY_M,SELL,1714.0,10.24,2026-09-10 20:07:45.974,-1714.0,17551.36,bold.txt,-4516.8699928698625
2026-09-10T20:07:45.998,48,FLATTEN,CRZY_M,SELL,1230.0,10.24,2026-09-10 20:07:45.998,-1230.0,12595.2,v3_run2_tick32.txt,-4516.869992869877
2026-09-10T20:07:46.313,49,FLATTEN,CRZY_A,SELL,1714.0,10.22,2026-09-10 20:07:46.313,-1714.0,17517.08,bold.txt,-4241.589992869849
2026-09-10T20:07:46.345,48,FLATTEN,CRZY_A,SELL,1072.0,10.22,2026-09-10 20:07:46.345,-1072.0,10955.84,v3_run2_tick32.txt,-4241.589992869849
2026-09-10T20:07:46.740,48,FLATTEN,CRZY_A,BUY,3286.0,10.26,2026-09-10 20:07:46.740,3286.0,-33714.36,v3_run2_tick32.txt,-4903.589992869849
2026-09-10T20:07:46.809,48,FLATTEN,CRZY_A,BUY,3286.0,10.26,2026-09-10 20:07:46.809,3286.0,-33714.36,v3_run2_tick32.txt,-4903.589992869864
2026-09-10T20:07:46.911,48,FLATTEN,CRZY_A,BUY,3286.0,10.26,2026-09-10 20:07:46.911,3286.0,-33714.36,v3_run2_tick32.txt,-4903.589992869864
2026-09-10T20:07:46.999,48,FLATTEN,CRZY_A,SELL,6572.0,10.23045648,2026-09-10 20:07:46.999,-6572.0,67234.55998656001,v3_run2_tick32.txt,-4705.884757029868
2026-09-10T20:07:47.013,49,FLATTEN,CRZY_A,SELL,6572.0,10.23,2026-09-10 20:07:47.013,-6572.0,67231.56,bold.txt,-4699.830006309872
2026-09-10T20:07:47.074,48,FLATTEN,CRZY_A,SELL,3444.0,10.2321777,2026-09-10 20:07:47.074,-3444.0,35239.6199988,v3_run2_tick32.txt,-4743.026863509876
2026-09-10T20:07:47.364,49,FLATTEN,CRZY_A,BUY,7504.0,10.23,2026-09-10 20:07:47.364,7504.0,-76765.92,bold.txt,-4692.330007509881
2026-09-10T20:07:47.760,49,FLATTEN,CRZY_M,BUY,600.0,10.23,2026-09-10 20:07:47.760,600.0,-6138.0,bold.txt,-4692.330007509881
2026-09-10T20:07:48.327,48,FLATTEN,CRZY_M,BUY,9362.0,10.26,2026-09-10 20:07:48.327,9362.0,-96054.12,v3_run2_tick32.txt,-5147.610007509866
2026-09-10T20:07:48.370,49,FLATTEN,CRZY_M,BUY,1726.0,10.26,2026-09-10 20:07:48.370,1726.0,-17708.76,bold.txt,-5147.610007509858
2026-09-10T20:07:48.767,48,FLATTEN,CRZY_M,SELL,4226.0,10.26,2026-09-10 20:07:48.767,-4226.0,43358.76,v3_run2_tick32.txt,-5147.610007509866
2026-09-10T20:07:49.377,48,FLATTEN,CRZY_A,SELL,1684.0,10.24,2026-09-10 20:07:49.377,-1684.0,17244.16,v3_run2_tick32.txt,-4981.330007509867
2026-09-10T20:07:49.479,48,FLATTEN,CRZY_A,SELL,1684.0,10.24,2026-09-10 20:07:49.479,-1684.0,17244.16,v3_run2_tick32.txt,-4981.330007509867
2026-09-10T20:07:49.558,48,FLATTEN,CRZY_A,BUY,600.0,10.26,2026-09-10 20:07:49.558,600.0,-6156.0,v3_run2_tick32.txt,-5214.970007509852
2026-09-10T20:07:49.822,49,FLATTEN,CRZY_M,SELL,3410.0,10.26,2026-09-10 20:07:49.822,-3410.0,34986.6,bold.txt,-5214.970007509837
2026-09-10T20:07:49.891,49,FLATTEN,CRZY_M,BUY,1684.0,10.27,2026-09-10 20:07:49.891,1684.0,-17294.68,bold.txt,-5359.89000750985
2026-09-10T20:07:49.903,48,FLATTEN,CRZY_M,BUY,1684.0,10.27,2026-09-10 20:07:49.903,1684.0,-17294.68,v3_run2_tick32.txt,-5359.890007509835
2026-09-10T20:07:49.956,49,FLATTEN,CRZY_M,BUY,1684.0,10.27,2026-09-10 20:07:49.956,1684.0,-17294.68,bold.txt,-5359.890007509835
2026-09-10T20:07:49.970,48,FLATTEN,CRZY_M,BUY,1684.0,10.27,2026-09-10 20:07:49.970,1684.0,-17294.68,v3_run2_tick32.txt,-5359.890007509821
2026-09-10T20:07:50.054,49,FLATTEN,CRZY_A,SELL,600.0,10.26,2026-09-10 20:07:50.054,-600.0,6156.0,bold.txt,-5282.330007509823
2026-09-10T20:07:50.368,48,FLATTEN,CRZY_M,SELL,1300.0,10.23,2026-09-10 20:07:50.368,-1300.0,13299.0,v3_run2_tick32.txt,-5031.65000750983
2026-09-10T20:07:50.673,49,FLATTEN,CRZY_M,SELL,3194.0,10.26,2026-09-10 20:07:50.673,-3194.0,32770.44,bold.txt,-5321.330007509823
2026-09-10T20:07:51.083,49,FLATTEN,CRZY_A,SELL,2558.0,10.23,2026-09-10 20:07:51.083,-2558.0,26168.34,bold.txt,-4935.830007509823
2026-09-10T20:07:51.155,49,FLATTEN,CRZY_A,SELL,2558.0,10.23,2026-09-10 20:07:51.155,-2558.0,26168.34,bold.txt,-4935.830007509852
2026-09-10T20:07:51.250,49,FLATTEN,CRZY_A,SELL,2558.0,10.23,2026-09-10 20:07:51.250,-2558.0,26168.34,bold.txt,-4935.830007509852
2026-09-10T20:07:51.266,48,FLATTEN,CRZY_A,SELL,2558.0,10.23,2026-09-10 20:07:51.266,-2558.0,26168.34,v3_run2_tick32.txt,-4935.830007509852
2026-09-10T20:07:51.348,49,FLATTEN,CRZY_M,BUY,694.0,10.26,2026-09-10 20:07:51.348,694.0,-7120.44,bold.txt,-5628.290007509844
2026-09-10T20:07:51.643,50,FLATTEN,CRZY_M,BUY,2500.0,10.26,2026-09-10 20:07:51.643,2500.0,-25650.0,v3_run2_tick32.txt,-5628.290007509844
2026-09-10T20:07:52.228,49,FLATTEN,CRZY_A,BUY,40.0,10.28,2026-09-10 20:07:52.228,40.0,-411.2,bold.txt,-6026.050007509824
2026-09-10T20:07:52.268,50,FLATTEN,CRZY_A,BUY,40.0,10.28,2026-09-10 20:07:52.268,40.0,-411.2,v3_run2_tick32.txt,-6026.0500075098535
2026-09-10T20:07:52.375,49,FLATTEN,CRZY_A,BUY,40.0,10.28,2026-09-10 20:07:52.375,40.0,-411.2,bold.txt,-6026.0500075098535
2026-09-10T20:07:52.379,50,FLATTEN,CRZY_M,SELL,2540.0,10.26,2026-09-10 20:07:52.379,-2540.0,26060.399999999998,v3_run2_tick32.txt,-5630.690007509867
2026-09-10T20:07:52.444,49,FLATTEN,CRZY_M,SELL,2540.0,10.26,2026-09-10 20:07:52.444,-2540.0,26060.399999999998,bold.txt,-5630.690007509867
2026-09-10T20:07:52.531,49,FLATTEN,CRZY_M,SELL,560.0,10.26,2026-09-10 20:07:52.531,-560.0,5745.599999999999,bold.txt,-5630.690007509867
2026-09-10T20:07:52.914,49,FLATTEN,CRZY_A,BUY,3620.0,10.27,2026-09-10 20:07:52.914,3620.0,-37177.4,bold.txt,-5884.770007509855
2026-09-10T20:07:52.984,49,FLATTEN,CRZY_A,BUY,1800.0,10.27,2026-09-10 20:07:52.984,1800.0,-18486.0,bold.txt,-5884.770007509855
2026-09-10T20:07:53.289,50,FLATTEN,CRZY_A,SELL,1800.0,10.27,2026-09-10 20:07:53.289,-1800.0,18486.0,v3_run2_tick32.txt,-5884.770007509855
2026-09-10T20:07:53.370,49,FLATTEN,CRZY_M,SELL,5440.0,10.26,2026-09-10 20:07:53.370,-5440.0,55814.4,bold.txt,-5666.89000750985
2026-09-10T20:07:53.373,50,FLATTEN,CRZY_M,SELL,2120.0,10.26,2026-09-10 20:07:53.373,-2120.0,21751.2,v3_run2_tick32.txt,-5666.89000750985
2026-09-10T20:07:53.717,50,FLATTEN,CRZY_M,SELL,1840.0,10.25,2026-09-10 20:07:53.717,-1840.0,18860.0,v3_run2_tick32.txt,-5373.410007509869
2026-09-10T20:07:53.838,50,FLATTEN,CRZY_M,SELL,1840.0,10.25,2026-09-10 20:07:53.838,-1840.0,18860.0,v3_run2_tick32.txt,-5373.410007509869
2026-09-10T20:07:53.925,50,FLATTEN,CRZY_M,BUY,3440.0,10.26,2026-09-10 20:07:53.925,3440.0,-35294.4,v3_run2_tick32.txt,-5703.6900075098965
2026-09-10T20:07:53.996,50,FLATTEN,CRZY_M,BUY,3440.0,10.26,2026-09-10 20:07:53.996,3440.0,-35294.4,v3_run2_tick32.txt,-5703.6900075098965
2026-09-10T20:07:54.095,50,FLATTEN,CRZY_M,BUY,280.0,10.26,2026-09-10 20:07:54.095,280.0,-2872.7999999999997,v3_run2_tick32.txt,-5703.6900075098965
2026-09-10T20:07:54.183,50,FLATTEN,CRZY_M,BUY,600.0,10.27,2026-09-10 20:07:54.183,600.0,-6162.0,v3_run2_tick32.txt,-5962.37000750989
2026-09-10T20:07:54.257,50,FLATTEN,CRZY_M,BUY,600.0,10.27,2026-09-10 20:07:54.257,600.0,-6162.0,v3_run2_tick32.txt,-5962.37000750989
2026-09-10T20:07:54.323,50,FLATTEN,CRZY_M,BUY,600.0,10.27,2026-09-10 20:07:54.323,600.0,-6162.0,v3_run2_tick32.txt,-5962.37000750989
2026-09-10T20:07:54.431,50,FLATTEN,CRZY_M,BUY,600.0,10.27,2026-09-10 20:07:54.431,600.0,-6162.0,v3_run2_tick32.txt,-5962.37000750989
2026-09-10T20:07:54.769,50,FLATTEN,CRZY_A,BUY,1040.0,10.28,2026-09-10 20:07:54.769,1040.0,-10691.199999999999,v3_run2_tick32.txt,-6197.050007509912
2026-09-10T20:07:54.835,50,FLATTEN,CRZY_A,BUY,1040.0,10.28,2026-09-10 20:07:54.835,1040.0,-10691.199999999999,v3_run2_tick32.txt,-6197.050007509912
2026-09-10T20:07:54.926,50,FLATTEN,CRZY_M,SELL,100.0,10.27,2026-09-10 20:07:54.926,-100.0,1027.0,v3_run2_tick32.txt,-5983.170007509907
2026-09-10T20:07:55.002,50,FLATTEN,CRZY_M,SELL,100.0,10.27,2026-09-10 20:07:55.002,-100.0,1027.0,v3_run2_tick32.txt,-5983.170007509907
2026-09-10T20:07:55.063,50,FLATTEN,CRZY_M,SELL,100.0,10.27,2026-09-10 20:07:55.063,-100.0,1027.0,v3_run2_tick32.txt,-5983.170007509907
2026-09-10T20:07:55.162,50,FLATTEN,CRZY_M,SELL,500.0,10.27,2026-09-10 20:07:55.162,-500.0,5135.0,v3_run2_tick32.txt,-5983.170007509907
2026-09-10T20:07:55.504,50,FLATTEN,CRZY_M,SELL,1040.0,10.25,2026-09-10 20:07:55.504,-1040.0,10660.0,v3_run2_tick32.txt,-5539.410007509927
2026-09-10T20:07:55.566,50,FLATTEN,CRZY_M,SELL,1040.0,10.25,2026-09-10 20:07:55.566,-1040.0,10660.0,v3_run2_tick32.txt,-5539.410007509927
2026-09-10T20:07:55.674,50,FLATTEN,CRZY_M,BUY,500.0,10.27,2026-09-10 20:07:55.674,500.0,-5135.0,v3_run2_tick32.txt,-6024.770007509913
2026-09-10T20:07:56.012,50,FLATTEN,CRZY_A,BUY,1040.0,10.28,2026-09-10 20:07:56.012,1040.0,-10691.199999999999,v3_run2_tick32.txt,-6262.450007509935
2026-09-10T20:07:56.084,50,FLATTEN,CRZY_A,BUY,1040.0,10.28,2026-09-10 20:07:56.084,1040.0,-10691.199999999999,v3_run2_tick32.txt,-6262.450007509935
2026-09-10T20:07:56.174,50,FLATTEN,CRZY_M,SELL,500.0,10.27,2026-09-10 20:07:56.174,-500.0,5135.0,v3_run2_tick32.txt,-6045.57000750993
2026-09-10T20:07:56.517,50,FLATTEN,CRZY_M,SELL,1040.0,10.25192308,2026-09-10 20:07:56.517,-1040.0,10662.000003199999,v3_run2_tick32.txt,-5644.47930654994
2026-09-10T20:07:56.589,50,FLATTEN,CRZY_M,SELL,1040.0,10.25,2026-09-10 20:07:56.589,-1040.0,10660.0,v3_run2_tick32.txt,-5599.810004309955
2026-09-10T20:07:56.706,50,FLATTEN,CRZY_M,BUY,300.0,10.29,2026-09-10 20:07:56.706,300.0,-3086.9999999999995,v3_run2_tick32.txt,-6570.530004309927
2026-09-10T20:07:57.058,51,FLATTEN,CRZY_A,BUY,1240.0,10.29,2026-09-10 20:07:57.058,1240.0,-12759.599999999999,v3_run2_tick32.txt,-6570.530004309927
2026-09-10T20:07:57.136,51,FLATTEN,CRZY_A,BUY,1240.0,10.29,2026-09-10 20:07:57.136,1240.0,-12759.599999999999,v3_run2_tick32.txt,-6570.530004309956
2026-09-10T20:07:57.240,51,FLATTEN,CRZY_M,SELL,300.0,10.29,2026-09-10 20:07:57.240,-300.0,3086.9999999999995,v3_run2_tick32.txt,-6570.530004309956
2026-09-10T20:07:57.582,51,FLATTEN,CRZY_M,SELL,940.0,10.28,2026-09-10 20:07:57.582,-940.0,9663.199999999999,v3_run2_tick32.txt,-6352.650004309951
2026-09-10T20:07:57.644,51,FLATTEN,CRZY_M,SELL,940.0,10.28,2026-09-10 20:07:57.644,-940.0,9663.199999999999,v3_run2_tick32.txt,-6352.650004309922
2026-09-10T20:07:57.730,51,FLATTEN,CRZY_A,BUY,940.0,10.29,2026-09-10 20:07:57.730,940.0,-9672.599999999999,v3_run2_tick32.txt,-6589.330004309915
2026-09-10T20:07:57.801,51,FLATTEN,CRZY_A,BUY,940.0,10.29,2026-09-10 20:07:57.801,940.0,-9672.599999999999,v3_run2_tick32.txt,-6589.330004309944
2026-09-10T20:07:57.884,51,FLATTEN,CRZY_A,BUY,940.0,10.29,2026-09-10 20:07:57.884,940.0,-9672.599999999999,v3_run2_tick32.txt,-6589.330004309944
2026-09-10T20:07:57.968,51,FLATTEN,CRZY_M,SELL,620.0,10.28,2026-09-10 20:07:57.968,-620.0,6373.599999999999,v3_run2_tick32.txt,-6380.850004309934
2026-09-10T20:07:58.313,51,FLATTEN,CRZY_A,SELL,640.0,10.28,2026-09-10 20:07:58.313,-640.0,6579.2,v3_run2_tick32.txt,-6380.850004309934
2026-09-10T20:07:58.384,51,FLATTEN,CRZY_A,SELL,640.0,10.28,2026-09-10 20:07:58.384,-640.0,6579.2,v3_run2_tick32.txt,-6380.850004309905
2026-09-10T20:07:58.468,51,FLATTEN,CRZY_A,SELL,640.0,10.28,2026-09-10 20:07:58.468,-640.0,6579.2,v3_run2_tick32.txt,-6380.850004309905
2026-09-10T20:07:58.545,51,FLATTEN,CRZY_A,BUY,640.0,10.29,2026-09-10 20:07:58.545,640.0,-6585.599999999999,v3_run2_tick32.txt,-6614.730004309909
2026-09-10T20:07:58.615,51,FLATTEN,CRZY_A,BUY,640.0,10.29,2026-09-10 20:07:58.615,640.0,-6585.599999999999,v3_run2_tick32.txt,-6614.730004309909
2026-09-10T20:07:58.685,51,FLATTEN,CRZY_A,BUY,640.0,10.29,2026-09-10 20:07:58.685,640.0,-6585.599999999999,v3_run2_tick32.txt,-6614.730004309909
2026-09-10T20:07:58.760,51,FLATTEN,CRZY_A,SELL,640.0,10.28,2026-09-10 20:07:58.760,-640.0,6579.2,v3_run2_tick32.txt,-6400.050004309916
2026-09-10T20:07:58.829,51,FLATTEN,CRZY_A,SELL,640.0,10.28,2026-09-10 20:07:58.829,-640.0,6579.2,v3_run2_tick32.txt,-6400.050004309887
2026-09-10T20:07:58.897,51,FLATTEN,CRZY_A,SELL,640.0,10.28,2026-09-10 20:07:58.897,-640.0,6579.2,v3_run2_tick32.txt,-6400.050004309887
2026-09-10T20:07:58.960,51,FLATTEN,CRZY_A,SELL,640.0,10.28,2026-09-10 20:07:58.960,-640.0,6579.2,v3_run2_tick32.txt,-6400.050004309887
2026-09-10T20:07:59.031,51,FLATTEN,CRZY_A,BUY,1920.0,10.29,2026-09-10 20:07:59.031,1920.0,-19756.8,v3_run2_tick32.txt,-6640.330004309857
2026-09-10T20:07:59.102,51,FLATTEN,CRZY_A,BUY,1920.0,10.29,2026-09-10 20:07:59.102,1920.0,-19756.8,v3_run2_tick32.txt,-6640.330004309857
2026-09-10T20:07:59.186,51,FLATTEN,CRZY_A,BUY,1920.0,10.29,2026-09-10 20:07:59.186,1920.0,-19756.8,v3_run2_tick32.txt,-6640.330004309828
2026-09-10T20:07:59.284,51,FLATTEN,CRZY_A,SELL,3840.0,10.28,2026-09-10 20:07:59.284,-3840.0,39475.2,v3_run2_tick32.txt,-6457.650004309835
2026-09-10T20:07:59.354,51,FLATTEN,CRZY_A,SELL,3840.0,10.28,2026-09-10 20:07:59.354,-3840.0,39475.2,v3_run2_tick32.txt,-6457.650004309835
2026-09-10T20:07:59.416,51,FLATTEN,CRZY_A,SELL,3840.0,10.28,2026-09-10 20:07:59.416,-3840.0,39475.2,v3_run2_tick32.txt,-6457.650004309777
2026-09-10T20:07:59.497,51,FLATTEN,CRZY_A,BUY,7680.0,10.29,2026-09-10 20:07:59.497,7680.0,-79027.2,v3_run2_tick32.txt,-6755.5300043098105
2026-09-10T20:07:59.567,51,FLATTEN,CRZY_A,BUY,7680.0,10.29,2026-09-10 20:07:59.567,7680.0,-79027.2,v3_run2_tick32.txt,-6755.53000430984
2026-09-10T20:07:59.639,51,FLATTEN,CRZY_A,BUY,7680.0,10.29,2026-09-10 20:07:59.639,7680.0,-79027.2,v3_run2_tick32.txt,-6755.53000430984
2026-09-10T20:07:59.728,51,FLATTEN,CRZY_A,BUY,5339.0,10.29,2026-09-10 20:07:59.728,5339.0,-54938.31,v3_run2_tick32.txt,-6755.530004309838
2026-09-10T20:08:00.081,51,FLATTEN,CRZY_A,SELL,10000.0,10.28,2026-09-10 20:08:00.081,-10000.0,102800.0,v3_run2_tick32.txt,-6741.4400043098285
2026-09-10T20:08:00.161,51,FLATTEN,CRZY_A,SELL,10000.0,10.28,2026-09-10 20:08:00.161,-10000.0,102800.0,v3_run2_tick32.txt,-6741.440004309843
2026-09-10T20:08:00.228,51,FLATTEN,CRZY_A,SELL,10000.0,10.28,2026-09-10 20:08:00.228,-10000.0,102800.0,v3_run2_tick32.txt,-6741.440004309814
2026-09-10T20:08:00.330,51,FLATTEN,CRZY_M,BUY,10000.0,10.3,2026-09-10 20:08:00.330,10000.0,-103000.0,v3_run2_tick32.txt,-7369.620004309865
2026-09-10T20:08:00.402,51,FLATTEN,CRZY_M,BUY,10000.0,10.3,2026-09-10 20:08:00.402,10000.0,-103000.0,v3_run2_tick32.txt,-7369.620004309865
2026-09-10T20:08:00.466,51,FLATTEN,CRZY_M,BUY,10000.0,10.3,2026-09-10 20:08:00.466,10000.0,-103000.0,v3_run2_tick32.txt,-7369.620004309854
2026-09-10T20:08:00.563,51,FLATTEN,CRZY_A,SELL,10000.0,10.28,2026-09-10 20:08:00.563,-10000.0,102800.0,v3_run2_tick32.txt,-7341.440004309843
2026-09-10T20:08:00.643,52,FLATTEN,CRZY_A,SELL,10000.0,10.28,2026-09-10 20:08:00.643,-10000.0,102800.0,v3_run2_tick32.txt,-7341.440004309843
2026-09-10T20:08:00.712,52,FLATTEN,CRZY_A,SELL,10000.0,10.28,2026-09-10 20:08:00.712,-10000.0,102800.0,v3_run2_tick32.txt,-7341.440004309814
2026-09-10T20:08:00.806,52,FLATTEN,CRZY_M,BUY,10000.0,10.3,2026-09-10 20:08:00.806,10000.0,-103000.0,v3_run2_tick32.txt,-7969.620004309865
2026-09-10T20:08:00.878,52,FLATTEN,CRZY_M,BUY,10000.0,10.3,2026-09-10 20:08:00.878,10000.0,-103000.0,v3_run2_tick32.txt,-7969.620004309865
2026-09-10T20:08:00.957,52,FLATTEN,CRZY_M,BUY,10000.0,10.3,2026-09-10 20:08:00.957,10000.0,-103000.0,v3_run2_tick32.txt,-7969.620004309854
2026-09-10T20:08:01.050,52,FLATTEN,CRZY_A,SELL,10000.0,10.28,2026-09-10 20:08:01.050,-10000.0,102800.0,v3_run2_tick32.txt,-7941.440004309843
2026-09-10T20:08:01.128,52,FLATTEN,CRZY_A,SELL,10000.0,10.28,2026-09-10 20:08:01.128,-10000.0,102800.0,v3_run2_tick32.txt,-7941.440004309843
2026-09-10T20:08:01.200,52,FLATTEN,CRZY_A,SELL,10000.0,10.28,2026-09-10 20:08:01.200,-10000.0,102800.0,v3_run2_tick32.txt,-7941.440004309814
2026-09-10T20:08:01.307,52,FLATTEN,CRZY_M,BUY,10000.0,10.3,2026-09-10 20:08:01.307,10000.0,-103000.0,v3_run2_tick32.txt,-8569.620004309865
2026-09-10T20:08:01.376,52,FLATTEN,CRZY_M,BUY,10000.0,10.3,2026-09-10 20:08:01.376,10000.0,-103000.0,v3_run2_tick32.txt,-8569.620004309865
2026-09-10T20:08:01.447,52,FLATTEN,CRZY_M,BUY,10000.0,10.3,2026-09-10 20:08:01.447,10000.0,-103000.0,v3_run2_tick32.txt,-8569.620004309854
2026-09-10T20:08:01.549,52,FLATTEN,CRZY_A,SELL,10000.0,10.28,2026-09-10 20:08:01.549,-10000.0,102800.0,v3_run2_tick32.txt,-8541.440004309843
2026-09-10T20:08:01.620,52,FLATTEN,CRZY_A,SELL,10000.0,10.28,2026-09-10 20:08:01.620,-10000.0,102800.0,v3_run2_tick32.txt,-8541.440004309843
2026-09-10T20:08:01.687,52,FLATTEN,CRZY_A,SELL,10000.0,10.28,2026-09-10 20:08:01.687,-10000.0,102800.0,v3_run2_tick32.txt,-8541.440004309814
2026-09-10T20:08:01.749,52,FLATTEN,CRZY_A,SELL,10000.0,10.28,2026-09-10 20:08:01.749,-10000.0,102800.0,v3_run2_tick32.txt,-8541.440004309814
2026-09-10T20:08:01.850,52,FLATTEN,CRZY_M,BUY,10000.0,10.3,2026-09-10 20:08:01.850,10000.0,-103000.0,v3_run2_tick32.txt,-9369.620004309865
2026-09-10T20:08:01.918,52,FLATTEN,CRZY_M,BUY,10000.0,10.3,2026-09-10 20:08:01.918,10000.0,-103000.0,v3_run2_tick32.txt,-9369.620004309865
2026-09-10T20:08:01.982,52,FLATTEN,CRZY_M,BUY,10000.0,10.3,2026-09-10 20:08:01.982,10000.0,-103000.0,v3_run2_tick32.txt,-9369.620004309865
2026-09-10T20:08:02.066,52,FLATTEN,CRZY_A,SELL,8358.0,10.28,2026-09-10 20:08:02.066,-8358.0,85920.23999999999,v3_run2_tick32.txt,-9141.440004309843
2026-09-10T20:08:02.138,52,FLATTEN,CRZY_A,SELL,8358.0,10.28,2026-09-10 20:08:02.138,-8358.0,85920.23999999999,v3_run2_tick32.txt,-9141.440004309872
2026-09-10T20:08:02.209,52,FLATTEN,CRZY_A,SELL,8358.0,10.28,2026-09-10 20:08:02.209,-8358.0,85920.23999999999,v3_run2_tick32.txt,-9141.440004309872
2026-09-10T20:08:02.506,52,FLATTEN,CRZY_M,BUY,10000.0,10.3,2026-09-10 20:08:02.506,10000.0,-103000.0,v3_run2_tick32.txt,-9871.100004309905
2026-09-10T20:08:02.605,52,FLATTEN,CRZY_M,BUY,6716.0,10.3,2026-09-10 20:08:02.605,6716.0,-69174.8,v3_run2_tick32.txt,-9871.100004309876
2026-09-10T20:08:02.672,52,FLATTEN,CRZY_M,BUY,6716.0,10.3,2026-09-10 20:08:02.672,6716.0,-69174.8,v3_run2_tick32.txt,-9871.10000430989
2026-09-10T20:08:02.740,52,FLATTEN,CRZY_M,BUY,6716.0,10.3,2026-09-10 20:08:02.740,6716.0,-69174.8,v3_run2_tick32.txt,-9871.100004309883
2026-09-10T20:08:02.830,52,FLATTEN,CRZY_A,SELL,10000.0,10.28,2026-09-10 20:08:02.830,-10000.0,102800.0,v3_run2_tick32.txt,-9744.400004309864
2026-09-10T20:08:02.901,52,FLATTEN,CRZY_A,SELL,10000.0,10.28,2026-09-10 20:08:02.901,-10000.0,102800.0,v3_run2_tick32.txt,-9744.400004309864
2026-09-10T20:08:02.983,52,FLATTEN,CRZY_A,SELL,3426.0,10.28,2026-09-10 20:08:02.983,-3426.0,35219.28,v3_run2_tick32.txt,-9744.400004309835
2026-09-10T20:08:03.353,52,FLATTEN,CRZY_A,BUY,9994.0,10.3,2026-09-10 20:08:03.353,9994.0,-102938.20000000001,v3_run2_tick32.txt,-10339.620004309894
2026-09-10T20:08:03.431,52,FLATTEN,CRZY_A,BUY,9994.0,10.3,2026-09-10 20:08:03.431,9994.0,-102938.20000000001,v3_run2_tick32.txt,-10339.620004309909
2026-09-10T20:08:03.496,52,FLATTEN,CRZY_A,BUY,9994.0,10.3,2026-09-10 20:08:03.496,9994.0,-102938.20000000001,v3_run2_tick32.txt,-10339.620004309912
2026-09-10T20:08:03.861,52,FLATTEN,CRZY_M,SELL,10000.0,10.26,2026-09-10 20:08:03.861,-10000.0,102600.0,v3_run2_tick32.txt,-10348.460004309905
2026-09-10T20:08:03.932,52,FLATTEN,CRZY_M,SELL,10000.0,10.26,2026-09-10 20:08:03.932,-10000.0,102600.0,v3_run2_tick32.txt,-10348.46000430992
2026-09-10T20:08:04.005,52,FLATTEN,CRZY_M,SELL,10000.0,10.26,2026-09-10 20:08:04.005,-10000.0,102600.0,v3_run2_tick32.txt,-10348.46000430989
2026-09-10T20:08:04.101,52,FLATTEN,CRZY_A,BUY,10000.0,10.3,2026-09-10 20:08:04.101,10000.0,-103000.0,v3_run2_tick32.txt,-11539.620004309923
2026-09-10T20:08:04.183,52,FLATTEN,CRZY_A,BUY,10000.0,10.3,2026-09-10 20:08:04.183,10000.0,-103000.0,v3_run2_tick32.txt,-11539.620004309923
2026-09-10T20:08:04.283,52,FLATTEN,CRZY_A,BUY,10000.0,10.3,2026-09-10 20:08:04.283,10000.0,-103000.0,v3_run2_tick32.txt,-11539.620004309912
2026-09-10T20:08:04.413,53,FLATTEN,CRZY_M,SELL,10000.0,10.26,2026-09-10 20:08:04.413,-10000.0,102600.0,v3_run2_tick32.txt,-11548.460004309905
2026-09-10T20:08:04.486,53,FLATTEN,CRZY_M,SELL,10000.0,10.26,2026-09-10 20:08:04.486,-10000.0,102600.0,v3_run2_tick32.txt,-11548.46000430992
2026-09-10T20:08:04.557,53,FLATTEN,CRZY_M,SELL,10000.0,10.26,2026-09-10 20:08:04.557,-10000.0,102600.0,v3_run2_tick32.txt,-11548.46000430989
2026-09-10T20:08:04.660,53,FLATTEN,CRZY_A,BUY,10000.0,10.3,2026-09-10 20:08:04.660,10000.0,-103000.0,v3_run2_tick32.txt,-12739.620004309923
2026-09-10T20:08:04.732,53,FLATTEN,CRZY_A,BUY,10000.0,10.3,2026-09-10 20:08:04.732,10000.0,-103000.0,v3_run2_tick32.txt,-12739.620004309923
2026-09-10T20:08:04.792,53,FLATTEN,CRZY_A,BUY,10000.0,10.3,2026-09-10 20:08:04.792,10000.0,-103000.0,v3_run2_tick32.txt,-12739.620004309912
2026-09-10T20:08:04.874,53,FLATTEN,CRZY_A,SELL,10000.0,10.27,2026-09-10 20:08:04.874,-10000.0,102700.0,v3_run2_tick32.txt,-12746.250004309913
2026-09-10T20:08:04.946,53,FLATTEN,CRZY_A,SELL,10000.0,10.27,2026-09-10 20:08:04.946,-10000.0,102700.0,v3_run2_tick32.txt,-12746.250004309899
2026-09-10T20:08:05.046,53,FLATTEN,CRZY_A,SELL,10000.0,10.27,2026-09-10 20:08:05.046,-10000.0,102700.0,v3_run2_tick32.txt,-12746.250004309928
2026-09-10T20:08:05.137,53,FLATTEN,CRZY_A,BUY,10000.0,10.3,2026-09-10 20:08:05.137,10000.0,-103000.0,v3_run2_tick32.txt,-13639.620004309923
2026-09-10T20:08:05.233,53,FLATTEN,CRZY_A,BUY,2933.0,10.3,2026-09-10 20:08:05.233,2933.0,-30209.9,v3_run2_tick32.txt,-13639.620004309923
2026-09-10T20:08:05.635,53,FLATTEN,CRZY_M,BUY,453.0,10.32,2026-09-10 20:08:05.635,453.0,-4674.96,v3_run2_tick32.txt,-13976.540004309907
2026-09-10T20:08:05.708,53,FLATTEN,CRZY_M,BUY,453.0,10.32,2026-09-10 20:08:05.708,453.0,-4674.96,v3_run2_tick32.txt,-13976.540004309907
2026-09-10T20:08:05.792,53,FLATTEN,CRZY_M,BUY,453.0,10.3,2026-09-10 20:08:05.792,453.0,-4665.900000000001,v3_run2_tick32.txt,-13657.74000430989
2026-09-10T20:08:05.874,53,FLATTEN,CRZY_A,SELL,226.0,10.29,2026-09-10 20:08:05.874,-226.0,2325.54,v3_run2_tick32.txt,-13502.870004309865
2026-09-10T20:08:06.219,53,FLATTEN,CRZY_M,SELL,400.0,10.27,2026-09-10 20:08:06.219,-400.0,4108.0,v3_run2_tick32.txt,-13188.610004309856
2026-09-10T20:08:06.631,53,FLATTEN,CRZY_A,SELL,280.0,10.27,2026-09-10 20:08:06.631,-280.0,2875.6,v3_run2_tick32.txt,-13188.610004309856
2026-09-10T20:08:06.702,53,FLATTEN,CRZY_A,SELL,280.0,10.27,2026-09-10 20:08:06.702,-280.0,2875.6,v3_run2_tick32.txt,-13188.610004309856
2026-09-10T20:08:06.773,53,FLATTEN,CRZY_A,SELL,280.0,10.27,2026-09-10 20:08:06.773,-280.0,2875.6,v3_run2_tick32.txt,-13188.610004309856
2026-09-10T20:08:06.887,53,FLATTEN,CRZY_A,SELL,280.0,10.27,2026-09-10 20:08:06.887,-280.0,2875.6,v3_run2_tick32.txt,-13188.610004309856
2026-09-10T20:08:06.966,53,FLATTEN,CRZY_A,BUY,226.0,10.29,2026-09-10 20:08:06.966,226.0,-2325.54,v3_run2_tick32.txt,-13533.27000430986
2026-09-10T20:08:07.065,53,FLATTEN,CRZY_A,BUY,226.0,10.29,2026-09-10 20:08:07.065,226.0,-2325.54,v3_run2_tick32.txt,-13533.27000430986
2026-09-10T20:08:07.153,53,FLATTEN,CRZY_M,BUY,600.0,10.29,2026-09-10 20:08:07.153,600.0,-6173.999999999999,v3_run2_tick32.txt,-13533.27000430986
2026-09-10T20:08:07.495,53,FLATTEN,CRZY_M,SELL,86.0,10.29,2026-09-10 20:08:07.495,-86.0,884.9399999999999,v3_run2_tick32.txt,-13533.27000430986
2026-09-10T20:08:07.557,53,FLATTEN,CRZY_M,SELL,86.0,10.29,2026-09-10 20:08:07.557,-86.0,884.9399999999999,v3_run2_tick32.txt,-13533.27000430986
2026-09-10T20:08:07.658,53,FLATTEN,CRZY_M,SELL,186.0,10.29,2026-09-10 20:08:07.658,-186.0,1913.9399999999998,v3_run2_tick32.txt,-13533.27000430986
2026-09-10T20:08:07.729,53,FLATTEN,CRZY_M,SELL,42.0,10.29,2026-09-10 20:08:07.729,-42.0,432.17999999999995,v3_run2_tick32.txt,-13533.27000430986
2026-09-10T20:08:08.101,53,FLATTEN,CRZY_M,SELL,186.0,10.27,2026-09-10 20:08:08.101,-186.0,1910.22,v3_run2_tick32.txt,-13201.650004309864
2026-09-10T20:08:11.911,55,FLATTEN,CRZY_M,BUY,330.0,10.32,2026-09-10 20:08:11.911,330.0,-3405.6,v3_run2_tick32.txt,-14040.00000430987
2026-09-10T20:09:09.951,70,FLATTEN,CRZY_A,BUY,2000.0,10.52,2026-09-10 20:09:09.951,2000.0,-21040.0,v3_run3_tick69.txt,-17327.400004309864
2026-09-10T20:09:10.693,70,FLATTEN,CRZY_A,SELL,706.0,10.52,2026-09-10 20:09:10.693,-706.0,7427.12,v3_run3_tick69.txt,-17327.400004309864
2026-09-10T20:09:10.789,70,FLATTEN,CRZY_A,SELL,706.0,10.52,2026-09-10 20:09:10.789,-706.0,7427.12,v3_run3_tick69.txt,-17327.400004309864
2026-09-10T20:09:10.927,70,FLATTEN,CRZY_A,SELL,706.0,10.52,2026-09-10 20:09:10.927,-706.0,7427.12,v3_run3_tick69.txt,-17327.400004309893
2026-09-10T20:09:11.010,70,FLATTEN,CRZY_A,BUY,206.0,10.52,2026-09-10 20:09:11.010,206.0,-2167.12,v3_run3_tick69.txt,-17327.400004309864
2026-09-10T20:09:11.072,70,FLATTEN,CRZY_A,BUY,206.0,10.52,2026-09-10 20:09:11.072,206.0,-2167.12,v3_run3_tick69.txt,-17327.400004309864
2026-09-10T20:09:11.184,70,FLATTEN,CRZY_A,BUY,500.0,10.52,2026-09-10 20:09:11.184,500.0,-5260.0,v3_run3_tick69.txt,-17327.400004309864
2026-09-10T20:09:11.268,70,FLATTEN,CRZY_A,BUY,500.0,10.52,2026-09-10 20:09:11.268,500.0,-5260.0,v3_run3_tick69.txt,-17327.400004309864
2026-09-10T20:09:11.707,70,FLATTEN,CRZY_A,SELL,500.0,10.54,2026-09-10 20:09:11.707,-500.0,5270.0,v3_run3_tick69.txt,-17630.26000430988
2026-09-10T20:09:11.788,70,FLATTEN,CRZY_A,SELL,500.0,10.54,2026-09-10 20:09:11.788,-500.0,5270.0,v3_run3_tick69.txt,-17630.26000430985
2026-09-10T20:09:11.866,70,FLATTEN,CRZY_A,SELL,500.0,10.54,2026-09-10 20:09:11.866,-500.0,5270.0,v3_run3_tick69.txt,-17630.26000430985
2026-09-10T20:09:11.960,70,FLATTEN,CRZY_A,BUY,1000.0,10.57,2026-09-10 20:09:11.960,1000.0,-10570.0,v3_run3_tick69.txt,-18129.550004309887
2026-09-10T20:09:12.034,70,FLATTEN,CRZY_A,BUY,1000.0,10.57,2026-09-10 20:09:12.034,1000.0,-10570.0,v3_run3_tick69.txt,-18129.550004309887
2026-09-10T20:09:12.114,70,FLATTEN,CRZY_A,BUY,1000.0,10.57,2026-09-10 20:09:12.114,1000.0,-10570.0,v3_run3_tick69.txt,-18129.550004309887
2026-09-10T20:09:12.214,70,FLATTEN,CRZY_A,SELL,2000.0,10.54,2026-09-10 20:09:12.214,-2000.0,21080.0,v3_run3_tick69.txt,-17720.26000430988
2026-09-10T20:09:12.299,70,FLATTEN,CRZY_A,SELL,2000.0,10.54,2026-09-10 20:09:12.299,-2000.0,21080.0,v3_run3_tick69.txt,-17720.26000430985
2026-09-10T20:09:12.367,70,FLATTEN,CRZY_A,SELL,2000.0,10.54,2026-09-10 20:09:12.367,-2000.0,21080.0,v3_run3_tick69.txt,-17720.26000430985
2026-09-10T20:09:12.462,70,FLATTEN,CRZY_M,BUY,2000.0,10.55,2026-09-10 20:09:12.462,2000.0,-21100.0,v3_run3_tick69.txt,-17916.6900043099
2026-09-10T20:09:30.389,75,FLATTEN,CRZY_M,SELL,200.0,10.78,2026-09-10 20:09:30.389,-200.0,2156.0,v3_run3_tick69.txt,-21974.580004309857
2026-09-10T20:09:30.535,75,FLATTEN,CRZY_M,SELL,200.0,10.78,2026-09-10 20:09:30.535,-200.0,2156.0,v3_run3_tick69.txt,-21974.580004309857
2026-09-10T20:09:30.925,75,FLATTEN,CRZY_M,BUY,200.0,10.78,2026-09-10 20:09:30.925,200.0,-2156.0,v3_run3_tick69.txt,-21974.580004309857
2026-09-10T20:09:31.015,75,FLATTEN,CRZY_M,BUY,200.0,10.78,2026-09-10 20:09:31.015,200.0,-2156.0,v3_run3_tick69.txt,-21974.580004309857
2026-09-10T20:09:31.132,75,FLATTEN,CRZY_A,SELL,200.0,10.77,2026-09-10 20:09:31.132,-200.0,2154.0,v3_run3_tick69.txt,-21798.150004309864
2026-09-10T20:09:31.208,75,FLATTEN,CRZY_A,SELL,200.0,10.77,2026-09-10 20:09:31.208,-200.0,2154.0,v3_run3_tick69.txt,-21798.150004309864
2026-09-10T20:09:31.885,75,FLATTEN,CRZY_A,BUY,200.0,10.78,2026-09-10 20:09:31.885,200.0,-2156.0,v3_run3_tick69.txt,-21978.580004309857
2026-09-10T20:09:31.959,75,FLATTEN,CRZY_A,BUY,200.0,10.78,2026-09-10 20:09:31.959,200.0,-2156.0,v3_run3_tick69.txt,-21978.580004309857
2026-09-10T20:09:32.032,75,FLATTEN,CRZY_A,BUY,200.0,10.78,2026-09-10 20:09:32.032,200.0,-2156.0,v3_run3_tick69.txt,-21978.580004309857
2026-09-10T20:09:32.140,75,FLATTEN,CRZY_A,SELL,200.0,10.77,2026-09-10 20:09:32.140,-200.0,2154.0,v3_run3_tick69.txt,-21804.150004309864
2026-09-10T20:09:32.495,75,FLATTEN,CRZY_M,SELL,400.0,10.74,2026-09-10 20:09:32.495,-400.0,4296.0,v3_run3_tick69.txt,-21274.860004309885
2026-09-10T20:09:32.557,75,FLATTEN,CRZY_M,SELL,400.0,10.74,2026-09-10 20:09:32.557,-400.0,4296.0,v3_run3_tick69.txt,-21274.860004309885
2026-09-10T20:09:32.653,75,FLATTEN,CRZY_A,BUY,200.0,10.77,2026-09-10 20:09:32.653,200.0,-2154.0,v3_run3_tick69.txt,-21828.150004309864
2026-09-10T20:09:33.051,75,FLATTEN,CRZY_M,BUY,400.0,10.78,2026-09-10 20:09:33.051,400.0,-4312.0,v3_run3_tick69.txt,-22010.580004309857
2026-09-10T20:09:33.890,76,FLATTEN,CRZY_M,SELL,200.0,10.77,2026-09-10 20:09:33.890,-200.0,2154.0,v3_run3_tick69.txt,-21832.150004309864
2026-09-10T20:09:33.963,76,FLATTEN,CRZY_M,SELL,200.0,10.77,2026-09-10 20:09:33.963,-200.0,2154.0,v3_run3_tick69.txt,-21832.150004309864
2026-09-10T20:09:34.038,76,FLATTEN,CRZY_M,SELL,200.0,10.77,2026-09-10 20:09:34.038,-200.0,2154.0,v3_run3_tick69.txt,-21832.150004309864
2026-09-10T20:09:34.159,76,FLATTEN,CRZY_M,SELL,200.0,10.77,2026-09-10 20:09:34.159,-200.0,2154.0,v3_run3_tick69.txt,-21832.150004309864
2026-09-10T20:09:34.234,76,FLATTEN,CRZY_M,BUY,400.0,10.78,2026-09-10 20:09:34.234,400.0,-4312.0,v3_run3_tick69.txt,-22018.580004309857
2026-09-10T20:09:34.318,76,FLATTEN,CRZY_M,BUY,400.0,10.78,2026-09-10 20:09:34.318,400.0,-4312.0,v3_run3_tick69.txt,-22018.580004309857
2026-09-10T20:09:34.405,76,FLATTEN,CRZY_M,SELL,200.0,10.77,2026-09-10 20:09:34.405,-200.0,2154.0,v3_run3_tick69.txt,-21840.150004309864
2026-09-10T20:09:34.480,76,FLATTEN,CRZY_M,SELL,200.0,10.77,2026-09-10 20:09:34.480,-200.0,2154.0,v3_run3_tick69.txt,-21840.150004309864
2026-09-10T20:09:34.822,76,FLATTEN,CRZY_M,BUY,200.0,10.77,2026-09-10 20:09:34.822,200.0,-2154.0,v3_run3_tick69.txt,-21840.150004309864
2026-09-10T20:09:34.936,76,FLATTEN,CRZY_A,BUY,200.0,10.78,2026-09-10 20:09:34.936,200.0,-2156.0,v3_run3_tick69.txt,-22020.580004309857
2026-09-10T20:09:35.012,76,FLATTEN,CRZY_A,BUY,200.0,10.78,2026-09-10 20:09:35.012,200.0,-2156.0,v3_run3_tick69.txt,-22020.580004309857
2026-09-10T20:09:35.083,76,FLATTEN,CRZY_A,BUY,200.0,10.78,2026-09-10 20:09:35.083,200.0,-2156.0,v3_run3_tick69.txt,-22020.580004309857
2026-09-10T20:09:35.187,76,FLATTEN,CRZY_A,SELL,400.0,10.77,2026-09-10 20:09:35.187,-400.0,4308.0,v3_run3_tick69.txt,-21846.150004309864
2026-09-10T20:09:35.260,76,FLATTEN,CRZY_A,SELL,200.0,10.77,2026-09-10 20:09:35.260,-200.0,2154.0,v3_run3_tick69.txt,-21846.150004309864
2026-09-10T20:09:35.613,76,FLATTEN,CRZY_A,BUY,200.0,10.77,2026-09-10 20:09:35.613,200.0,-2154.0,v3_run3_tick69.txt,-21846.150004309864
2026-09-10T20:09:35.697,76,FLATTEN,CRZY_M,BUY,200.0,10.77,2026-09-10 20:09:35.697,200.0,-2154.0,v3_run3_tick69.txt,-21846.150004309864
2026-09-10T20:09:35.770,76,FLATTEN,CRZY_M,BUY,200.0,10.77,2026-09-10 20:09:35.770,200.0,-2154.0,v3_run3_tick69.txt,-21846.150004309864
2026-09-10T20:09:35.859,76,FLATTEN,CRZY_M,BUY,200.0,10.77,2026-09-10 20:09:35.859,200.0,-2154.0,v3_run3_tick69.txt,-21846.150004309864
2026-09-10T20:09:35.962,76,FLATTEN,CRZY_A,SELL,400.0,10.75,2026-09-10 20:09:35.962,-400.0,4300.0,v3_run3_tick69.txt,-21501.290004309878
2026-09-10T20:09:36.034,76,FLATTEN,CRZY_A,SELL,400.0,10.75,2026-09-10 20:09:36.034,-400.0,4300.0,v3_run3_tick69.txt,-21501.290004309878
2026-09-10T20:09:36.101,76,FLATTEN,CRZY_A,SELL,400.0,10.75,2026-09-10 20:09:36.101,-400.0,4300.0,v3_run3_tick69.txt,-21501.290004309878
2026-09-10T20:09:36.183,76,FLATTEN,CRZY_A,BUY,600.0,10.77,2026-09-10 20:09:36.183,600.0,-6462.0,v3_run3_tick69.txt,-21870.150004309864
2026-09-10T20:09:36.531,76,FLATTEN,CRZY_A,BUY,200.0,10.78,2026-09-10 20:09:36.531,200.0,-2156.0,v3_run3_tick69.txt,-22048.580004309857
2026-09-10T20:09:36.617,76,FLATTEN,CRZY_A,BUY,200.0,10.78,2026-09-10 20:09:36.617,200.0,-2156.0,v3_run3_tick69.txt,-22048.580004309857
2026-09-10T20:09:36.709,76,FLATTEN,CRZY_A,SELL,200.0,10.77,2026-09-10 20:09:36.709,-200.0,2154.0,v3_run3_tick69.txt,-21874.150004309864
2026-09-10T20:09:36.783,76,FLATTEN,CRZY_A,SELL,200.0,10.77,2026-09-10 20:09:36.783,-200.0,2154.0,v3_run3_tick69.txt,-21874.150004309864
2026-09-10T20:09:36.853,76,FLATTEN,CRZY_A,SELL,200.0,10.77,2026-09-10 20:09:36.853,-200.0,2154.0,v3_run3_tick69.txt,-21874.150004309864
2026-09-10T20:09:36.949,76,FLATTEN,CRZY_A,SELL,200.0,10.77,2026-09-10 20:09:36.949,-200.0,2154.0,v3_run3_tick69.txt,-21874.150004309864
2026-09-10T20:09:37.023,76,FLATTEN,CRZY_A,SELL,200.0,10.77,2026-09-10 20:09:37.023,-200.0,2154.0,v3_run3_tick69.txt,-21874.150004309864
2026-09-10T20:09:37.106,76,FLATTEN,CRZY_A,SELL,200.0,10.77,2026-09-10 20:09:37.106,-200.0,2154.0,v3_run3_tick69.txt,-21874.150004309864
2026-09-10T20:09:37.210,76,FLATTEN,CRZY_A,BUY,400.0,10.78,2026-09-10 20:09:37.210,400.0,-4312.0,v3_run3_tick69.txt,-22060.580004309857
2026-09-10T20:09:37.285,76,FLATTEN,CRZY_A,BUY,400.0,10.78,2026-09-10 20:09:37.285,400.0,-4312.0,v3_run3_tick69.txt,-22060.580004309857
2026-09-10T20:09:37.354,76,FLATTEN,CRZY_A,BUY,400.0,10.78,2026-09-10 20:09:37.354,400.0,-4312.0,v3_run3_tick69.txt,-22060.580004309857
2026-09-10T20:09:37.462,76,FLATTEN,CRZY_M,SELL,800.0,10.74,2026-09-10 20:09:37.462,-800.0,8592.0,v3_run3_tick69.txt,-21362.860004309885
2026-09-10T20:09:37.539,76,FLATTEN,CRZY_M,SELL,800.0,10.74,2026-09-10 20:09:37.539,-800.0,8592.0,v3_run3_tick69.txt,-21362.860004309885
2026-09-10T20:09:37.649,76,FLATTEN,CRZY_M,SELL,800.0,10.74,2026-09-10 20:09:37.649,-800.0,8592.0,v3_run3_tick69.txt,-21362.860004309885
2026-09-10T20:09:37.758,76,FLATTEN,CRZY_A,BUY,1600.0,10.78,2026-09-10 20:09:37.758,1600.0,-17248.0,v3_run3_tick69.txt,-22156.580004309857
2026-09-10T20:09:37.841,77,FLATTEN,CRZY_A,BUY,1600.0,10.78,2026-09-10 20:09:37.841,1600.0,-17248.0,v3_run3_tick69.txt,-22156.580004309857
2026-09-10T20:09:37.908,77,FLATTEN,CRZY_A,BUY,1600.0,10.78,2026-09-10 20:09:37.908,1600.0,-17248.0,v3_run3_tick69.txt,-22156.580004309857
2026-09-10T20:09:37.983,77,FLATTEN,CRZY_M,SELL,600.0,10.77,2026-09-10 20:09:37.983,-600.0,6462.0,v3_run3_tick69.txt,-22006.150004309864
2026-09-10T20:09:38.332,77,FLATTEN,CRZY_A,SELL,600.0,10.77,2026-09-10 20:09:38.332,-600.0,6462.0,v3_run3_tick69.txt,-22006.150004309864
2026-09-10T20:09:39.046,77,FLATTEN,CRZY_M,BUY,600.0,10.79,2026-09-10 20:09:39.046,600.0,-6473.999999999999,v3_run3_tick69.txt,-22331.01000430988
2026-09-10T20:09:39.121,77,FLATTEN,CRZY_M,BUY,600.0,10.79,2026-09-10 20:09:39.121,600.0,-6473.999999999999,v3_run3_tick69.txt,-22331.01000430988
2026-09-10T20:09:39.186,77,FLATTEN,CRZY_M,BUY,600.0,10.79,2026-09-10 20:09:39.186,600.0,-6473.999999999999,v3_run3_tick69.txt,-22331.01000430988
2026-09-10T20:09:39.290,77,FLATTEN,CRZY_M,SELL,1200.0,10.77,2026-09-10 20:09:39.290,-1200.0,12924.0,v3_run3_tick69.txt,-22042.150004309864
2026-09-10T20:09:39.363,77,FLATTEN,CRZY_M,SELL,1200.0,10.77,2026-09-10 20:09:39.363,-1200.0,12924.0,v3_run3_tick69.txt,-22042.150004309864
2026-09-10T20:09:39.434,77,FLATTEN,CRZY_M,SELL,1200.0,10.77,2026-09-10 20:09:39.434,-1200.0,12924.0,v3_run3_tick69.txt,-22042.150004309864
2026-09-10T20:09:39.530,77,FLATTEN,CRZY_M,BUY,2400.0,10.79,2026-09-10 20:09:39.530,2400.0,-25895.999999999996,v3_run3_tick69.txt,-22403.01000430988
2026-09-10T20:09:39.605,77,FLATTEN,CRZY_M,BUY,2400.0,10.79,2026-09-10 20:09:39.605,2400.0,-25895.999999999996,v3_run3_tick69.txt,-22403.01000430988
2026-09-10T20:09:39.679,77,FLATTEN,CRZY_M,BUY,2400.0,10.79,2026-09-10 20:09:39.679,2400.0,-25895.999999999996,v3_run3_tick69.txt,-22403.010004309865
2026-09-10T20:09:39.765,77,FLATTEN,CRZY_M,SELL,4800.0,10.77,2026-09-10 20:09:39.765,-4800.0,51696.0,v3_run3_tick69.txt,-22186.150004309864
2026-09-10T20:09:39.840,77,FLATTEN,CRZY_M,SELL,4800.0,10.77,2026-09-10 20:09:39.840,-4800.0,51696.0,v3_run3_tick69.txt,-22186.150004309864
2026-09-10T20:09:39.986,77,FLATTEN,CRZY_M,SELL,4800.0,10.77,2026-09-10 20:09:39.986,-4800.0,51696.0,v3_run3_tick69.txt,-22186.150004309864
2026-09-10T20:09:40.090,77,FLATTEN,CRZY_M,BUY,9600.0,10.79,2026-09-10 20:09:40.090,9600.0,-103583.99999999999,v3_run3_tick69.txt,-22691.01000430985
2026-09-10T20:09:40.175,77,FLATTEN,CRZY_M,BUY,9600.0,10.79,2026-09-10 20:09:40.175,9600.0,-103583.99999999999,v3_run3_tick69.txt,-22691.01000430983
2026-09-10T20:09:40.273,77,FLATTEN,CRZY_M,SELL,9600.0,10.77,2026-09-10 20:09:40.273,-9600.0,103392.0,v3_run3_tick69.txt,-22570.150004309835
2026-09-10T20:09:40.347,77,FLATTEN,CRZY_M,SELL,9600.0,10.77,2026-09-10 20:09:40.347,-9600.0,103392.0,v3_run3_tick69.txt,-22570.150004309835
2026-09-10T20:09:40.427,77,FLATTEN,CRZY_M,SELL,9600.0,10.77,2026-09-10 20:09:40.427,-9600.0,103392.0,v3_run3_tick69.txt,-22570.150004309835
2026-09-10T20:09:40.547,77,FLATTEN,CRZY_M,BUY,10000.0,10.79,2026-09-10 20:09:40.547,10000.0,-107899.99999999999,v3_run3_tick69.txt,-23267.01000430982
2026-09-10T20:09:40.634,77,FLATTEN,CRZY_M,BUY,8352.0,10.79,2026-09-10 20:09:40.634,8352.0,-90118.07999999999,v3_run3_tick69.txt,-23267.01000430982
2026-09-10T20:09:41.025,77,FLATTEN,CRZY_M,SELL,800.0,10.77,2026-09-10 20:09:41.025,-800.0,8616.0,v3_run3_tick69.txt,-22937.190004309843
2026-09-10T20:09:41.098,77,FLATTEN,CRZY_M,SELL,800.0,10.77,2026-09-10 20:09:41.098,-800.0,8616.0,v3_run3_tick69.txt,-22937.190004309814
2026-09-10T20:09:41.191,77,FLATTEN,CRZY_M,SELL,800.0,10.77,2026-09-10 20:09:41.191,-800.0,8616.0,v3_run3_tick69.txt,-22937.190004309814
2026-09-10T20:09:41.300,77,FLATTEN,CRZY_M,BUY,1600.0,10.8,2026-09-10 20:09:41.300,1600.0,-17280.0,v3_run3_tick69.txt,-23503.920004309854
2026-09-10T20:09:41.401,77,FLATTEN,CRZY_M,BUY,1444.0,10.8,2026-09-10 20:09:41.401,1444.0,-15595.2,v3_run3_tick69.txt,-23503.920004309854
2026-09-10T20:09:41.810,77,FLATTEN,CRZY_M,SELL,1288.0,10.77,2026-09-10 20:09:41.810,-1288.0,13871.76,v3_run3_tick69.txt,-23028.51000430982
2026-09-10T20:09:41.893,77,FLATTEN,CRZY_M,SELL,1288.0,10.77,2026-09-10 20:09:41.893,-1288.0,13871.76,v3_run3_tick69.txt,-23028.51000430982
2026-09-10T20:09:41.970,77,FLATTEN,CRZY_M,SELL,1288.0,10.77,2026-09-10 20:09:41.970,-1288.0,13871.76,v3_run3_tick69.txt,-23028.51000430982
2026-09-10T20:09:42.085,77,FLATTEN,CRZY_A,BUY,2576.0,10.81,2026-09-10 20:09:42.085,2576.0,-27846.56,v3_run3_tick69.txt,-23816.950004309823
2026-09-10T20:09:42.161,77,FLATTEN,CRZY_A,BUY,2576.0,10.81,2026-09-10 20:09:42.161,2576.0,-27846.56,v3_run3_tick69.txt,-23816.950004309823
2026-09-10T20:09:42.237,77,FLATTEN,CRZY_A,BUY,2576.0,10.81,2026-09-10 20:09:42.237,2576.0,-27846.56,v3_run3_tick69.txt,-23816.950004309823
2026-09-10T20:09:42.334,77,FLATTEN,CRZY_M,SELL,5152.0,10.77,2026-09-10 20:09:42.334,-5152.0,55487.04,v3_run3_tick69.txt,-23337.630004309787
2026-09-10T20:09:42.416,78,FLATTEN,CRZY_M,SELL,5152.0,10.77,2026-09-10 20:09:42.416,-5152.0,55487.04,v3_run3_tick69.txt,-23337.630004309787
2026-09-10T20:09:42.488,78,FLATTEN,CRZY_M,SELL,5152.0,10.77,2026-09-10 20:09:42.488,-5152.0,55487.04,v3_run3_tick69.txt,-23337.630004309758
2026-09-10T20:09:42.584,78,FLATTEN,CRZY_A,BUY,10000.0,10.81,2026-09-10 20:09:42.584,10000.0,-108100.0,v3_run3_tick69.txt,-24435.190004309785
2026-09-10T20:09:42.663,78,FLATTEN,CRZY_A,BUY,10000.0,10.81,2026-09-10 20:09:42.663,10000.0,-108100.0,v3_run3_tick69.txt,-24435.190004309785
2026-09-10T20:09:42.759,78,FLATTEN,CRZY_A,BUY,2247.0,10.81,2026-09-10 20:09:42.759,2247.0,-24290.07,v3_run3_tick69.txt,-24435.190004309792
2026-09-10T20:09:43.124,78,FLATTEN,CRZY_M,SELL,2500.0,10.78,2026-09-10 20:09:43.124,-2500.0,26950.0,v3_run3_tick69.txt,-24279.430004309783
2026-09-10T20:09:43.499,78,FLATTEN,CRZY_M,SELL,9443.0,10.77,2026-09-10 20:09:43.499,-9443.0,101701.11,v3_run3_tick69.txt,-24202.510004309763
2026-09-10T20:09:43.601,78,FLATTEN,CRZY_A,BUY,2500.0,10.81,2026-09-10 20:09:43.601,2500.0,-27025.0,v3_run3_tick69.txt,-24887.910004309786
2026-09-10T20:09:43.678,78,FLATTEN,CRZY_A,BUY,2500.0,10.81,2026-09-10 20:09:43.678,2500.0,-27025.0,v3_run3_tick69.txt,-24887.910004309786
2026-09-10T20:09:43.753,78,FLATTEN,CRZY_A,BUY,2500.0,10.81,2026-09-10 20:09:43.753,2500.0,-27025.0,v3_run3_tick69.txt,-24887.910004309786
2026-09-10T20:09:43.850,78,FLATTEN,CRZY_A,BUY,2500.0,10.81,2026-09-10 20:09:43.850,2500.0,-27025.0,v3_run3_tick69.txt,-24887.910004309786
2026-09-10T20:09:43.926,78,FLATTEN,CRZY_A,BUY,253.0,10.81,2026-09-10 20:09:43.926,253.0,-2734.9300000000003,v3_run3_tick69.txt,-24887.91000430978
2026-09-10T20:09:46.440,79,FLATTEN,CRZY_A,SELL,1000.0,10.8,2026-09-10 20:09:46.440,-1000.0,10800.0,v3_run3_tick69.txt,-24819.090004309786
2026-09-10T20:09:46.512,79,FLATTEN,CRZY_A,SELL,1000.0,10.8,2026-09-10 20:09:46.512,-1000.0,10800.0,v3_run3_tick69.txt,-24819.09000430978
2026-09-10T20:09:46.585,79,FLATTEN,CRZY_A,SELL,1000.0,10.8,2026-09-10 20:09:46.585,-1000.0,10800.0,v3_run3_tick69.txt,-24819.09000430978
2026-09-10T20:09:46.677,79,FLATTEN,CRZY_M,BUY,3000.0,10.83,2026-09-10 20:09:46.677,3000.0,-32490.0,v3_run3_tick69.txt,-25115.55000430977
2026-09-10T20:09:46.771,79,FLATTEN,CRZY_M,BUY,3000.0,10.83,2026-09-10 20:09:46.771,3000.0,-32490.0,v3_run3_tick69.txt,-25115.55000430977
2026-09-10T20:09:46.834,79,FLATTEN,CRZY_M,BUY,3000.0,10.83,2026-09-10 20:09:46.834,3000.0,-32490.0,v3_run3_tick69.txt,-25115.55000430977
2026-09-10T20:09:46.927,79,FLATTEN,CRZY_A,SELL,6000.0,10.8,2026-09-10 20:09:46.927,-6000.0,64800.00000000001,v3_run3_tick69.txt,-25089.09000430977
2026-09-10T20:09:47.002,79,FLATTEN,CRZY_A,SELL,6000.0,10.8,2026-09-10 20:09:47.002,-6000.0,64800.00000000001,v3_run3_tick69.txt,-25089.090004309764
2026-09-10T20:09:47.080,79,FLATTEN,CRZY_A,SELL,6000.0,10.8,2026-09-10 20:09:47.080,-6000.0,64800.00000000001,v3_run3_tick69.txt,-25089.09000430975
2026-09-10T20:09:47.181,79,FLATTEN,CRZY_M,BUY,10000.0,10.83,2026-09-10 20:09:47.181,10000.0,-108300.0,v3_run3_tick69.txt,-25655.55000430974
2026-09-10T20:09:47.264,79,FLATTEN,CRZY_M,BUY,9256.0,10.83,2026-09-10 20:09:47.264,9256.0,-100242.48,v3_run3_tick69.txt,-25655.55000430974
2026-09-10T20:09:47.663,79,FLATTEN,CRZY_M,SELL,2500.0,10.83,2026-09-10 20:09:47.663,-2500.0,27075.0,v3_run3_tick69.txt,-25655.55000430974
2026-09-10T20:09:48.014,79,FLATTEN,CRZY_M,SELL,5500.0,10.8,2026-09-10 20:09:48.014,-5500.0,59400.00000000001,v3_run3_tick69.txt,-25591.770004309736
2026-09-10T20:09:48.107,79,FLATTEN,CRZY_M,SELL,3500.0,10.8,2026-09-10 20:09:48.107,-3500.0,37800.0,v3_run3_tick69.txt,-25591.77000430973
2026-09-10T20:09:48.491,79,FLATTEN,CRZY_A,BUY,900.0,10.82,2026-09-10 20:09:48.491,900.0,-9738.0,v3_run3_tick69.txt,-25814.290004309732
2026-09-10T20:09:48.867,79,FLATTEN,CRZY_M,BUY,2500.0,10.83,2026-09-10 20:09:48.867,2500.0,-27075.0,v3_run3_tick69.txt,-25916.550004309727
2026-09-10T20:09:48.961,79,FLATTEN,CRZY_A,BUY,1000.0,10.83,2026-09-10 20:09:48.961,1000.0,-10830.0,v3_run3_tick69.txt,-25916.550004309727
2026-09-10T20:09:49.036,79,FLATTEN,CRZY_A,BUY,1000.0,10.83,2026-09-10 20:09:49.036,1000.0,-10830.0,v3_run3_tick69.txt,-25916.550004309727
2026-09-10T20:09:49.102,79,FLATTEN,CRZY_A,BUY,1000.0,10.83,2026-09-10 20:09:49.102,1000.0,-10830.0,v3_run3_tick69.txt,-25916.550004309727
2026-09-10T20:09:49.175,79,FLATTEN,CRZY_A,SELL,2000.0,10.82,2026-09-10 20:09:49.175,-2000.0,21640.0,v3_run3_tick69.txt,-25869.290004309732
2026-09-10T20:09:49.244,79,FLATTEN,CRZY_A,SELL,500.0,10.82,2026-09-10 20:09:49.244,-500.0,5410.0,v3_run3_tick69.txt,-25869.290004309732
2026-09-10T20:09:49.633,79,FLATTEN,CRZY_M,SELL,4000.0,10.8,2026-09-10 20:09:49.633,-4000.0,43200.0,v3_run3_tick69.txt,-25724.77000430973
2026-09-10T20:09:49.721,79,FLATTEN,CRZY_A,BUY,1500.0,10.82,2026-09-10 20:09:49.721,1500.0,-16230.0,v3_run3_tick69.txt,-25949.290004309732
2026-09-10T20:09:50.066,79,FLATTEN,CRZY_A,BUY,2000.0,10.83,2026-09-10 20:09:50.066,2000.0,-21660.0,v3_run3_tick69.txt,-26046.550004309727
2026-09-10T20:09:50.137,79,FLATTEN,CRZY_A,BUY,2000.0,10.83,2026-09-10 20:09:50.137,2000.0,-21660.0,v3_run3_tick69.txt,-26046.550004309727
2026-09-10T20:09:50.239,79,FLATTEN,CRZY_A,SELL,1500.0,10.82,2026-09-10 20:09:50.239,-1500.0,16230.0,v3_run3_tick69.txt,-25989.290004309732
2026-09-10T20:09:50.590,79,FLATTEN,CRZY_M,SELL,2000.0,10.8,2026-09-10 20:09:50.590,-2000.0,21600.0,v3_run3_tick69.txt,-25844.77000430973
2026-09-10T20:09:50.653,79,FLATTEN,CRZY_M,SELL,2000.0,10.8,2026-09-10 20:09:50.653,-2000.0,21600.0,v3_run3_tick69.txt,-25844.77000430973
2026-09-10T20:09:50.736,79,FLATTEN,CRZY_A,BUY,1500.0,10.82,2026-09-10 20:09:50.736,1500.0,-16230.0,v3_run3_tick69.txt,-26069.290004309732
2026-09-10T20:09:51.085,79,FLATTEN,CRZY_A,BUY,2000.0,10.83,2026-09-10 20:09:51.085,2000.0,-21660.0,v3_run3_tick69.txt,-26166.550004309727
2026-09-10T20:09:51.157,79,FLATTEN,CRZY_A,BUY,2000.0,10.83,2026-09-10 20:09:51.157,2000.0,-21660.0,v3_run3_tick69.txt,-26166.550004309727
2026-09-10T20:09:51.557,80,FLATTEN,CRZY_M,SELL,2000.0,10.8,2026-09-10 20:09:51.557,-2000.0,21600.0,v3_run3_tick69.txt,-25994.77000430973
2026-09-10T20:09:51.649,80,FLATTEN,CRZY_M,SELL,2000.0,10.8,2026-09-10 20:09:51.649,-2000.0,21600.0,v3_run3_tick69.txt,-25994.77000430973
2026-09-10T20:09:52.042,80,FLATTEN,CRZY_A,BUY,3500.0,10.83,2026-09-10 20:09:52.042,3500.0,-37905.0,v3_run3_tick69.txt,-26286.550004309727
2026-09-10T20:09:52.115,80,FLATTEN,CRZY_A,BUY,3500.0,10.83,2026-09-10 20:09:52.115,3500.0,-37905.0,v3_run3_tick69.txt,-26286.550004309727
2026-09-10T20:09:52.183,80,FLATTEN,CRZY_A,BUY,3500.0,10.83,2026-09-10 20:09:52.183,3500.0,-37905.0,v3_run3_tick69.txt,-26286.550004309727
2026-09-10T20:09:52.275,80,FLATTEN,CRZY_A,SELL,1500.0,10.82,2026-09-10 20:09:52.275,-1500.0,16230.0,v3_run3_tick69.txt,-26294.290004309725
2026-09-10T20:09:52.626,80,FLATTEN,CRZY_M,SELL,7000.0,10.8,2026-09-10 20:09:52.626,-7000.0,75600.0,v3_run3_tick69.txt,-26279.77000430973
2026-09-10T20:09:52.688,80,FLATTEN,CRZY_M,SELL,7000.0,10.8,2026-09-10 20:09:52.688,-7000.0,75600.0,v3_run3_tick69.txt,-26279.770004309743
2026-09-10T20:09:52.784,80,FLATTEN,CRZY_A,BUY,1500.0,10.82,2026-09-10 20:09:52.784,1500.0,-16230.0,v3_run3_tick69.txt,-26574.290004309732
2026-09-10T20:09:53.128,80,FLATTEN,CRZY_A,BUY,6000.0,10.83,2026-09-10 20:09:53.128,6000.0,-64980.0,v3_run3_tick69.txt,-26706.550004309727
2026-09-10T20:09:53.198,80,FLATTEN,CRZY_A,BUY,6000.0,10.83,2026-09-10 20:09:53.198,6000.0,-64980.0,v3_run3_tick69.txt,-26706.550004309727
2026-09-10T20:09:53.291,80,FLATTEN,CRZY_M,SELL,6500.0,10.8,2026-09-10 20:09:53.291,-6500.0,70200.0,v3_run3_tick69.txt,-26669.77000430973
2026-09-10T20:09:53.371,80,FLATTEN,CRZY_M,SELL,6500.0,10.8,2026-09-10 20:09:53.371,-6500.0,70200.0,v3_run3_tick69.txt,-26669.770004309743
2026-09-10T20:09:53.454,80,FLATTEN,CRZY_A,BUY,6500.0,10.83,2026-09-10 20:09:53.454,6500.0,-70395.0,v3_run3_tick69.txt,-27096.550004309727
2026-09-10T20:10:34.796,91,PAIR,CRZY_M,BUY,1000.0,10.94,2026-09-10 20:10:34.796,1000.0,-10940.0,v3_run3_tick69.txt,-27946.410004309728
2026-09-10T20:10:34.883,91,FLATTEN,CRZY_M,SELL,1000.0,10.99,2026-09-10 20:10:34.883,-1000.0,10990.0,v3_run3_tick69.txt,-28282.71000430973
2026-09-10T20:10:34.959,91,FLATTEN,CRZY_M,SELL,1000.0,10.99,2026-09-10 20:10:34.959,-1000.0,10990.0,v3_run3_tick69.txt,-28282.71000430973
2026-09-10T20:10:35.114,91,FLATTEN,CRZY_M,SELL,1000.0,10.99,2026-09-10 20:10:35.114,-1000.0,10990.0,v3_run3_tick69.txt,-28282.71000430973
2026-09-10T20:10:35.470,91,FLATTEN,CRZY_M,BUY,2500.0,10.99,2026-09-10 20:10:35.470,2500.0,-27475.0,v3_run3_tick69.txt,-28282.71000430973
2026-09-10T20:10:35.547,91,FLATTEN,CRZY_M,BUY,2500.0,11.0092,2026-09-10 20:10:35.547,2500.0,-27523.0,v3_run3_tick69.txt,-28421.449204309727
2026-09-10T20:10:35.717,91,FLATTEN,CRZY_M,SELL,3000.0,10.97,2026-09-10 20:10:35.717,-3000.0,32910.0,v3_run3_tick69.txt,-28236.190004309727
2026-09-10T20:10:35.795,91,FLATTEN,CRZY_M,SELL,3000.0,10.97,2026-09-10 20:10:35.795,-3000.0,32910.0,v3_run3_tick69.txt,-28236.190004309727
2026-09-10T20:10:39.450,92,FLATTEN,CRZY_M,SELL,819.0,11.07,2026-09-10 20:10:39.450,-819.0,9066.33,v3_run3_tick69.txt,-29308.790004309732
2026-09-10T20:10:39.522,92,FLATTEN,CRZY_M,SELL,819.0,11.07,2026-09-10 20:10:39.522,-819.0,9066.33,v3_run3_tick69.txt,-29308.790004309732
2026-09-10T20:10:39.943,92,FLATTEN,CRZY_M,BUY,819.0,11.04,2026-09-10 20:10:39.943,819.0,-9041.759999999998,v3_run3_tick69.txt,-28937.870004309705
2026-09-10T20:10:40.575,92,FLATTEN,CRZY_A,SELL,819.0,11.04,2026-09-10 20:10:40.575,-819.0,9041.759999999998,v3_run3_tick69.txt,-28937.87000430972
2026-09-10T20:10:40.978,92,FLATTEN,CRZY_A,BUY,200.0,11.07,2026-09-10 20:10:40.978,200.0,-2214.0,v3_run3_tick69.txt,-29308.790004309732
2026-09-10T20:10:41.330,92,FLATTEN,CRZY_M,SELL,200.0,10.99,2026-09-10 20:10:41.330,-200.0,2198.0,v3_run3_tick69.txt,-28335.670004309737
2026-09-10T20:10:41.405,92,FLATTEN,CRZY_M,SELL,200.0,10.99,2026-09-10 20:10:41.405,-200.0,2198.0,v3_run3_tick69.txt,-28335.670004309737
2026-09-10T20:10:56.629,96,PAIR,CRZY_M,SELL,250.0,11.12,2026-09-10 20:10:56.629,-250.0,2780.0,v3_run3_tick69.txt,-29968.990004309715
2026-09-10T20:10:56.862,96,FLATTEN,CRZY_M,BUY,250.0,11.14,2026-09-10 20:10:56.862,250.0,-2785.0,v3_run3_tick69.txt,-30225.270004309743
2026-09-10T20:10:56.945,96,FLATTEN,CRZY_M,BUY,250.0,11.14,2026-09-10 20:10:56.945,250.0,-2785.0,v3_run3_tick69.txt,-30225.270004309743
2026-09-10T20:10:57.055,96,FLATTEN,CRZY_M,SELL,250.0,11.12,2026-09-10 20:10:57.055,-250.0,2780.0,v3_run3_tick69.txt,-29978.990004309715
2026-09-10T20:10:57.135,96,FLATTEN,CRZY_M,SELL,250.0,11.12,2026-09-10 20:10:57.135,-250.0,2780.0,v3_run3_tick69.txt,-29978.990004309715
2026-09-10T20:10:57.224,96,FLATTEN,CRZY_M,SELL,152.0,11.12,2026-09-10 20:10:57.224,-152.0,1690.2399999999998,v3_run3_tick69.txt,-29978.9900043097
2026-09-10T20:10:57.616,96,FLATTEN,CRZY_A,BUY,352.0,11.14,2026-09-10 20:10:57.616,352.0,-3921.28,v3_run3_tick69.txt,-30238.310004309737
2026-09-10T20:10:57.727,96,FLATTEN,CRZY_A,BUY,352.0,11.14,2026-09-10 20:10:57.727,352.0,-3921.28,v3_run3_tick69.txt,-30238.310004309707
2026-09-10T20:10:57.818,96,FLATTEN,CRZY_M,SELL,300.0,11.12,2026-09-10 20:10:57.818,-300.0,3335.9999999999995,v3_run3_tick69.txt,-29993.070004309717
2026-09-10T20:10:58.168,96,FLATTEN,CRZY_A,BUY,198.0,11.14,2026-09-10 20:10:58.168,198.0,-2205.7200000000003,v3_run3_tick69.txt,-30244.310004309737
2026-09-10T20:10:58.236,96,FLATTEN,CRZY_A,BUY,198.0,11.14,2026-09-10 20:10:58.236,198.0,-2205.7200000000003,v3_run3_tick69.txt,-30244.310004309737
2026-09-10T20:10:58.337,96,FLATTEN,CRZY_M,SELL,198.0,11.13,2026-09-10 20:10:58.337,-198.0,2203.7400000000002,v3_run3_tick69.txt,-30122.65000430972
2026-09-10T20:10:58.414,96,FLATTEN,CRZY_M,SELL,102.0,11.13,2026-09-10 20:10:58.414,-102.0,1135.26,v3_run3_tick69.txt,-30122.650004309733
2026-09-10T20:10:58.801,96,FLATTEN,CRZY_A,BUY,198.0,11.14,2026-09-10 20:10:58.801,198.0,-2205.7200000000003,v3_run3_tick69.txt,-30247.310004309737
2026-09-10T20:10:58.875,96,FLATTEN,CRZY_A,BUY,198.0,11.14,2026-09-10 20:10:58.875,198.0,-2205.7200000000003,v3_run3_tick69.txt,-30247.310004309737
2026-09-10T20:10:59.250,96,FLATTEN,CRZY_A,SELL,198.0,11.14,2026-09-10 20:10:59.250,-198.0,2205.7200000000003,v3_run3_tick69.txt,-30247.310004309737
2026-09-10T20:10:59.831,96,FLATTEN,CRZY_M,SELL,100.0,11.17,2026-09-10 20:10:59.831,-100.0,1117.0,v3_run3_tick69.txt,-30615.350004309716
2026-09-10T20:11:00.198,96,FLATTEN,CRZY_M,BUY,98.0,11.15,2026-09-10 20:11:00.198,98.0,-1092.7,v3_run3_tick69.txt,-30367.990004309715
2026-09-10T20:11:00.282,96,FLATTEN,CRZY_M,BUY,98.0,11.15,2026-09-10 20:11:00.282,98.0,-1092.7,v3_run3_tick69.txt,-30367.99000430973
2026-09-10T20:11:00.385,96,FLATTEN,CRZY_A,SELL,98.0,11.12,2026-09-10 20:11:00.385,-98.0,1089.76,v3_run3_tick69.txt,-30002.83000430971
2026-09-10T20:11:00.460,96,FLATTEN,CRZY_A,SELL,98.0,11.12,2026-09-10 20:11:00.460,-98.0,1089.76,v3_run3_tick69.txt,-30002.830004309726
2026-09-10T20:11:00.533,96,FLATTEN,CRZY_A,SELL,98.0,11.12,2026-09-10 20:11:00.533,-98.0,1089.76,v3_run3_tick69.txt,-30002.83000430971
2026-09-10T20:11:01.400,97,FLATTEN,CRZY_M,BUY,198.0,11.17,2026-09-10 20:11:01.400,198.0,-2211.66,v3_run3_tick69.txt,-30626.13000430973
2026-09-10T20:11:01.501,97,FLATTEN,CRZY_M,BUY,198.0,11.17,2026-09-10 20:11:01.501,198.0,-2211.66,v3_run3_tick69.txt,-30626.13000430973
2026-09-10T20:11:37.365,106,PAIR,CRZY_M,SELL,750.0,11.49,2026-09-10 20:11:37.365,-750.0,8617.5,v3_run3_tick69.txt,-34488.53000430972
2026-09-10T20:11:37.703,106,FLATTEN,CRZY_M,BUY,500.0,11.49,2026-09-10 20:11:37.703,500.0,-5745.0,v3_run3_tick69.txt,-34488.53000430972
2026-09-10T20:11:37.813,106,FLATTEN,CRZY_A,BUY,250.0,11.52,2026-09-10 20:11:37.813,250.0,-2880.0,v3_run3_tick69.txt,-34858.13000430973
2026-09-10T20:11:37.898,106,FLATTEN,CRZY_A,BUY,250.0,11.52,2026-09-10 20:11:37.898,250.0,-2880.0,v3_run3_tick69.txt,-34858.13000430973
2026-09-10T20:11:38.013,106,FLATTEN,CRZY_A,BUY,250.0,11.52,2026-09-10 20:11:38.013,250.0,-2880.0,v3_run3_tick69.txt,-34858.13000430973
2026-09-10T20:11:38.111,106,FLATTEN,CRZY_A,SELL,250.0,11.51,2026-09-10 20:11:38.111,-250.0,2877.5,v3_run3_tick69.txt,-34742.43000430975
2026-09-10T20:11:38.203,106,FLATTEN,CRZY_A,SELL,250.0,11.51,2026-09-10 20:11:38.203,-250.0,2877.5,v3_run3_tick69.txt,-34742.43000430975
2026-09-10T20:11:44.788,108,FLATTEN,CRZY_M,BUY,500.0,11.6,2026-09-10 20:11:44.788,500.0,-5800.0,v3_run3_tick69.txt,-35828.730004309735
2026-09-10T20:11:44.861,108,FLATTEN,CRZY_M,BUY,500.0,11.6,2026-09-10 20:11:44.861,500.0,-5800.0,v3_run3_tick69.txt,-35828.730004309735
2026-09-10T20:11:55.801,111,PAIR,CRZY_M,SELL,1000.0,11.67,2026-09-10 20:11:55.801,-1000.0,11670.0,v3_run3_tick69.txt,-36603.63000430973
2026-09-10T20:11:58.904,112,PAIR,CRZY_M,BUY,1000.0,11.56,2026-09-10 20:11:58.904,1000.0,-11560.0,v3_run3_tick69.txt,-35275.93000430975
2026-09-10T20:11:59.155,112,FLATTEN,CRZY_M,SELL,1000.0,11.81,2026-09-10 20:11:59.155,-1000.0,11810.0,v3_run3_tick69.txt,-38043.43000430975
2026-09-10T20:11:59.239,112,FLATTEN,CRZY_M,SELL,1000.0,11.81,2026-09-10 20:11:59.239,-1000.0,11810.0,v3_run3_tick69.txt,-38043.43000430975
2026-09-10T20:11:59.664,112,FLATTEN,CRZY_A,BUY,1125.0,11.75,2026-09-10 20:11:59.664,1125.0,-13218.75,v3_run3_tick69.txt,-37259.230004309735
2026-09-10T20:11:59.734,112,FLATTEN,CRZY_A,BUY,1125.0,11.75,2026-09-10 20:11:59.734,1125.0,-13218.75,v3_run3_tick69.txt,-37259.230004309735
2026-09-10T20:11:59.848,112,FLATTEN,CRZY_A,SELL,2250.0,11.69,2026-09-10 20:11:59.848,-2250.0,26302.5,v3_run3_tick69.txt,-36610.03000430972
2026-09-10T20:12:00.426,112,FLATTEN,CRZY_A,BUY,2250.0,11.69,2026-09-10 20:12:00.426,2250.0,-26302.5,v3_run3_tick69.txt,-36610.03000430972
2026-09-10T20:12:00.498,112,FLATTEN,CRZY_A,BUY,2250.0,11.69,2026-09-10 20:12:00.498,2250.0,-26302.5,v3_run3_tick69.txt,-36610.03000430974
2026-09-10T20:12:00.629,112,FLATTEN,CRZY_M,SELL,2250.0,11.65,2026-09-10 20:12:00.629,-2250.0,26212.5,v3_run3_tick69.txt,-36267.230004309735
2026-09-10T20:12:00.717,112,FLATTEN,CRZY_M,SELL,2250.0,11.6,2026-09-10 20:12:00.717,-2250.0,26100.0,v3_run3_tick69.txt,-35726.230004309735
2026-09-10T20:12:00.865,112,FLATTEN,CRZY_A,BUY,2250.0,11.69,2026-09-10 20:12:00.865,2250.0,-26302.5,v3_run3_tick69.txt,-36902.53000430972
2026-09-10T20:12:00.946,112,FLATTEN,CRZY_A,BUY,2250.0,11.69,2026-09-10 20:12:00.946,2250.0,-26302.5,v3_run3_tick69.txt,-36902.53000430974
2026-09-10T20:12:01.065,112,FLATTEN,CRZY_A,BUY,390.0,11.69,2026-09-10 20:12:01.065,390.0,-4559.099999999999,v3_run3_tick69.txt,-36902.53000430973
2026-09-10T20:12:01.437,112,FLATTEN,CRZY_M,SELL,4500.0,11.61,2026-09-10 20:12:01.437,-4500.0,52245.0,v3_run3_tick69.txt,-36248.13000430973
2026-09-10T20:12:01.517,112,FLATTEN,CRZY_M,SELL,4500.0,11.61,2026-09-10 20:12:01.517,-4500.0,52245.0,v3_run3_tick69.txt,-36248.13000430973
2026-09-10T20:12:01.619,112,FLATTEN,CRZY_A,BUY,4500.0,11.69,2026-09-10 20:12:01.619,4500.0,-52605.0,v3_run3_tick69.txt,-37622.53000430972
2026-09-10T20:12:02.704,113,PAIR,CRZY_M,BUY,1000.0,11.68,2026-09-10 20:12:02.704,1000.0,-11680.0,v3_run3_tick69.txt,-37495.730004309735
2026-09-10T20:12:02.704,113,PAIR2,CRZY_A,SELL,1000.0,11.73,2026-09-10 20:12:02.704,-1000.0,11730.0,v3_run3_tick69.txt,-38079.730004309735
2026-09-10T20:12:03.232,113,PAIR,CRZY_M,SELL,664.0,11.68,2026-09-10 20:12:03.232,-664.0,7755.5199999999995,v3_run3_tick69.txt,-37445.73000430972
2026-09-10T20:12:04.054,113,FLATTEN,CRZY_A,BUY,311.0,11.73,2026-09-10 20:12:04.054,311.0,-3648.03,v3_run3_tick69.txt,-38112.93000430973
2026-09-10T20:12:04.143,113,FLATTEN,CRZY_M,SELL,311.0,11.73,2026-09-10 20:12:04.143,-311.0,3648.03,v3_run3_tick69.txt,-38112.93000430973
2026-09-10T20:12:04.225,113,FLATTEN,CRZY_M,SELL,311.0,11.73,2026-09-10 20:12:04.225,-311.0,3648.03,v3_run3_tick69.txt,-38112.93000430973
2026-09-10T20:12:04.308,113,FLATTEN,CRZY_M,SELL,311.0,11.73,2026-09-10 20:12:04.308,-311.0,3648.03,v3_run3_tick69.txt,-38112.93000430973
2026-09-10T20:12:04.395,113,FLATTEN,CRZY_A,BUY,622.0,11.79,2026-09-10 20:12:04.395,622.0,-7333.379999999999,v3_run3_tick69.txt,-38950.890004309724
2026-09-10T20:12:04.476,113,FLATTEN,CRZY_A,BUY,622.0,11.79,2026-09-10 20:12:04.476,622.0,-7333.379999999999,v3_run3_tick69.txt,-38950.890004309724
2026-09-10T20:12:04.584,113,FLATTEN,CRZY_A,BUY,622.0,11.79,2026-09-10 20:12:04.584,622.0,-7333.379999999999,v3_run3_tick69.txt,-38950.89000430975
2026-09-10T20:12:04.679,113,FLATTEN,CRZY_A,SELL,1244.0,11.75,2026-09-10 20:12:04.679,-1244.0,14617.0,v3_run3_tick69.txt,-38466.89000430975
2026-09-10T20:12:04.769,113,FLATTEN,CRZY_A,SELL,1244.0,11.75,2026-09-10 20:12:04.769,-1244.0,14617.0,v3_run3_tick69.txt,-38466.89000430977
2026-09-10T20:12:04.839,113,FLATTEN,CRZY_A,SELL,1244.0,11.75,2026-09-10 20:12:04.839,-1244.0,14617.0,v3_run3_tick69.txt,-38466.89000430977
2026-09-10T20:12:04.939,113,FLATTEN,CRZY_A,BUY,1561.0,11.79,2026-09-10 20:12:04.939,1561.0,-18404.19,v3_run3_tick69.txt,-39100.170004309766
2026-09-10T20:12:05.310,113,FLATTEN,CRZY_M,SELL,450.0,11.75,2026-09-10 20:12:05.310,-450.0,5287.5,v3_run3_tick69.txt,-38529.33000430977
2026-09-10T20:12:05.427,113,FLATTEN,CRZY_M,SELL,634.0,11.78,2026-09-10 20:12:05.427,-634.0,7468.5199999999995,v3_run3_tick69.txt,-38970.960004309774
2026-09-10T20:12:05.746,113,FLATTEN,CRZY_M,BUY,634.0,11.78,2026-09-10 20:12:05.746,634.0,-7468.5199999999995,v3_run3_tick69.txt,-38970.960004309774
2026-09-10T20:12:06.561,114,FLATTEN,CRZY_M,SELL,634.0,11.65,2026-09-10 20:12:06.561,-634.0,7386.1,v3_run3_tick69.txt,-37057.230004309764
2026-09-10T20:12:06.636,114,FLATTEN,CRZY_M,SELL,634.0,11.69,2026-09-10 20:12:06.636,-634.0,7411.46,v3_run3_tick69.txt,-37671.430004309776
2026-09-10T20:12:06.767,114,FLATTEN,CRZY_A,BUY,634.0,11.71,2026-09-10 20:12:06.767,634.0,-7424.14,v3_run3_tick69.txt,-37991.2100043098
2026-09-10T20:12:06.848,114,FLATTEN,CRZY_A,BUY,634.0,11.71,2026-09-10 20:12:06.848,634.0,-7424.14,v3_run3_tick69.txt,-37991.2100043098
2026-09-10T20:12:06.927,114,FLATTEN,CRZY_A,BUY,634.0,11.71,2026-09-10 20:12:06.927,634.0,-7424.14,v3_run3_tick69.txt,-37991.21000430982
2026-09-10T20:12:07.335,114,FLATTEN,CRZY_M,BUY,634.0,11.74,2026-09-10 20:12:07.335,634.0,-7443.16,v3_run3_tick69.txt,-38413.820004309804
2026-09-10T20:12:07.428,114,FLATTEN,CRZY_M,BUY,634.0,11.68,2026-09-10 20:12:07.428,634.0,-7405.12,v3_run3_tick69.txt,-37606.64000430978
2026-09-10T20:12:57.919,126,PAIR,CRZY_M,BUY,1000.0,12.08,2026-09-10 20:12:57.919,1000.0,-12080.0,v3_run3_tick69.txt,-42734.24000430979
2026-09-10T20:12:58.007,126,FLATTEN,CRZY_M,SELL,1000.0,12.1,2026-09-10 20:12:58.007,-1000.0,12100.0,v3_run3_tick69.txt,-42970.62000430979
2026-09-10T20:12:58.466,126,FLATTEN,CRZY_A,BUY,1000.0,12.13,2026-09-10 20:12:58.466,1000.0,-12130.0,v3_run3_tick69.txt,-43355.1900043098
2026-09-10T20:12:58.539,126,FLATTEN,CRZY_A,BUY,1000.0,12.13,2026-09-10 20:12:58.539,1000.0,-12130.0,v3_run3_tick69.txt,-43355.1900043098
2026-09-10T20:12:58.608,126,FLATTEN,CRZY_A,BUY,1000.0,12.13,2026-09-10 20:12:58.608,1000.0,-12130.0,v3_run3_tick69.txt,-43355.1900043098
2026-09-10T20:12:58.720,126,FLATTEN,CRZY_M,SELL,2000.0,12.08,2026-09-10 20:12:58.720,-2000.0,24160.0,v3_run3_tick69.txt,-42864.24000430979
2026-09-10T20:12:58.866,127,FLATTEN,CRZY_M,SELL,2000.0,12.1,2026-09-10 20:12:58.866,-2000.0,24200.0,v3_run3_tick69.txt,-43100.62000430979
2026-09-10T20:12:58.963,127,FLATTEN,CRZY_A,BUY,2000.0,12.13,2026-09-10 20:12:58.963,2000.0,-24260.0,v3_run3_tick69.txt,-43515.1900043098
2026-09-10T20:12:59.042,127,FLATTEN,CRZY_A,BUY,2000.0,12.13,2026-09-10 20:12:59.042,2000.0,-24260.0,v3_run3_tick69.txt,-43515.1900043098
2026-09-10T20:12:59.106,127,FLATTEN,CRZY_A,BUY,2000.0,12.13,2026-09-10 20:12:59.106,2000.0,-24260.0,v3_run3_tick69.txt,-43515.1900043098
2026-09-10T20:12:59.207,127,FLATTEN,CRZY_M,SELL,4000.0,12.1,2026-09-10 20:12:59.207,-4000.0,48400.0,v3_run3_tick69.txt,-43280.62000430979
2026-09-10T20:12:59.279,127,FLATTEN,CRZY_M,SELL,4000.0,12.1,2026-09-10 20:12:59.279,-4000.0,48400.0,v3_run3_tick69.txt,-43280.62000430978
2026-09-10T20:12:59.378,127,FLATTEN,CRZY_M,SELL,4000.0,12.1,2026-09-10 20:12:59.378,-4000.0,48400.0,v3_run3_tick69.txt,-43280.62000430978
2026-09-10T20:12:59.470,127,FLATTEN,CRZY_A,BUY,8000.0,12.13,2026-09-10 20:12:59.470,8000.0,-97040.0,v3_run3_tick69.txt,-43875.190004309785
2026-09-10T20:12:59.542,127,FLATTEN,CRZY_A,BUY,8000.0,12.13,2026-09-10 20:12:59.542,8000.0,-97040.0,v3_run3_tick69.txt,-43875.190004309785
2026-09-10T20:12:59.636,127,FLATTEN,CRZY_A,BUY,8000.0,12.13,2026-09-10 20:12:59.636,8000.0,-97040.0,v3_run3_tick69.txt,-43875.19000430978
2026-09-10T20:12:59.730,127,FLATTEN,CRZY_M,SELL,10000.0,12.1,2026-09-10 20:12:59.730,-10000.0,121000.0,v3_run3_tick69.txt,-44000.62000430978
2026-09-10T20:12:59.803,127,FLATTEN,CRZY_M,SELL,10000.0,12.1,2026-09-10 20:12:59.803,-10000.0,121000.0,v3_run3_tick69.txt,-44000.62000430978
2026-09-10T20:12:59.891,127,FLATTEN,CRZY_M,SELL,10000.0,12.1,2026-09-10 20:12:59.891,-10000.0,121000.0,v3_run3_tick69.txt,-44000.62000430975
2026-09-10T20:12:59.987,127,FLATTEN,CRZY_A,BUY,10000.0,12.13,2026-09-10 20:12:59.987,10000.0,-121300.00000000001,v3_run3_tick69.txt,-44775.190004309785
2026-09-10T20:13:00.059,127,FLATTEN,CRZY_A,BUY,3000.0,12.13,2026-09-10 20:13:00.059,3000.0,-36390.0,v3_run3_tick69.txt,-44775.190004309785
2026-09-10T20:13:00.419,127,FLATTEN,CRZY_M,BUY,1000.0,12.17,2026-09-10 20:13:00.419,1000.0,-12170.0,v3_run3_tick69.txt,-45287.950004309794
2026-09-10T20:13:02.016,128,FLATTEN,CRZY_M,SELL,7000.0,12.1,2026-09-10 20:13:02.016,-7000.0,84700.0,v3_run3_tick69.txt,-44460.62000430978
2026-09-10T20:13:02.088,128,FLATTEN,CRZY_M,SELL,7000.0,12.1,2026-09-10 20:13:02.088,-7000.0,84700.0,v3_run3_tick69.txt,-44460.62000430975
2026-09-10T20:13:02.161,128,FLATTEN,CRZY_M,SELL,7000.0,12.1,2026-09-10 20:13:02.161,-7000.0,84700.0,v3_run3_tick69.txt,-44460.62000430975
2026-09-10T20:13:02.278,128,FLATTEN,CRZY_M,BUY,10000.0,12.18,2026-09-10 20:13:02.278,10000.0,-121800.0,v3_run3_tick69.txt,-47086.14000430977
2026-09-10T20:13:02.352,128,FLATTEN,CRZY_M,BUY,10000.0,12.18,2026-09-10 20:13:02.352,10000.0,-121800.0,v3_run3_tick69.txt,-47086.14000430977
2026-09-10T20:13:02.420,128,FLATTEN,CRZY_M,BUY,10000.0,12.18,2026-09-10 20:13:02.420,10000.0,-121800.0,v3_run3_tick69.txt,-47086.14000430978
2026-09-10T20:13:02.524,128,FLATTEN,CRZY_M,SELL,10000.0,12.1,2026-09-10 20:13:02.524,-10000.0,121000.0,v3_run3_tick69.txt,-46860.62000430978
2026-09-10T20:13:02.596,128,FLATTEN,CRZY_M,SELL,10000.0,12.1,2026-09-10 20:13:02.596,-10000.0,121000.0,v3_run3_tick69.txt,-46860.62000430975
2026-09-10T20:13:02.670,128,FLATTEN,CRZY_M,SELL,10000.0,12.1,2026-09-10 20:13:02.670,-10000.0,121000.0,v3_run3_tick69.txt,-46860.62000430975
2026-09-10T20:13:02.769,128,FLATTEN,CRZY_M,BUY,10000.0,12.18,2026-09-10 20:13:02.769,10000.0,-121800.0,v3_run3_tick69.txt,-49486.14000430977
2026-09-10T20:13:02.841,128,FLATTEN,CRZY_M,BUY,10000.0,12.18,2026-09-10 20:13:02.841,10000.0,-121800.0,v3_run3_tick69.txt,-49486.14000430977
2026-09-10T20:13:02.909,128,FLATTEN,CRZY_M,BUY,10000.0,12.18,2026-09-10 20:13:02.909,10000.0,-121800.0,v3_run3_tick69.txt,-49486.14000430978
2026-09-10T20:13:03.017,128,FLATTEN,CRZY_M,SELL,10000.0,12.1,2026-09-10 20:13:03.017,-10000.0,121000.0,v3_run3_tick69.txt,-49260.62000430978
2026-09-10T20:13:03.090,128,FLATTEN,CRZY_M,SELL,10000.0,12.1,2026-09-10 20:13:03.090,-10000.0,121000.0,v3_run3_tick69.txt,-49260.62000430975
2026-09-10T20:13:03.162,128,FLATTEN,CRZY_M,SELL,10000.0,12.1,2026-09-10 20:13:03.162,-10000.0,121000.0,v3_run3_tick69.txt,-49260.62000430975
2026-09-10T20:13:03.276,128,FLATTEN,CRZY_M,BUY,10000.0,12.18,2026-09-10 20:13:03.276,10000.0,-121800.0,v3_run3_tick69.txt,-51886.14000430977
2026-09-10T20:13:03.349,128,FLATTEN,CRZY_M,BUY,3870.0,12.18,2026-09-10 20:13:03.349,3870.0,-47136.6,v3_run3_tick69.txt,-51886.1400043098
2026-09-10T20:13:03.723,128,FLATTEN,CRZY_A,BUY,130.0,12.2,2026-09-10 20:13:03.723,130.0,-1586.0,v3_run3_tick69.txt,-52265.12000430978
2026-09-10T20:13:03.825,128,FLATTEN,CRZY_M,SELL,6130.0,12.1,2026-09-10 20:13:03.825,-6130.0,74173.0,v3_run3_tick69.txt,-50383.220004309755
2026-09-10T20:13:03.901,128,FLATTEN,CRZY_M,SELL,6130.0,12.1,2026-09-10 20:13:03.901,-6130.0,74173.0,v3_run3_tick69.txt,-50383.220004309725
2026-09-10T20:13:03.973,128,FLATTEN,CRZY_M,SELL,6130.0,12.1,2026-09-10 20:13:03.973,-6130.0,74173.0,v3_run3_tick69.txt,-50383.220004309725
2026-09-10T20:13:04.070,128,FLATTEN,CRZY_M,BUY,10000.0,12.19,2026-09-10 20:13:04.070,10000.0,-121900.0,v3_run3_tick69.txt,-53732.03000430972
2026-09-10T20:13:04.420,128,FLATTEN,CRZY_A,BUY,2260.0,12.19,2026-09-10 20:13:04.420,2260.0,-27549.399999999998,v3_run3_tick69.txt,-53732.03000430975
2026-09-10T20:13:04.513,128,FLATTEN,CRZY_A,BUY,240.0,12.19,2026-09-10 20:13:04.513,240.0,-2925.6,v3_run3_tick69.txt,-53732.03000430972
2026-09-10T20:13:04.612,128,FLATTEN,CRZY_M,SELL,240.0,12.19,2026-09-10 20:13:04.612,-240.0,2925.6,v3_run3_tick69.txt,-53732.03000430975
2026-09-10T20:13:04.685,128,FLATTEN,CRZY_M,SELL,240.0,12.19,2026-09-10 20:13:04.685,-240.0,2925.6,v3_run3_tick69.txt,-53732.03000430972
2026-09-10T20:13:04.751,128,FLATTEN,CRZY_M,SELL,240.0,12.19,2026-09-10 20:13:04.751,-240.0,2925.6,v3_run3_tick69.txt,-53732.03000430975
2026-09-10T20:13:04.851,128,FLATTEN,CRZY_M,SELL,240.0,12.19,2026-09-10 20:13:04.851,-240.0,2925.6,v3_run3_tick69.txt,-53732.03000430972
2026-09-10T20:13:04.925,128,FLATTEN,CRZY_M,SELL,240.0,12.19,2026-09-10 20:13:04.925,-240.0,2925.6,v3_run3_tick69.txt,-53732.030004309694
2026-09-10T20:13:04.994,128,FLATTEN,CRZY_M,SELL,240.0,12.19,2026-09-10 20:13:04.994,-240.0,2925.6,v3_run3_tick69.txt,-53732.03000430972
2026-09-10T20:13:05.093,128,FLATTEN,CRZY_M,SELL,240.0,12.19,2026-09-10 20:13:05.093,-240.0,2925.6,v3_run3_tick69.txt,-53732.03000430972
2026-09-10T20:13:05.181,128,FLATTEN,CRZY_M,SELL,240.0,12.19,2026-09-10 20:13:05.181,-240.0,2925.6,v3_run3_tick69.txt,-53732.03000430978
2026-09-10T20:13:05.253,128,FLATTEN,CRZY_M,SELL,240.0,12.23,2026-09-10 20:13:05.253,-240.0,2935.2000000000003,v3_run3_tick69.txt,-54797.190004309756
2026-09-10T20:13:05.634,128,FLATTEN,CRZY_A,SELL,8080.0,12.21,2026-09-10 20:13:05.634,-8080.0,98656.8,v3_run3_tick69.txt,-54259.81000430981
2026-09-10T20:13:06.229,129,PAIR,CRZY_M,BUY,1000.0,12.23,2026-09-10 20:13:06.229,1000.0,-12230.0,v3_run3_tick69.txt,-54958.79000430979
2026-09-10T20:13:06.440,129,FLATTEN,CRZY_M,SELL,1000.0,12.23,2026-09-10 20:13:06.440,-1000.0,12230.0,v3_run3_tick69.txt,-54958.79000430979
2026-09-10T20:13:06.538,129,FLATTEN,CRZY_M,SELL,1000.0,12.23,2026-09-10 20:13:06.538,-1000.0,12230.0,v3_run3_tick69.txt,-54958.79000430979
2026-09-10T20:13:06.640,129,FLATTEN,CRZY_M,BUY,1000.0,12.24,2026-09-10 20:13:06.640,1000.0,-12240.0,v3_run3_tick69.txt,-55318.28000430978
2026-09-10T20:13:06.720,129,FLATTEN,CRZY_M,BUY,1000.0,12.23,2026-09-10 20:13:06.720,1000.0,-12230.0,v3_run3_tick69.txt,-54968.79000430979
2026-09-10T20:13:06.800,129,FLATTEN,CRZY_M,BUY,1000.0,12.23,2026-09-10 20:13:06.800,1000.0,-12230.0,v3_run3_tick69.txt,-54968.79000430979
2026-09-10T20:13:06.906,129,FLATTEN,CRZY_M,SELL,2000.0,12.07,2026-09-10 20:13:06.906,-2000.0,24140.0,v3_run3_tick69.txt,-49696.950004309765
2026-09-10T20:13:06.986,129,FLATTEN,CRZY_M,SELL,2000.0,12.07,2026-09-10 20:13:06.986,-2000.0,24140.0,v3_run3_tick69.txt,-49696.950004309765
2026-09-10T20:13:07.056,129,FLATTEN,CRZY_M,SELL,2000.0,12.23,2026-09-10 20:13:07.056,-2000.0,24460.0,v3_run3_tick69.txt,-55608.79000430979
2026-09-10T20:13:07.162,129,FLATTEN,CRZY_M,BUY,4000.0,12.25,2026-09-10 20:13:07.162,4000.0,-49000.0,v3_run3_tick69.txt,-56387.77000430977
2026-09-10T20:13:07.301,129,FLATTEN,CRZY_M,BUY,4000.0,12.23,2026-09-10 20:13:07.301,4000.0,-48920.0,v3_run3_tick69.txt,-55688.79000430979
2026-09-10T20:13:07.390,129,FLATTEN,CRZY_A,SELL,2336.0,12.06,2026-09-10 20:13:07.390,-2336.0,28172.16,v3_run3_tick69.txt,-50427.46000430983
2026-09-10T20:13:07.463,129,FLATTEN,CRZY_A,SELL,2336.0,12.07,2026-09-10 20:13:07.463,-2336.0,28195.52,v3_run3_tick69.txt,-50760.31000430981
2026-09-10T20:13:07.562,129,FLATTEN,CRZY_A,SELL,164.0,12.07,2026-09-10 20:13:07.562,-164.0,1979.48,v3_run3_tick69.txt,-50760.31000430981
2026-09-10T20:13:08.234,129,FLATTEN,CRZY_M,BUY,836.0,12.26982057,2026-09-10 20:13:08.234,836.0,-10257.56999652,v3_run3_tick69.txt,-57910.88910175982
2026-09-10T20:13:08.310,129,FLATTEN,CRZY_M,BUY,836.0,12.26982057,2026-09-10 20:13:08.310,836.0,-10257.56999652,v3_run3_tick69.txt,-57910.88910175982
2026-09-10T20:13:08.421,129,FLATTEN,CRZY_A,SELL,5.0,12.19,2026-09-10 20:13:08.421,-5.0,60.949999999999996,v3_run3_tick69.txt,-55187.96999734978
2026-09-10T20:13:09.445,129,FLATTEN,CRZY_A,SELL,1472.0,12.09,2026-09-10 20:13:09.445,-1472.0,17796.48,v3_run3_tick69.txt,-51776.16999734979
2026-09-10T20:13:09.534,129,FLATTEN,CRZY_A,SELL,1472.0,12.09,2026-09-10 20:13:09.534,-1472.0,17796.48,v3_run3_tick69.txt,-51776.16999734985
2026-09-10T20:13:09.602,129,FLATTEN,CRZY_A,SELL,1472.0,12.09,2026-09-10 20:13:09.602,-1472.0,17796.48,v3_run3_tick69.txt,-51776.16999734985
2026-09-10T20:13:09.983,129,FLATTEN,CRZY_A,BUY,143.0,12.15692308,2026-09-10 20:13:09.983,143.0,-1738.44000044,v3_run3_tick69.txt,-54354.98396206985
2026-09-10T20:13:10.058,129,FLATTEN,CRZY_A,BUY,95.0,12.23,2026-09-10 20:13:10.058,95.0,-1161.8500000000001,v3_run3_tick69.txt,-57160.47999778984
2026-09-10T20:13:10.157,129,FLATTEN,CRZY_M,BUY,2500.0,12.26,2026-09-10 20:13:10.157,2500.0,-30650.0,v3_run3_tick69.txt,-58309.35999778984
2026-09-10T20:13:10.515,129,FLATTEN,CRZY_A,BUY,1037.0,12.26,2026-09-10 20:13:10.515,1037.0,-12713.619999999999,v3_run3_tick69.txt,-58309.35999778978
2026-09-10T20:13:10.583,129,FLATTEN,CRZY_A,BUY,1037.0,12.26,2026-09-10 20:13:10.583,1037.0,-12713.619999999999,v3_run3_tick69.txt,-58309.35999778978
2026-09-10T20:13:10.665,129,FLATTEN,CRZY_A,SELL,48.0,12.23,2026-09-10 20:13:10.665,-48.0,587.04,v3_run3_tick69.txt,-57297.69999778987
2026-09-10T20:13:11.309,129,FLATTEN,CRZY_M,SELL,3487.0,12.13,2026-09-10 20:13:11.309,-3487.0,42297.310000000005,v3_run3_tick69.txt,-53920.69999778987
2026-09-10T20:13:11.377,129,FLATTEN,CRZY_M,SELL,3487.0,12.13,2026-09-10 20:13:11.377,-3487.0,42297.310000000005,v3_run3_tick69.txt,-53920.69999778987
2026-09-10T20:13:11.472,129,FLATTEN,CRZY_A,BUY,6406.0,12.30997658,2026-09-10 20:13:11.472,6406.0,-78857.70997148,v3_run3_tick69.txt,-61253.665773309884
2026-09-10T20:13:11.546,129,FLATTEN,CRZY_A,BUY,6406.0,12.30926943,2026-09-10 20:13:11.546,6406.0,-78853.17996858,v3_run3_tick69.txt,-61229.38365660986
2026-09-10T20:13:11.616,129,FLATTEN,CRZY_A,BUY,6406.0,12.30926943,2026-09-10 20:13:11.616,6406.0,-78853.17996858,v3_run3_tick69.txt,-61229.38365660992
2026-09-10T20:13:11.716,129,FLATTEN,CRZY_M,SELL,10000.0,12.13,2026-09-10 20:13:11.716,-10000.0,121300.00000000001,v3_run3_tick69.txt,-57370.4299064299
2026-09-10T20:13:11.805,130,FLATTEN,CRZY_M,SELL,10000.0,12.13,2026-09-10 20:13:11.805,-10000.0,121300.00000000001,v3_run3_tick69.txt,-57370.4299064299
2026-09-10T20:13:11.874,130,FLATTEN,CRZY_M,SELL,10000.0,12.130055,2026-09-10 20:13:11.874,-10000.0,121300.55,v3_run3_tick69.txt,-57372.71383642987
2026-09-10T20:13:11.991,130,FLATTEN,CRZY_A,BUY,10000.0,12.31,2026-09-10 20:13:11.991,10000.0,-123100.0,v3_run3_tick69.txt,-66644.5599064299
2026-09-10T20:13:12.070,130,FLATTEN,CRZY_A,BUY,10000.0,12.31,2026-09-10 20:13:12.070,10000.0,-123100.0,v3_run3_tick69.txt,-66644.5599064299
2026-09-10T20:13:12.145,130,FLATTEN,CRZY_A,BUY,10000.0,12.257392,2026-09-10 20:13:12.145,10000.0,-122573.92,v3_run3_tick69.txt,-64986.04009842989
2026-09-10T20:13:12.235,130,FLATTEN,CRZY_M,SELL,2500.0,12.14,2026-09-10 20:13:12.235,-2500.0,30350.0,v3_run3_tick69.txt,-62459.0599064299
2026-09-10T20:13:12.584,130,FLATTEN,CRZY_A,SELL,10000.0,12.11,2026-09-10 20:13:12.584,-10000.0,121100.0,v3_run3_tick69.txt,-61738.279906429874
2026-09-10T20:13:12.693,130,FLATTEN,CRZY_A,SELL,8713.0,12.11286928,2026-09-10 20:13:12.693,-8713.0,105539.43003664,v3_run3_tick69.txt,-61835.910027709906
2026-09-10T20:13:13.053,130,FLATTEN,CRZY_M,BUY,2500.0,12.14,2026-09-10 20:13:13.053,2500.0,-30350.0,v3_run3_tick69.txt,-62995.44986978994
2026-09-10T20:13:13.140,130,FLATTEN,CRZY_M,BUY,2000.0,12.14,2026-09-10 20:13:13.140,2000.0,-24280.0,v3_run3_tick69.txt,-62995.44986978994
2026-09-10T20:13:13.242,130,FLATTEN,CRZY_M,BUY,3368.0,12.23,2026-09-10 20:13:13.242,3368.0,-41190.64,v3_run3_tick69.txt,-66436.95986978995
2026-09-10T20:13:13.587,130,FLATTEN,CRZY_A,BUY,4320.0,12.29997685,2026-09-10 20:13:13.587,4320.0,-53135.899992,v3_run3_tick69.txt,-68877.12260613998
2026-09-10T20:13:13.669,130,FLATTEN,CRZY_A,BUY,848.0,12.3,2026-09-10 20:13:13.669,848.0,-10430.400000000001,v3_run3_tick69.txt,-68877.82986179
2026-09-10T20:13:14.070,130,FLATTEN,CRZY_M,SELL,804.0,12.26,2026-09-10 20:13:14.070,-804.0,9857.039999999999,v3_run3_tick69.txt,-67689.70986179
2026-09-10T20:13:15.021,130,FLATTEN,CRZY_A,SELL,2608.0,12.21,2026-09-10 20:13:15.021,-2608.0,31843.680000000004,v3_run3_tick69.txt,-66164.35986179003
2026-09-10T20:13:15.101,130,FLATTEN,CRZY_A,SELL,2608.0,12.24,2026-09-10 20:13:15.101,-2608.0,31921.920000000002,v3_run3_tick69.txt,-67157.80986179004
2026-09-10T20:13:15.188,130,FLATTEN,CRZY_A,SELL,2608.0,12.24,2026-09-10 20:13:15.188,-2608.0,31921.920000000002,v3_run3_tick69.txt,-67157.80986179004
2026-09-10T20:13:15.289,130,FLATTEN,CRZY_M,BUY,419.0,12.23,2026-09-10 20:13:15.289,419.0,-5124.37,v3_run3_tick69.txt,-66774.49986179004
2026-09-10T20:13:15.644,130,FLATTEN,CRZY_M,BUY,5645.0,12.25,2026-09-10 20:13:15.644,5645.0,-69151.25,v3_run3_tick69.txt,-67532.73986179003
2026-09-10T20:13:15.714,130,FLATTEN,CRZY_M,BUY,5645.0,12.25,2026-09-10 20:13:15.714,5645.0,-69151.25,v3_run3_tick69.txt,-67532.73986179003
2026-09-10T20:13:15.809,130,FLATTEN,CRZY_M,SELL,419.0,12.24,2026-09-10 20:13:15.809,-419.0,5128.56,v3_run3_tick69.txt,-67266.51986179006
2026-09-10T20:13:15.883,130,FLATTEN,CRZY_M,SELL,419.0,12.24,2026-09-10 20:13:15.883,-419.0,5128.56,v3_run3_tick69.txt,-67266.51986179006
2026-09-10T20:13:15.947,130,FLATTEN,CRZY_M,SELL,419.0,12.24,2026-09-10 20:13:15.947,-419.0,5128.56,v3_run3_tick69.txt,-67266.51986179006
2026-09-10T20:13:16.042,130,FLATTEN,CRZY_M,SELL,3743.0,12.24,2026-09-10 20:13:16.042,-3743.0,45814.32,v3_run3_tick69.txt,-67266.51986179006
2026-09-10T20:13:16.389,130,FLATTEN,CRZY_M,SELL,419.0,12.23,2026-09-10 20:13:16.389,-419.0,5124.37,v3_run3_tick69.txt,-66950.29986179003
2026-09-10T20:13:16.459,130,FLATTEN,CRZY_M,SELL,419.0,12.23,2026-09-10 20:13:16.459,-419.0,5124.37,v3_run3_tick69.txt,-66950.29986179003
2026-09-10T20:13:16.560,130,FLATTEN,CRZY_M,SELL,221.0,12.23,2026-09-10 20:13:16.560,-221.0,2702.83,v3_run3_tick69.txt,-66950.29986179003
2026-09-10T20:13:16.633,130,FLATTEN,CRZY_M,SELL,221.0,12.23,2026-09-10 20:13:16.633,-221.0,2702.83,v3_run3_tick69.txt,-66950.29986179003
2026-09-10T20:13:16.730,130,FLATTEN,CRZY_M,SELL,221.0,12.23,2026-09-10 20:13:16.730,-221.0,2702.83,v3_run3_tick69.txt,-66950.29986179003
2026-09-10T20:13:16.836,130,FLATTEN,CRZY_M,BUY,442.0,12.24,2026-09-10 20:13:16.836,442.0,-5410.08,v3_run3_tick69.txt,-67281.52986179001
2026-09-10T20:13:16.911,130,FLATTEN,CRZY_M,BUY,442.0,12.24,2026-09-10 20:13:16.911,442.0,-5410.08,v3_run3_tick69.txt,-67281.52986179001
2026-09-10T20:13:17.322,131,FLATTEN,CRZY_M,BUY,3296.0,12.33,2026-09-10 20:13:17.322,3296.0,-40639.68,v3_run3_tick69.txt,-70183.03986179002
2026-09-10T20:13:17.396,131,FLATTEN,CRZY_M,BUY,3296.0,12.33,2026-09-10 20:13:17.396,3296.0,-40639.68,v3_run3_tick69.txt,-70183.03986179002
2026-09-10T20:13:17.493,131,FLATTEN,CRZY_M,BUY,3296.0,12.33,2026-09-10 20:13:17.493,3296.0,-40639.68,v3_run3_tick69.txt,-70183.03986179002
2026-09-10T20:13:17.586,131,FLATTEN,CRZY_M,SELL,5192.0,12.27,2026-09-10 20:13:17.586,-5192.0,63705.84,v3_run3_tick69.txt,-68841.97986178997
2026-09-10T20:13:17.959,131,FLATTEN,CRZY_M,SELL,1400.0,12.25,2026-09-10 20:13:17.959,-1400.0,17150.0,v3_run3_tick69.txt,-68291.11986178998
2026-09-10T20:13:18.092,131,FLATTEN,CRZY_M,SELL,1400.0,12.25,2026-09-10 20:13:18.092,-1400.0,17150.0,v3_run3_tick69.txt,-68291.11986178998
2026-09-10T20:13:18.354,132,FLATTEN,CRZY_A,BUY,5.0,12.28,2026-09-10 20:13:18.354,5.0,-61.4,v3_run3_tick69.txt,-69201.40986178996
2026-09-10T20:13:18.705,132,FLATTEN,CRZY_M,BUY,1390.0,12.36,2026-09-10 20:13:18.705,1390.0,-17180.399999999998,v3_run3_tick69.txt,-71628.44986179
2026-09-10T20:13:18.766,132,FLATTEN,CRZY_M,BUY,1390.0,12.36,2026-09-10 20:13:18.766,1390.0,-17180.399999999998,v3_run3_tick69.txt,-71628.44986179005
2026-09-10T20:13:18.862,132,FLATTEN,CRZY_M,SELL,1390.0,12.34,2026-09-10 20:13:18.862,-1390.0,17152.6,v3_run3_tick69.txt,-71077.28986179008
2026-09-10T20:13:18.936,132,FLATTEN,CRZY_M,SELL,1390.0,12.34,2026-09-10 20:13:18.936,-1390.0,17152.6,v3_run3_tick69.txt,-71077.28986179008
2026-09-10T20:13:19.005,132,FLATTEN,CRZY_M,SELL,1390.0,12.34,2026-09-10 20:13:19.005,-1390.0,17152.6,v3_run3_tick69.txt,-71077.28986179014
2026-09-10T20:13:19.102,132,FLATTEN,CRZY_A,BUY,2780.0,12.34,2026-09-10 20:13:19.102,2780.0,-34305.2,v3_run3_tick69.txt,-71077.28986179014
2026-09-10T20:13:19.177,132,FLATTEN,CRZY_A,BUY,2780.0,12.34,2026-09-10 20:13:19.177,2780.0,-34305.2,v3_run3_tick69.txt,-71077.28986179014
2026-09-10T20:13:19.254,132,FLATTEN,CRZY_A,BUY,2780.0,12.34,2026-09-10 20:13:19.254,2780.0,-34305.2,v3_run3_tick69.txt,-71077.28986179014
2026-09-10T20:13:19.351,132,FLATTEN,CRZY_M,SELL,5560.0,12.34,2026-09-10 20:13:19.351,-5560.0,68610.4,v3_run3_tick69.txt,-71077.2898617902
2026-09-10T20:13:19.425,132,FLATTEN,CRZY_M,SELL,5560.0,12.34,2026-09-10 20:13:19.425,-5560.0,68610.4,v3_run3_tick69.txt,-71077.28986179014
2026-09-10T20:13:19.502,132,FLATTEN,CRZY_M,SELL,5560.0,12.34,2026-09-10 20:13:19.502,-5560.0,68610.4,v3_run3_tick69.txt,-71077.28986179014
2026-09-10T20:13:19.606,132,FLATTEN,CRZY_A,BUY,10000.0,12.34,2026-09-10 20:13:19.606,10000.0,-123400.0,v3_run3_tick69.txt,-71077.28986179014
2026-09-10T20:13:19.682,132,FLATTEN,CRZY_A,BUY,10000.0,12.34,2026-09-10 20:13:19.682,10000.0,-123400.0,v3_run3_tick69.txt,-71077.28986179014
2026-09-10T20:13:19.766,132,FLATTEN,CRZY_A,BUY,10000.0,12.34,2026-09-10 20:13:19.766,10000.0,-123400.0,v3_run3_tick69.txt,-71077.28986179014
2026-09-10T20:13:19.863,132,FLATTEN,CRZY_M,SELL,10000.0,12.34,2026-09-10 20:13:19.863,-10000.0,123400.0,v3_run3_tick69.txt,-71077.28986179014
2026-09-10T20:13:19.935,132,FLATTEN,CRZY_M,SELL,10000.0,12.34,2026-09-10 20:13:19.935,-10000.0,123400.0,v3_run3_tick69.txt,-71077.28986179014
2026-09-10T20:13:20.008,132,FLATTEN,CRZY_M,SELL,8317.0,12.34,2026-09-10 20:13:20.008,-8317.0,102631.78,v3_run3_tick69.txt,-71077.28986179014
2026-09-10T20:13:20.403,132,FLATTEN,CRZY_A,BUY,10000.0,12.33997,2026-09-10 20:13:20.403,10000.0,-123399.7,v3_run3_tick69.txt,-71076.13831179013
2026-09-10T20:13:20.475,132,FLATTEN,CRZY_A,BUY,10000.0,12.34,2026-09-10 20:13:20.475,10000.0,-123400.0,v3_run3_tick69.txt,-71076.98986179012
2026-09-10T20:13:20.545,132,FLATTEN,CRZY_A,BUY,10000.0,12.34,2026-09-10 20:13:20.545,10000.0,-123400.0,v3_run3_tick69.txt,-71076.98986179012
2026-09-10T20:13:20.647,132,FLATTEN,CRZY_M,SELL,9070.0,12.28,2026-09-10 20:13:20.647,-9070.0,111379.59999999999,v3_run3_tick69.txt,-70573.88986179014
2026-09-10T20:13:20.727,132,FLATTEN,CRZY_M,SELL,9070.0,12.28,2026-09-10 20:13:20.727,-9070.0,111379.59999999999,v3_run3_tick69.txt,-70573.88986179017
2026-09-10T20:13:20.798,132,FLATTEN,CRZY_M,SELL,9070.0,12.28,2026-09-10 20:13:20.798,-9070.0,111379.59999999999,v3_run3_tick69.txt,-70573.88986179017
2026-09-10T20:13:20.891,132,FLATTEN,CRZY_A,BUY,10000.0,12.34,2026-09-10 20:13:20.891,10000.0,-123400.0,v3_run3_tick69.txt,-72709.58986179018
2026-09-10T20:13:20.970,132,FLATTEN,CRZY_A,BUY,6665.0,12.34,2026-09-10 20:13:20.970,6665.0,-82246.1,v3_run3_tick69.txt,-72709.58986179021
2026-09-10T20:13:21.339,132,FLATTEN,CRZY_A,BUY,1475.0,12.35,2026-09-10 20:13:21.339,1475.0,-18216.25,v3_run3_tick69.txt,-72898.8898617902
2026-09-10T20:13:21.437,132,FLATTEN,CRZY_A,SELL,5.0,12.34,2026-09-10 20:13:21.437,-5.0,61.7,v3_run3_tick69.txt,-72724.33986179018
2026-09-10T20:13:21.507,132,FLATTEN,CRZY_A,SELL,5.0,12.34,2026-09-10 20:13:21.507,-5.0,61.7,v3_run3_tick69.txt,-72724.33986179018
2026-09-10T20:13:21.579,132,FLATTEN,CRZY_A,SELL,5.0,12.34,2026-09-10 20:13:21.579,-5.0,61.7,v3_run3_tick69.txt,-72724.33986179015
2026-09-10T20:13:21.679,132,FLATTEN,CRZY_A,SELL,5.0,12.34,2026-09-10 20:13:21.679,-5.0,61.7,v3_run3_tick69.txt,-72724.33986179015
2026-09-10T20:13:21.779,132,FLATTEN,CRZY_A,SELL,5.0,12.34,2026-09-10 20:13:21.779,-5.0,61.7,v3_run3_tick69.txt,-72724.33986179015
2026-09-10T20:13:21.895,132,FLATTEN,CRZY_A,SELL,5.0,12.34,2026-09-10 20:13:21.895,-5.0,61.7,v3_run3_tick69.txt,-72724.33986179013
2026-09-10T20:13:21.971,132,FLATTEN,CRZY_A,SELL,5.0,12.34,2026-09-10 20:13:21.971,-5.0,61.7,v3_run3_tick69.txt,-72724.33986179013
2026-09-10T20:13:22.081,132,FLATTEN,CRZY_A,SELL,5.0,12.34,2026-09-10 20:13:22.081,-5.0,61.7,v3_run3_tick69.txt,-72724.3398617901
2026-09-10T20:13:22.177,132,FLATTEN,CRZY_M,SELL,5.0,12.35,2026-09-10 20:13:22.177,-5.0,61.75,v3_run3_tick69.txt,-72899.28986179011
2026-09-10T20:13:22.252,132,FLATTEN,CRZY_M,SELL,5.0,12.35,2026-09-10 20:13:22.252,-5.0,61.75,v3_run3_tick69.txt,-72899.28986179011
2026-09-10T20:13:31.071,135,FLATTEN,CRZY_M,SELL,225.0,12.35,2026-09-10 20:13:31.071,-225.0,2778.75,v3_run3_tick69.txt,-72899.28986179011
2026-09-10T20:13:31.142,135,FLATTEN,CRZY_M,SELL,225.0,12.35,2026-09-10 20:13:31.142,-225.0,2778.75,v3_run3_tick69.txt,-72899.28986179011
2026-09-10T20:13:31.235,135,FLATTEN,CRZY_M,SELL,225.0,12.35,2026-09-10 20:13:31.235,-225.0,2778.75,v3_run3_tick69.txt,-72899.28986179011
2026-09-10T20:13:31.328,135,FLATTEN,CRZY_M,BUY,450.0,12.38,2026-09-10 20:13:31.328,450.0,-5571.0,v3_run3_tick69.txt,-73444.68986179013
2026-09-10T20:13:31.397,135,FLATTEN,CRZY_M,BUY,450.0,12.38,2026-09-10 20:13:31.397,450.0,-5571.0,v3_run3_tick69.txt,-73444.68986179013
2026-09-10T20:13:31.504,135,FLATTEN,CRZY_M,BUY,450.0,12.38,2026-09-10 20:13:31.504,450.0,-5571.0,v3_run3_tick69.txt,-73444.68986179013
2026-09-10T20:13:31.588,135,FLATTEN,CRZY_M,SELL,900.0,12.35,2026-09-10 20:13:31.588,-900.0,11115.0,v3_run3_tick69.txt,-72939.78986179011
2026-09-10T20:13:31.663,135,FLATTEN,CRZY_M,SELL,900.0,12.35,2026-09-10 20:13:31.663,-900.0,11115.0,v3_run3_tick69.txt,-72939.78986179011
2026-09-10T20:13:31.747,135,FLATTEN,CRZY_M,SELL,900.0,12.35,2026-09-10 20:13:31.747,-900.0,11115.0,v3_run3_tick69.txt,-72939.78986179011
2026-09-10T20:13:31.835,135,FLATTEN,CRZY_M,BUY,1800.0,12.38,2026-09-10 20:13:31.835,1800.0,-22284.0,v3_run3_tick69.txt,-73525.68986179013
2026-09-10T20:13:31.912,135,FLATTEN,CRZY_M,BUY,1800.0,12.38,2026-09-10 20:13:31.912,1800.0,-22284.0,v3_run3_tick69.txt,-73525.68986179013
2026-09-10T20:13:31.992,135,FLATTEN,CRZY_M,BUY,1800.0,12.38,2026-09-10 20:13:31.992,1800.0,-22284.0,v3_run3_tick69.txt,-73525.68986179013
2026-09-10T20:13:32.094,135,FLATTEN,CRZY_M,SELL,3600.0,12.35,2026-09-10 20:13:32.094,-3600.0,44460.0,v3_run3_tick69.txt,-73101.78986179011
2026-09-10T20:13:32.167,135,FLATTEN,CRZY_M,SELL,3600.0,12.35,2026-09-10 20:13:32.167,-3600.0,44460.0,v3_run3_tick69.txt,-73101.78986179011
2026-09-10T20:13:32.245,135,FLATTEN,CRZY_M,SELL,3600.0,12.35,2026-09-10 20:13:32.245,-3600.0,44460.0,v3_run3_tick69.txt,-73101.78986179011
2026-09-10T20:13:32.357,135,FLATTEN,CRZY_M,BUY,7200.0,12.38,2026-09-10 20:13:32.357,7200.0,-89136.0,v3_run3_tick69.txt,-73849.68986179013
2026-09-10T20:13:32.429,135,FLATTEN,CRZY_M,BUY,7200.0,12.38,2026-09-10 20:13:32.429,7200.0,-89136.0,v3_run3_tick69.txt,-73849.68986179012
2026-09-10T20:13:32.502,135,FLATTEN,CRZY_M,BUY,7200.0,12.38,2026-09-10 20:13:32.502,7200.0,-89136.0,v3_run3_tick69.txt,-73849.6898617901
2026-09-10T20:13:32.599,135,FLATTEN,CRZY_M,SELL,327.0,12.35,2026-09-10 20:13:32.599,-327.0,4038.45,v3_run3_tick69.txt,-73749.78986179011
2026-09-10T20:13:32.952,135,FLATTEN,CRZY_A,SELL,10000.0,12.35,2026-09-10 20:13:32.952,-10000.0,123500.0,v3_run3_tick69.txt,-73749.7898617901
2026-09-10T20:13:33.015,135,FLATTEN,CRZY_A,SELL,10000.0,12.35,2026-09-10 20:13:33.015,-10000.0,123500.0,v3_run3_tick69.txt,-73749.78986179014
2026-09-10T20:13:33.106,135,FLATTEN,CRZY_M,BUY,6254.0,12.38,2026-09-10 20:13:33.106,6254.0,-77424.52,v3_run3_tick69.txt,-74459.49986179016
2026-09-10T20:13:33.181,135,FLATTEN,CRZY_M,BUY,6254.0,12.38,2026-09-10 20:13:33.181,6254.0,-77424.52,v3_run3_tick69.txt,-74459.49986179014
2026-09-10T20:13:33.291,135,FLATTEN,CRZY_M,BUY,6254.0,12.38,2026-09-10 20:13:33.291,6254.0,-77424.52,v3_run3_tick69.txt,-74459.49986179016
2026-09-10T20:13:33.373,135,FLATTEN,CRZY_A,SELL,10000.0,12.35,2026-09-10 20:13:33.373,-10000.0,123500.0,v3_run3_tick69.txt,-74312.64986179015
2026-09-10T20:13:33.445,135,FLATTEN,CRZY_A,SELL,10000.0,12.35,2026-09-10 20:13:33.445,-10000.0,123500.0,v3_run3_tick69.txt,-74312.64986179015
2026-09-10T20:13:33.527,135,FLATTEN,CRZY_A,SELL,10000.0,12.35,2026-09-10 20:13:33.527,-10000.0,123500.0,v3_run3_tick69.txt,-74312.64986179012
2026-09-10T20:13:33.623,135,FLATTEN,CRZY_M,BUY,2654.0,12.38,2026-09-10 20:13:33.623,2654.0,-32856.520000000004,v3_run3_tick69.txt,-75359.49986179016
2026-09-10T20:13:33.995,135,FLATTEN,CRZY_A,BUY,10000.0,12.39,2026-09-10 20:13:33.995,10000.0,-123900.0,v3_run3_tick69.txt,-75681.90986179013
2026-09-10T20:13:34.072,135,FLATTEN,CRZY_A,BUY,10000.0,12.39,2026-09-10 20:13:34.072,10000.0,-123900.0,v3_run3_tick69.txt,-75681.90986179016
2026-09-10T20:13:34.162,135,FLATTEN,CRZY_A,SELL,2500.0,12.36,2026-09-10 20:13:34.162,-2500.0,30900.0,v3_run3_tick69.txt,-75314.67986179012
2026-09-10T20:13:34.504,135,FLATTEN,CRZY_A,SELL,2662.0,12.35,2026-09-10 20:13:34.504,-2662.0,32875.7,v3_run3_tick69.txt,-75167.26986179012
2026-09-10T20:13:34.580,135,FLATTEN,CRZY_A,SELL,2662.0,12.35,2026-09-10 20:13:34.580,-2662.0,32875.7,v3_run3_tick69.txt,-75167.26986179012
2026-09-10T20:13:34.677,135,FLATTEN,CRZY_A,BUY,2500.0,12.36,2026-09-10 20:13:34.677,2500.0,-30900.0,v3_run3_tick69.txt,-75367.91986179011
2026-09-10T20:13:35.022,135,FLATTEN,CRZY_A,BUY,2662.0,12.39,2026-09-10 20:13:35.022,2662.0,-32982.18,v3_run3_tick69.txt,-75894.86986179012
2026-09-10T20:13:35.153,135,FLATTEN,CRZY_A,BUY,2662.0,12.39,2026-09-10 20:13:35.153,2662.0,-32982.18,v3_run3_tick69.txt,-75894.86986179012
2026-09-10T20:13:35.677,136,FLATTEN,CRZY_A,SELL,162.0,12.35,2026-09-10 20:13:35.677,-162.0,2000.7,v3_run3_tick69.txt,-75405.2298617901
2026-09-10T20:13:35.751,136,FLATTEN,CRZY_A,SELL,162.0,12.35,2026-09-10 20:13:35.751,-162.0,2000.7,v3_run3_tick69.txt,-75405.22986179011
2026-09-10T20:13:35.816,136,FLATTEN,CRZY_A,SELL,162.0,12.35,2026-09-10 20:13:35.816,-162.0,2000.7,v3_run3_tick69.txt,-75405.2298617901
2026-09-10T20:13:35.910,136,FLATTEN,CRZY_A,BUY,324.0,12.39,2026-09-10 20:13:35.910,324.0,-4014.36,v3_run3_tick69.txt,-75914.30986179013
2026-09-10T20:14:05.365,143,PAIR,CRZY_M,SELL,1000.0,12.61,2026-09-10 20:14:05.365,-1000.0,12610.0,v3_run3_tick69.txt,-78642.9698617901
2026-09-10T20:14:05.574,143,FLATTEN,CRZY_A,BUY,1000.0,12.58,2026-09-10 20:14:05.574,1000.0,-12580.0,v3_run3_tick69.txt,-78240.8798617901
2026-09-10T20:14:05.645,143,FLATTEN,CRZY_A,BUY,1000.0,12.58,2026-09-10 20:14:05.645,1000.0,-12580.0,v3_run3_tick69.txt,-78240.8798617901
2026-09-10T20:14:05.722,143,FLATTEN,CRZY_A,BUY,1000.0,12.58,2026-09-10 20:14:05.722,1000.0,-12580.0,v3_run3_tick69.txt,-78240.87986179012
2026-09-10T20:14:05.847,143,FLATTEN,CRZY_A,SELL,2000.0,12.55,2026-09-10 20:14:05.847,-2000.0,25100.0,v3_run3_tick69.txt,-77928.78986179014
2026-09-10T20:14:05.950,143,FLATTEN,CRZY_A,SELL,2000.0,12.55,2026-09-10 20:14:05.950,-2000.0,25100.0,v3_run3_tick69.txt,-77928.78986179014
2026-09-10T20:14:06.056,143,FLATTEN,CRZY_M,BUY,2000.0,12.58,2026-09-10 20:14:06.056,2000.0,-25160.0,v3_run3_tick69.txt,-78360.8798617901
2026-09-10T20:14:06.135,143,FLATTEN,CRZY_M,BUY,500.0,12.58,2026-09-10 20:14:06.135,500.0,-6290.0,v3_run3_tick69.txt,-78360.8798617901
2026-09-10T20:14:06.546,143,FLATTEN,CRZY_M,SELL,500.0,12.58,2026-09-10 20:14:06.546,-500.0,6290.0,v3_run3_tick69.txt,-78360.8798617901
2026-09-10T20:14:06.639,143,FLATTEN,CRZY_M,SELL,500.0,12.58,2026-09-10 20:14:06.639,-500.0,6290.0,v3_run3_tick69.txt,-78360.8798617901
2026-09-10T20:14:06.709,143,FLATTEN,CRZY_M,SELL,500.0,12.58,2026-09-10 20:14:06.709,-500.0,6290.0,v3_run3_tick69.txt,-78360.8798617901
2026-09-10T20:14:06.811,143,FLATTEN,CRZY_M,SELL,500.0,12.58,2026-09-10 20:14:06.811,-500.0,6290.0,v3_run3_tick69.txt,-78360.8798617901
2026-09-10T20:14:06.886,143,FLATTEN,CRZY_M,SELL,500.0,12.58,2026-09-10 20:14:06.886,-500.0,6290.0,v3_run3_tick69.txt,-78360.8798617901
2026-09-10T20:14:06.952,143,FLATTEN,CRZY_M,SELL,500.0,12.58,2026-09-10 20:14:06.952,-500.0,6290.0,v3_run3_tick69.txt,-78360.8798617901
2026-09-10T20:14:07.054,143,FLATTEN,CRZY_M,BUY,1000.0,12.61,2026-09-10 20:14:07.054,1000.0,-12610.0,v3_run3_tick69.txt,-78807.9698617901
2026-09-10T20:14:07.138,143,FLATTEN,CRZY_M,BUY,1000.0,12.61,2026-09-10 20:14:07.138,1000.0,-12610.0,v3_run3_tick69.txt,-78807.9698617901
2026-09-10T20:14:07.232,143,FLATTEN,CRZY_M,BUY,1000.0,12.61,2026-09-10 20:14:07.232,1000.0,-12610.0,v3_run3_tick69.txt,-78807.9698617901
2026-09-10T20:14:07.335,143,FLATTEN,CRZY_M,SELL,350.0,12.56,2026-09-10 20:14:07.335,-350.0,4396.0,v3_run3_tick69.txt,-78212.8198617901
2026-09-10T20:14:08.236,143,FLATTEN,CRZY_M,SELL,1300.0,12.55,2026-09-10 20:14:08.236,-1300.0,16315.000000000002,v3_run3_tick69.txt,-78090.28986179014
2026-09-10T20:14:08.322,143,FLATTEN,CRZY_A,BUY,350.0,12.56,2026-09-10 20:14:08.322,350.0,-4396.0,v3_run3_tick69.txt,-78225.8198617901
2026-09-10T20:14:08.397,143,FLATTEN,CRZY_A,BUY,350.0,12.56,2026-09-10 20:14:08.397,350.0,-4396.0,v3_run3_tick69.txt,-78225.8198617901
2026-09-10T20:14:08.467,143,FLATTEN,CRZY_A,BUY,350.0,12.56,2026-09-10 20:14:08.467,350.0,-4396.0,v3_run3_tick69.txt,-78225.8198617901
2026-09-10T20:14:08.529,143,FLATTEN,CRZY_A,BUY,350.0,12.56,2026-09-10 20:14:08.529,350.0,-4396.0,v3_run3_tick69.txt,-78225.8198617901
2026-09-10T20:14:08.625,143,FLATTEN,CRZY_A,BUY,250.0,12.56,2026-09-10 20:14:08.625,250.0,-3140.0,v3_run3_tick69.txt,-78225.8198617901
2026-09-10T20:14:08.974,143,FLATTEN,CRZY_A,BUY,350.0,12.58,2026-09-10 20:14:08.974,350.0,-4403.0,v3_run3_tick69.txt,-78463.8798617901
2026-09-10T20:14:09.042,143,FLATTEN,CRZY_A,BUY,350.0,12.58,2026-09-10 20:14:09.042,350.0,-4403.0,v3_run3_tick69.txt,-78463.8798617901
2026-09-10T20:14:09.129,143,FLATTEN,CRZY_A,SELL,250.0,12.56,2026-09-10 20:14:09.129,-250.0,3140.0,v3_run3_tick69.txt,-78239.8198617901
2026-09-10T20:14:09.474,143,FLATTEN,CRZY_M,SELL,350.0,12.55,2026-09-10 20:14:09.474,-350.0,4392.5,v3_run3_tick69.txt,-78125.28986179011
2026-09-10T20:14:09.538,143,FLATTEN,CRZY_M,SELL,350.0,12.55,2026-09-10 20:14:09.538,-350.0,4392.5,v3_run3_tick69.txt,-78125.28986179011
2026-09-10T20:14:09.644,143,FLATTEN,CRZY_A,BUY,600.0,12.59,2026-09-10 20:14:09.644,600.0,-7554.0,v3_run3_tick69.txt,-78611.4098617901
2026-09-10T20:14:18.574,147,FLATTEN,CRZY_M,SELL,600.0,12.63,2026-09-10 20:14:18.574,-600.0,7578.000000000001,v3_run3_tick69.txt,-79073.52986179013
2026-09-10T20:14:19.081,147,FLATTEN,CRZY_A,BUY,600.0,12.63,2026-09-10 20:14:19.081,600.0,-7578.000000000001,v3_run3_tick69.txt,-79073.52986179013
2026-09-10T20:14:19.155,147,FLATTEN,CRZY_A,BUY,600.0,12.63,2026-09-10 20:14:19.155,600.0,-7578.000000000001,v3_run3_tick69.txt,-79073.52986179013
2026-09-10T20:14:19.279,147,FLATTEN,CRZY_A,BUY,600.0,12.63,2026-09-10 20:14:19.279,600.0,-7578.000000000001,v3_run3_tick69.txt,-79073.52986179013
2026-09-10T20:14:19.376,147,FLATTEN,CRZY_M,SELL,1200.0,12.61,2026-09-10 20:14:19.376,-1200.0,15132.0,v3_run3_tick69.txt,-78866.4698617901
2026-09-10T20:14:19.446,147,FLATTEN,CRZY_M,SELL,1200.0,12.61,2026-09-10 20:14:19.446,-1200.0,15132.0,v3_run3_tick69.txt,-78866.4698617901
2026-09-10T20:14:19.554,147,FLATTEN,CRZY_M,SELL,1200.0,12.61,2026-09-10 20:14:19.554,-1200.0,15132.0,v3_run3_tick69.txt,-78866.4698617901
2026-09-10T20:14:20.190,147,FLATTEN,CRZY_A,BUY,1200.0,12.64,2026-09-10 20:14:20.190,1200.0,-15168.0,v3_run3_tick69.txt,-79285.05986179013
2026-09-10T20:14:21.893,147,FLATTEN,CRZY_M,SELL,1200.0,12.64,2026-09-10 20:14:21.893,-1200.0,15168.0,v3_run3_tick69.txt,-79285.05986179013
2026-09-10T20:14:21.964,147,FLATTEN,CRZY_M,SELL,150.0,12.64,2026-09-10 20:14:21.964,-150.0,1896.0,v3_run3_tick69.txt,-79285.05986179013
2026-09-10T20:14:22.365,147,FLATTEN,CRZY_M,BUY,1200.0,12.66,2026-09-10 20:14:22.365,1200.0,-15192.0,v3_run3_tick69.txt,-79567.11986179012
2026-09-10T20:14:22.440,147,FLATTEN,CRZY_M,BUY,1200.0,12.66,2026-09-10 20:14:22.440,1200.0,-15192.0,v3_run3_tick69.txt,-79567.11986179012
2026-09-10T20:14:22.508,147,FLATTEN,CRZY_M,BUY,1200.0,12.66,2026-09-10 20:14:22.508,1200.0,-15192.0,v3_run3_tick69.txt,-79567.11986179012
2026-09-10T20:14:22.641,147,FLATTEN,CRZY_M,BUY,1200.0,12.66,2026-09-10 20:14:22.641,1200.0,-15192.0,v3_run3_tick69.txt,-79567.11986179011
2026-09-10T20:14:22.724,147,FLATTEN,CRZY_A,SELL,2400.0,12.64,2026-09-10 20:14:22.724,-2400.0,30336.0,v3_run3_tick69.txt,-79381.05986179013
2026-09-10T20:14:22.829,147,FLATTEN,CRZY_A,SELL,100.0,12.64,2026-09-10 20:14:22.829,-100.0,1264.0,v3_run3_tick69.txt,-79381.05986179013
2026-09-10T20:14:22.936,147,FLATTEN,CRZY_M,SELL,1100.0,12.62,2026-09-10 20:14:22.936,-1100.0,13882.0,v3_run3_tick69.txt,-79144.9998617901
2026-09-10T20:14:23.006,147,FLATTEN,CRZY_M,SELL,579.0,12.62,2026-09-10 20:14:23.006,-579.0,7306.98,v3_run3_tick69.txt,-79144.99986179011
2026-09-10T20:14:23.410,147,FLATTEN,CRZY_M,BUY,521.0,12.62,2026-09-10 20:14:23.410,521.0,-6575.0199999999995,v3_run3_tick69.txt,-79144.9998617901
2026-09-10T20:14:24.028,147,FLATTEN,CRZY_M,BUY,58.0,12.66,2026-09-10 20:14:24.028,58.0,-734.28,v3_run3_tick69.txt,-79663.43986179013
2026-09-10T20:14:24.090,147,FLATTEN,CRZY_M,BUY,58.0,12.66,2026-09-10 20:14:24.090,58.0,-734.28,v3_run3_tick69.txt,-79663.43986179013
2026-09-10T20:14:24.472,147,FLATTEN,CRZY_M,SELL,116.0,12.63,2026-09-10 20:14:24.472,-116.0,1465.0800000000002,v3_run3_tick69.txt,-79278.08986179014
2026-09-10T20:14:24.547,147,FLATTEN,CRZY_M,SELL,116.0,12.63,2026-09-10 20:14:24.547,-116.0,1465.0800000000002,v3_run3_tick69.txt,-79278.08986179013
2026-09-10T20:14:24.618,147,FLATTEN,CRZY_M,SELL,116.0,12.63,2026-09-10 20:14:24.618,-116.0,1465.0800000000002,v3_run3_tick69.txt,-79278.08986179011
2026-09-10T20:14:24.739,147,FLATTEN,CRZY_M,BUY,58.0,12.65,2026-09-10 20:14:24.739,58.0,-733.7,v3_run3_tick69.txt,-79541.94986179011
2026-09-10T20:14:25.082,147,FLATTEN,CRZY_M,BUY,190.0,12.66,2026-09-10 20:14:25.082,190.0,-2405.4,v3_run3_tick69.txt,-79673.29986179012
2026-09-10T20:14:25.155,147,FLATTEN,CRZY_M,BUY,190.0,12.66,2026-09-10 20:14:25.155,190.0,-2405.4,v3_run3_tick69.txt,-79673.29986179009
2026-09-10T20:14:25.840,147,FLATTEN,CRZY_M,SELL,290.0,12.61,2026-09-10 20:14:25.840,-290.0,3656.8999999999996,v3_run3_tick69.txt,-79035.54986179009
2026-09-10T20:14:25.904,147,FLATTEN,CRZY_M,SELL,290.0,12.61,2026-09-10 20:14:25.904,-290.0,3656.8999999999996,v3_run3_tick69.txt,-79035.54986179012
2026-09-10T20:14:25.998,147,FLATTEN,CRZY_M,BUY,290.0,12.62,2026-09-10 20:14:25.998,290.0,-3659.7999999999997,v3_run3_tick69.txt,-79168.89986179011
2026-09-10T20:14:26.616,147,FLATTEN,CRZY_M,BUY,290.0,12.65,2026-09-10 20:14:26.616,290.0,-3668.5,v3_run3_tick69.txt,-79560.24986179011
2026-09-10T20:14:27.015,147,FLATTEN,CRZY_M,BUY,100.0,12.66,2026-09-10 20:14:27.015,100.0,-1266.0,v3_run3_tick69.txt,-79687.7998617901
2026-09-10T20:14:27.091,147,FLATTEN,CRZY_M,BUY,100.0,12.66,2026-09-10 20:14:27.091,100.0,-1266.0,v3_run3_tick69.txt,-79687.7998617901
2026-09-10T20:14:27.177,147,FLATTEN,CRZY_M,BUY,100.0,12.66,2026-09-10 20:14:27.177,100.0,-1266.0,v3_run3_tick69.txt,-79687.7998617901
2026-09-10T20:14:27.277,147,FLATTEN,CRZY_M,SELL,200.0,12.65,2026-09-10 20:14:27.277,-200.0,2530.0,v3_run3_tick69.txt,-79563.24986179011
2026-09-10T20:14:27.376,147,FLATTEN,CRZY_M,SELL,200.0,12.65,2026-09-10 20:14:27.376,-200.0,2530.0,v3_run3_tick69.txt,-79563.24986179011
2026-09-10T20:14:27.459,147,FLATTEN,CRZY_M,SELL,200.0,12.65,2026-09-10 20:14:27.459,-200.0,2530.0,v3_run3_tick69.txt,-79563.24986179011
2026-09-10T20:14:27.591,149,FLATTEN,CRZY_M,BUY,400.0,12.66,2026-09-10 20:14:27.591,400.0,-5064.0,v3_run3_tick69.txt,-79693.7998617901
2026-09-10T20:14:27.677,149,FLATTEN,CRZY_M,BUY,400.0,12.66,2026-09-10 20:14:27.677,400.0,-5064.0,v3_run3_tick69.txt,-79693.7998617901
2026-09-10T20:14:27.779,149,FLATTEN,CRZY_M,SELL,400.0,12.65,2026-09-10 20:14:27.779,-400.0,5060.0,v3_run3_tick69.txt,-79571.24986179011
2026-09-10T20:14:27.859,149,FLATTEN,CRZY_M,SELL,400.0,12.65,2026-09-10 20:14:27.859,-400.0,5060.0,v3_run3_tick69.txt,-79571.24986179011
2026-09-10T20:14:27.946,149,FLATTEN,CRZY_M,SELL,400.0,12.65,2026-09-10 20:14:27.946,-400.0,5060.0,v3_run3_tick69.txt,-79571.24986179011
2026-09-10T20:14:28.328,149,FLATTEN,CRZY_M,BUY,800.0,12.67,2026-09-10 20:14:28.328,800.0,-10136.0,v3_run3_tick69.txt,-79840.34986179012
2026-09-10T20:14:30.134,149,FLATTEN,CRZY_A,SELL,200.0,12.67,2026-09-10 20:14:30.134,-200.0,2534.0,v3_run3_tick69.txt,-79840.34986179012
2026-09-10T20:14:30.226,149,FLATTEN,CRZY_A,SELL,200.0,12.67,2026-09-10 20:14:30.226,-200.0,2534.0,v3_run3_tick69.txt,-79840.34986179012
2026-09-10T20:14:30.596,149,FLATTEN,CRZY_M,BUY,400.0,12.68,2026-09-10 20:14:30.596,400.0,-5072.0,v3_run3_tick69.txt,-79970.89986179011
2026-09-10T20:14:30.672,149,FLATTEN,CRZY_M,BUY,400.0,12.68,2026-09-10 20:14:30.672,400.0,-5072.0,v3_run3_tick69.txt,-79970.89986179011
2026-09-10T20:14:30.738,149,FLATTEN,CRZY_M,BUY,400.0,12.68,2026-09-10 20:14:30.738,400.0,-5072.0,v3_run3_tick69.txt,-79970.89986179011
2026-09-10T20:14:30.832,149,FLATTEN,CRZY_M,SELL,800.0,12.67,2026-09-10 20:14:30.832,-800.0,10136.0,v3_run3_tick69.txt,-79852.34986179012
2026-09-10T20:14:30.917,149,FLATTEN,CRZY_M,SELL,800.0,12.67,2026-09-10 20:14:30.917,-800.0,10136.0,v3_run3_tick69.txt,-79852.34986179012
2026-09-10T20:14:31.016,149,FLATTEN,CRZY_M,SELL,800.0,12.67,2026-09-10 20:14:31.016,-800.0,10136.0,v3_run3_tick69.txt,-79852.34986179012
2026-09-10T20:14:31.091,149,FLATTEN,CRZY_M,BUY,1600.0,12.68,2026-09-10 20:14:31.091,1600.0,-20288.0,v3_run3_tick69.txt,-79994.89986179011
2026-09-10T20:14:31.171,149,FLATTEN,CRZY_M,BUY,1600.0,12.68,2026-09-10 20:14:31.171,1600.0,-20288.0,v3_run3_tick69.txt,-79994.89986179011
2026-09-10T20:14:31.271,149,FLATTEN,CRZY_M,BUY,1600.0,12.68,2026-09-10 20:14:31.271,1600.0,-20288.0,v3_run3_tick69.txt,-79994.89986179011
2026-09-10T20:14:31.369,149,FLATTEN,CRZY_M,SELL,3200.0,12.67,2026-09-10 20:14:31.369,-3200.0,40544.0,v3_run3_tick69.txt,-79900.34986179012
2026-09-10T20:14:31.442,149,FLATTEN,CRZY_M,SELL,3200.0,12.67,2026-09-10 20:14:31.442,-3200.0,40544.0,v3_run3_tick69.txt,-79900.34986179012
2026-09-10T20:14:31.506,149,FLATTEN,CRZY_M,SELL,3200.0,12.67,2026-09-10 20:14:31.506,-3200.0,40544.0,v3_run3_tick69.txt,-79900.3498617901
2026-09-10T20:14:31.590,149,FLATTEN,CRZY_M,BUY,6400.0,12.68,2026-09-10 20:14:31.590,6400.0,-81152.0,v3_run3_tick69.txt,-80090.8998617901
2026-09-10T20:14:31.663,149,FLATTEN,CRZY_M,BUY,6400.0,12.68,2026-09-10 20:14:31.663,6400.0,-81152.0,v3_run3_tick69.txt,-80090.8998617901
2026-09-10T20:14:31.735,149,FLATTEN,CRZY_M,BUY,6400.0,12.68,2026-09-10 20:14:31.735,6400.0,-81152.0,v3_run3_tick69.txt,-80090.8998617901
2026-09-10T20:14:31.849,149,FLATTEN,CRZY_M,SELL,10000.0,12.67,2026-09-10 20:14:31.849,-10000.0,126700.0,v3_run3_tick69.txt,-80092.3498617901
2026-09-10T20:14:31.921,149,FLATTEN,CRZY_M,SELL,10000.0,12.67,2026-09-10 20:14:31.921,-10000.0,126700.0,v3_run3_tick69.txt,-80092.3498617901
2026-09-10T20:14:31.992,149,FLATTEN,CRZY_M,SELL,10000.0,12.67,2026-09-10 20:14:31.992,-10000.0,126700.0,v3_run3_tick69.txt,-80092.34986179008
2026-09-10T20:14:32.282,149,FLATTEN,CRZY_M,BUY,7710.0,12.68,2026-09-10 20:14:32.282,7710.0,-97762.8,v3_run3_tick69.txt,-80390.89986179007
2026-09-10T20:14:32.380,149,FLATTEN,CRZY_M,BUY,9490.0,12.71,2026-09-10 20:14:32.380,9490.0,-120617.90000000001,v3_run3_tick69.txt,-81055.24986179011
2026-09-10T20:14:32.452,149,FLATTEN,CRZY_M,BUY,9490.0,12.71,2026-09-10 20:14:32.452,9490.0,-120617.90000000001,v3_run3_tick69.txt,-81055.2498617901
2026-09-10T20:14:32.521,149,FLATTEN,CRZY_M,BUY,9490.0,12.71,2026-09-10 20:14:32.521,9490.0,-120617.90000000001,v3_run3_tick69.txt,-81055.2498617901
2026-09-10T20:14:32.836,149,FLATTEN,CRZY_M,SELL,10000.0,12.67,2026-09-10 20:14:32.836,-10000.0,126700.0,v3_run3_tick69.txt,-81308.2498617901
2026-09-10T20:14:32.936,149,FLATTEN,CRZY_M,SELL,8980.0,12.67,2026-09-10 20:14:32.936,-8980.0,113776.6,v3_run3_tick69.txt,-81308.2498617901
2026-09-10T20:14:33.008,149,FLATTEN,CRZY_M,SELL,8980.0,12.67,2026-09-10 20:14:33.008,-8980.0,113776.6,v3_run3_tick69.txt,-81308.2498617901
2026-09-10T20:14:33.106,149,FLATTEN,CRZY_M,SELL,4563.0,12.67,2026-09-10 20:14:33.106,-4563.0,57813.21,v3_run3_tick69.txt,-81308.24986179007
2026-09-10T20:14:33.462,149,FLATTEN,CRZY_M,BUY,10000.0,12.71,2026-09-10 20:14:33.462,10000.0,-127100.00000000001,v3_run3_tick69.txt,-82356.16986179013
2026-09-10T20:14:33.565,149,FLATTEN,CRZY_M,BUY,10000.0,12.71,2026-09-10 20:14:33.565,10000.0,-127100.00000000001,v3_run3_tick69.txt,-82356.16986179013
2026-09-10T20:14:33.656,149,FLATTEN,CRZY_M,SELL,4217.0,12.67,2026-09-10 20:14:33.656,-4217.0,53429.39,v3_run3_tick69.txt,-82108.24986179011
2026-09-10T20:14:34.010,149,FLATTEN,CRZY_A,SELL,2272.0,12.67,2026-09-10 20:14:34.010,-2272.0,28786.24,v3_run3_tick69.txt,-82108.24986179013
2026-09-10T20:14:34.399,149,FLATTEN,CRZY_M,SELL,368.0,12.66,2026-09-10 20:14:34.399,-368.0,4658.88,v3_run3_tick69.txt,-81981.3798617901
2026-09-10T20:14:34.496,151,FLATTEN,CRZY_M,SELL,368.0,12.7,2026-09-10 20:14:34.496,-368.0,4673.599999999999,v3_run3_tick69.txt,-82503.57986179009
2026-09-10T20:14:34.604,151,FLATTEN,CRZY_M,SELL,368.0,12.7,2026-09-10 20:14:34.604,-368.0,4673.599999999999,v3_run3_tick69.txt,-82503.57986179009
2026-09-10T20:14:34.714,151,FLATTEN,CRZY_M,BUY,736.0,12.71,2026-09-10 20:14:34.714,736.0,-9354.560000000001,v3_run3_tick69.txt,-82641.48986179012
2026-09-10T20:14:34.787,151,FLATTEN,CRZY_M,BUY,736.0,12.71,2026-09-10 20:14:34.787,736.0,-9354.560000000001,v3_run3_tick69.txt,-82641.48986179012
2026-09-10T20:14:34.856,151,FLATTEN,CRZY_M,BUY,736.0,12.71,2026-09-10 20:14:34.856,736.0,-9354.560000000001,v3_run3_tick69.txt,-82641.48986179012
2026-09-10T20:14:34.948,151,FLATTEN,CRZY_M,SELL,1472.0,12.7,2026-09-10 20:14:34.948,-1472.0,18694.399999999998,v3_run3_tick69.txt,-82525.6598617901
2026-09-10T20:14:35.028,151,FLATTEN,CRZY_M,SELL,1472.0,12.7,2026-09-10 20:14:35.028,-1472.0,18694.399999999998,v3_run3_tick69.txt,-82525.6598617901
2026-09-10T20:14:35.095,151,FLATTEN,CRZY_M,SELL,1472.0,12.7,2026-09-10 20:14:35.095,-1472.0,18694.399999999998,v3_run3_tick69.txt,-82525.6598617901
2026-09-10T20:14:35.198,151,FLATTEN,CRZY_M,BUY,2944.0,12.71,2026-09-10 20:14:35.198,2944.0,-37418.240000000005,v3_run3_tick69.txt,-82685.64986179014
2026-09-10T20:14:35.275,151,FLATTEN,CRZY_M,BUY,2944.0,12.71,2026-09-10 20:14:35.275,2944.0,-37418.240000000005,v3_run3_tick69.txt,-82685.64986179014
2026-09-10T20:14:35.357,151,FLATTEN,CRZY_M,BUY,2944.0,12.71,2026-09-10 20:14:35.357,2944.0,-37418.240000000005,v3_run3_tick69.txt,-82685.64986179014
2026-09-10T20:14:35.472,151,FLATTEN,CRZY_M,SELL,5888.0,12.7,2026-09-10 20:14:35.472,-5888.0,74777.59999999999,v3_run3_tick69.txt,-82613.97986179014
2026-09-10T20:14:35.543,151,FLATTEN,CRZY_M,SELL,5888.0,12.7,2026-09-10 20:14:35.543,-5888.0,74777.59999999999,v3_run3_tick69.txt,-82613.97986179014
2026-09-10T20:14:35.610,151,FLATTEN,CRZY_M,SELL,5888.0,12.7,2026-09-10 20:14:35.610,-5888.0,74777.59999999999,v3_run3_tick69.txt,-82613.97986179014
2026-09-10T20:14:35.708,151,FLATTEN,CRZY_M,BUY,1193.0,12.71,2026-09-10 20:14:35.708,1193.0,-15163.03,v3_run3_tick69.txt,-82862.28986179022
2026-09-10T20:14:36.054,151,FLATTEN,CRZY_A,BUY,10000.0,12.72,2026-09-10 20:14:36.054,10000.0,-127200.0,v3_run3_tick69.txt,-83098.6698617902
2026-09-10T20:14:36.135,151,FLATTEN,CRZY_A,BUY,4984.0,12.72,2026-09-10 20:14:36.135,4984.0,-63396.48,v3_run3_tick69.txt,-83098.6698617902
2026-09-10T20:14:36.232,151,FLATTEN,CRZY_M,SELL,2500.0,12.72,2026-09-10 20:14:36.232,-2500.0,31800.0,v3_run3_tick69.txt,-83098.6698617902
2026-09-10T20:14:36.572,151,FLATTEN,CRZY_A,BUY,599.0,12.73,2026-09-10 20:14:36.572,599.0,-7625.27,v3_run3_tick69.txt,-83210.20986179018
2026-09-10T20:14:36.647,151,FLATTEN,CRZY_A,BUY,599.0,12.73,2026-09-10 20:14:36.647,599.0,-7625.27,v3_run3_tick69.txt,-83210.2098617902
2026-09-10T20:14:36.740,151,FLATTEN,CRZY_A,SELL,2500.0,12.72,2026-09-10 20:14:36.740,-2500.0,31800.0,v3_run3_tick69.txt,-83110.6498617902
2026-09-10T20:14:37.091,151,FLATTEN,CRZY_M,SELL,1292.0,12.7,2026-09-10 20:14:37.091,-1292.0,16408.399999999998,v3_run3_tick69.txt,-82861.52986179017
2026-09-10T20:14:37.211,151,FLATTEN,CRZY_M,SELL,1292.0,12.7,2026-09-10 20:14:37.211,-1292.0,16408.399999999998,v3_run3_tick69.txt,-82861.5298617902
2026-09-10T20:14:37.785,151,FLATTEN,CRZY_A,BUY,1292.0,12.73,2026-09-10 20:14:37.785,1292.0,-16447.16,v3_run3_tick69.txt,-83312.72986179021
2026-09-10T20:14:39.040,152,FLATTEN,CRZY_M,SELL,568.0,12.7,2026-09-10 20:14:39.040,-568.0,7213.599999999999,v3_run3_tick69.txt,-82900.28986179018
2026-09-10T20:14:39.110,152,FLATTEN,CRZY_M,SELL,568.0,12.7,2026-09-10 20:14:39.110,-568.0,7213.599999999999,v3_run3_tick69.txt,-82900.28986179018
2026-09-10T20:14:39.185,152,FLATTEN,CRZY_M,SELL,568.0,12.7,2026-09-10 20:14:39.185,-568.0,7213.599999999999,v3_run3_tick69.txt,-82900.28986179018
2026-09-10T20:14:39.271,152,FLATTEN,CRZY_A,BUY,568.0,12.72,2026-09-10 20:14:39.271,568.0,-7224.96,v3_run3_tick69.txt,-83209.3298617902
2026-09-10T20:14:39.626,152,FLATTEN,CRZY_A,BUY,1136.0,12.73,2026-09-10 20:14:39.626,1136.0,-14461.28,v3_run3_tick69.txt,-83358.1698617902
2026-09-10T20:14:39.694,152,FLATTEN,CRZY_A,BUY,1136.0,12.73,2026-09-10 20:14:39.694,1136.0,-14461.28,v3_run3_tick69.txt,-83358.1698617902
2026-09-10T20:14:39.800,152,FLATTEN,CRZY_A,SELL,568.0,12.72,2026-09-10 20:14:39.800,-568.0,7224.96,v3_run3_tick69.txt,-83232.04986179019
2026-09-10T20:14:40.142,152,FLATTEN,CRZY_M,SELL,1136.0,12.7,2026-09-10 20:14:40.142,-1136.0,14427.199999999999,v3_run3_tick69.txt,-82968.44986179017
2026-09-10T20:14:40.209,152,FLATTEN,CRZY_M,SELL,1136.0,12.7,2026-09-10 20:14:40.209,-1136.0,14427.199999999999,v3_run3_tick69.txt,-82968.44986179018
2026-09-10T20:14:40.300,152,FLATTEN,CRZY_A,BUY,568.0,12.72,2026-09-10 20:14:40.300,568.0,-7224.96,v3_run3_tick69.txt,-83277.4898617902
2026-09-10T20:14:40.645,152,FLATTEN,CRZY_A,BUY,1136.0,12.73,2026-09-10 20:14:40.645,1136.0,-14461.28,v3_run3_tick69.txt,-83426.3298617902
2026-09-10T20:14:40.723,152,FLATTEN,CRZY_A,BUY,1136.0,12.73,2026-09-10 20:14:40.723,1136.0,-14461.28,v3_run3_tick69.txt,-83426.3298617902
2026-09-10T20:14:40.825,152,FLATTEN,CRZY_A,SELL,568.0,12.72,2026-09-10 20:14:40.825,-568.0,7224.96,v3_run3_tick69.txt,-83300.2098617902
2026-09-10T20:14:41.178,152,FLATTEN,CRZY_M,SELL,1136.0,12.7,2026-09-10 20:14:41.178,-1136.0,14427.199999999999,v3_run3_tick69.txt,-83036.60986179017
2026-09-10T20:14:41.243,152,FLATTEN,CRZY_M,SELL,1136.0,12.7,2026-09-10 20:14:41.243,-1136.0,14427.199999999999,v3_run3_tick69.txt,-83036.60986179019
2026-09-10T20:14:41.343,152,FLATTEN,CRZY_A,BUY,568.0,12.72,2026-09-10 20:14:41.343,568.0,-7224.96,v3_run3_tick69.txt,-83345.64986179021
2026-09-10T20:14:41.696,152,FLATTEN,CRZY_A,BUY,1136.0,12.73,2026-09-10 20:14:41.696,1136.0,-14461.28,v3_run3_tick69.txt,-83494.4898617902
2026-09-10T20:14:41.804,152,FLATTEN,CRZY_A,BUY,1136.0,12.73,2026-09-10 20:14:41.804,1136.0,-14461.28,v3_run3_tick69.txt,-83494.4898617902
2026-09-10T20:14:41.897,152,FLATTEN,CRZY_A,SELL,568.0,12.72,2026-09-10 20:14:41.897,-568.0,7224.96,v3_run3_tick69.txt,-83368.3698617902
2026-09-10T20:14:42.249,152,FLATTEN,CRZY_M,SELL,1136.0,12.7,2026-09-10 20:14:42.249,-1136.0,14427.199999999999,v3_run3_tick69.txt,-83104.76986179018
2026-09-10T20:14:42.673,153,PAIR,CRZY_M,SELL,1000.0,12.77,2026-09-10 20:14:42.673,-1000.0,12770.0,v3_run3_tick69.txt,-84106.8898617902
2026-09-10T20:14:42.884,153,FLATTEN,CRZY_M,BUY,250.0,12.76,2026-09-10 20:14:42.884,250.0,-3190.0,v3_run3_tick69.txt,-83953.7298617902
2026-09-10T20:14:43.238,153,FLATTEN,CRZY_M,BUY,650.0,12.77,2026-09-10 20:14:43.238,650.0,-8300.5,v3_run3_tick69.txt,-84104.3898617902
2026-09-10T20:14:43.349,153,FLATTEN,CRZY_M,SELL,50.0,12.76,2026-09-10 20:14:43.349,-50.0,638.0,v3_run3_tick69.txt,-83960.2298617902
2026-09-10T20:14:43.707,153,FLATTEN,CRZY_M,BUY,50.0,12.77,2026-09-10 20:14:43.707,50.0,-638.5,v3_run3_tick69.txt,-84104.8898617902
2026-09-10T20:14:43.780,153,FLATTEN,CRZY_M,BUY,50.0,12.77,2026-09-10 20:14:43.780,50.0,-638.5,v3_run3_tick69.txt,-84104.8898617902
2026-09-10T20:14:43.882,153,FLATTEN,CRZY_A,SELL,50.0,12.73,2026-09-10 20:14:43.882,-50.0,636.5,v3_run3_tick69.txt,-83530.24986179019
2026-09-10T20:14:43.957,153,FLATTEN,CRZY_A,SELL,50.0,12.73,2026-09-10 20:14:43.957,-50.0,636.5,v3_run3_tick69.txt,-83530.24986179019
2026-09-10T20:14:44.020,153,FLATTEN,CRZY_A,SELL,50.0,12.73,2026-09-10 20:14:44.020,-50.0,636.5,v3_run3_tick69.txt,-83530.24986179019
2026-09-10T20:14:44.100,153,FLATTEN,CRZY_M,BUY,100.0,12.77,2026-09-10 20:14:44.100,100.0,-1277.0,v3_run3_tick69.txt,-84110.8898617902
2026-09-10T20:14:44.169,153,FLATTEN,CRZY_M,BUY,100.0,12.77,2026-09-10 20:14:44.169,100.0,-1277.0,v3_run3_tick69.txt,-84110.8898617902
2026-09-10T20:14:44.261,153,FLATTEN,CRZY_M,BUY,100.0,12.77,2026-09-10 20:14:44.261,100.0,-1277.0,v3_run3_tick69.txt,-84110.8898617902
2026-09-10T20:14:44.351,153,FLATTEN,CRZY_A,SELL,200.0,12.73,2026-09-10 20:14:44.351,-200.0,2546.0,v3_run3_tick69.txt,-83542.24986179019
2026-09-10T20:14:44.426,153,FLATTEN,CRZY_A,SELL,200.0,12.73,2026-09-10 20:14:44.426,-200.0,2546.0,v3_run3_tick69.txt,-83542.24986179019
2026-09-10T20:14:44.513,153,FLATTEN,CRZY_A,SELL,200.0,12.73,2026-09-10 20:14:44.513,-200.0,2546.0,v3_run3_tick69.txt,-83542.24986179019
2026-09-10T20:14:44.620,153,FLATTEN,CRZY_M,BUY,400.0,12.77,2026-09-10 20:14:44.620,400.0,-5108.0,v3_run3_tick69.txt,-84134.8898617902
2026-09-10T20:14:44.693,153,FLATTEN,CRZY_M,BUY,400.0,12.77,2026-09-10 20:14:44.693,400.0,-5108.0,v3_run3_tick69.txt,-84134.8898617902
2026-09-10T20:14:44.779,153,FLATTEN,CRZY_M,BUY,400.0,12.77,2026-09-10 20:14:44.779,400.0,-5108.0,v3_run3_tick69.txt,-84134.8898617902
2026-09-10T20:14:44.885,153,FLATTEN,CRZY_A,SELL,800.0,12.73,2026-09-10 20:14:44.885,-800.0,10184.0,v3_run3_tick69.txt,-83590.24986179019
2026-09-10T20:14:44.961,153,FLATTEN,CRZY_A,SELL,800.0,12.73,2026-09-10 20:14:44.961,-800.0,10184.0,v3_run3_tick69.txt,-83590.24986179019
2026-09-10T20:14:45.032,153,FLATTEN,CRZY_A,SELL,800.0,12.73,2026-09-10 20:14:45.032,-800.0,10184.0,v3_run3_tick69.txt,-83590.24986179019
2026-09-10T20:14:45.130,153,FLATTEN,CRZY_M,BUY,1600.0,12.77,2026-09-10 20:14:45.130,1600.0,-20432.0,v3_run3_tick69.txt,-84230.8898617902
2026-09-10T20:14:45.204,153,FLATTEN,CRZY_M,BUY,1600.0,12.77,2026-09-10 20:14:45.204,1600.0,-20432.0,v3_run3_tick69.txt,-84230.8898617902
2026-09-10T20:14:45.274,153,FLATTEN,CRZY_M,BUY,1600.0,12.77,2026-09-10 20:14:45.274,1600.0,-20432.0,v3_run3_tick69.txt,-84230.8898617902
2026-09-10T20:14:45.384,153,FLATTEN,CRZY_M,BUY,1600.0,12.77,2026-09-10 20:14:45.384,1600.0,-20432.0,v3_run3_tick69.txt,-84230.88986179019
2026-09-10T20:14:45.457,153,FLATTEN,CRZY_A,SELL,3200.0,12.73,2026-09-10 20:14:45.457,-3200.0,40736.0,v3_run3_tick69.txt,-83846.24986179019
2026-09-10T20:14:45.529,153,FLATTEN,CRZY_A,SELL,3200.0,12.73,2026-09-10 20:14:45.529,-3200.0,40736.0,v3_run3_tick69.txt,-83846.24986179019
2026-09-10T20:14:45.629,153,FLATTEN,CRZY_A,SELL,3200.0,12.73,2026-09-10 20:14:45.629,-3200.0,40736.0,v3_run3_tick69.txt,-83846.24986179022
2026-09-10T20:14:45.702,153,FLATTEN,CRZY_M,BUY,1600.0,12.77,2026-09-10 20:14:45.702,1600.0,-20432.0,v3_run3_tick69.txt,-84614.8898617902
2026-09-10T20:14:45.775,153,FLATTEN,CRZY_M,BUY,1600.0,12.77,2026-09-10 20:14:45.775,1600.0,-20432.0,v3_run3_tick69.txt,-84614.8898617902
2026-09-10T20:14:45.880,153,FLATTEN,CRZY_M,BUY,1600.0,12.77,2026-09-10 20:14:45.880,1600.0,-20432.0,v3_run3_tick69.txt,-84614.8898617902
2026-09-10T20:14:51.330,155,PAIR,CRZY_M,BUY,1000.0,12.79,2026-09-10 20:14:51.330,1000.0,-12790.0,v3_run3_tick69.txt,-84903.20986179018
2026-09-10T20:14:51.639,155,FLATTEN,CRZY_M,SELL,350.0,12.8,2026-09-10 20:14:51.639,-350.0,4480.0,v3_run3_tick69.txt,-85037.36986179021
2026-09-10T20:14:52.096,155,FLATTEN,CRZY_M,SELL,300.0,12.85,2026-09-10 20:14:52.096,-300.0,3855.0,v3_run3_tick69.txt,-85725.6698617902
2026-09-10T20:14:52.175,155,FLATTEN,CRZY_M,SELL,300.0,12.85,2026-09-10 20:14:52.175,-300.0,3855.0,v3_run3_tick69.txt,-85725.6698617902
2026-09-10T20:14:52.249,155,FLATTEN,CRZY_M,SELL,300.0,12.85,2026-09-10 20:14:52.249,-300.0,3855.0,v3_run3_tick69.txt,-85725.6698617902
2026-09-10T20:14:52.373,155,FLATTEN,CRZY_A,BUY,600.0,12.84,2026-09-10 20:14:52.373,600.0,-7704.0,v3_run3_tick69.txt,-85579.0098617902
2026-09-10T20:14:52.499,155,FLATTEN,CRZY_A,BUY,600.0,12.84,2026-09-10 20:14:52.499,600.0,-7704.0,v3_run3_tick69.txt,-85579.0098617902
2026-09-10T20:14:52.582,155,FLATTEN,CRZY_A,SELL,600.0,12.83,2026-09-10 20:14:52.582,-600.0,7698.0,v3_run3_tick69.txt,-85444.3498617902
2026-09-10T20:14:52.661,155,FLATTEN,CRZY_A,SELL,600.0,12.83,2026-09-10 20:14:52.661,-600.0,7698.0,v3_run3_tick69.txt,-85444.3498617902
2026-09-10T20:14:52.724,155,FLATTEN,CRZY_A,SELL,600.0,12.84,2026-09-10 20:14:52.724,-600.0,7704.0,v3_run3_tick69.txt,-85591.0098617902
2026-09-10T20:14:52.836,155,FLATTEN,CRZY_M,BUY,1200.0,12.85,2026-09-10 20:14:52.836,1200.0,-15420.0,v3_run3_tick69.txt,-85743.6698617902
2026-09-10T20:14:52.920,155,FLATTEN,CRZY_M,BUY,1200.0,12.85,2026-09-10 20:14:52.920,1200.0,-15420.0,v3_run3_tick69.txt,-85743.6698617902
2026-09-10T20:14:53.009,155,FLATTEN,CRZY_M,BUY,1200.0,12.85,2026-09-10 20:14:53.009,1200.0,-15420.0,v3_run3_tick69.txt,-85743.6698617902
2026-09-10T20:14:53.101,155,FLATTEN,CRZY_A,SELL,83.0,12.83,2026-09-10 20:14:53.101,-83.0,1064.89,v3_run3_tick69.txt,-85510.34986179021
2026-09-10T20:14:53.730,155,FLATTEN,CRZY_A,BUY,166.0,12.86,2026-09-10 20:14:53.730,166.0,-2134.7599999999998,v3_run3_tick69.txt,-85862.8198617902
2026-09-10T20:14:54.109,155,FLATTEN,CRZY_M,SELL,166.0,12.86,2026-09-10 20:14:54.109,-166.0,2134.7599999999998,v3_run3_tick69.txt,-85862.81986179018
2026-09-10T20:14:54.185,155,FLATTEN,CRZY_M,SELL,166.0,12.86,2026-09-10 20:14:54.185,-166.0,2134.7599999999998,v3_run3_tick69.txt,-85862.8198617902
2026-09-10T20:14:54.257,155,FLATTEN,CRZY_M,SELL,166.0,12.86,2026-09-10 20:14:54.257,-166.0,2134.7599999999998,v3_run3_tick69.txt,-85862.81986179021
2026-09-10T20:14:54.344,155,FLATTEN,CRZY_A,BUY,332.0,12.86,2026-09-10 20:14:54.344,332.0,-4269.5199999999995,v3_run3_tick69.txt,-85862.8198617902
2026-09-10T20:14:54.420,155,FLATTEN,CRZY_A,BUY,332.0,12.86,2026-09-10 20:14:54.420,332.0,-4269.5199999999995,v3_run3_tick69.txt,-85862.8198617902
2026-09-10T20:14:54.498,155,FLATTEN,CRZY_A,BUY,332.0,12.86,2026-09-10 20:14:54.498,332.0,-4269.5199999999995,v3_run3_tick69.txt,-85862.8198617902
2026-09-10T20:14:54.599,155,FLATTEN,CRZY_M,SELL,664.0,12.86,2026-09-10 20:14:54.599,-664.0,8539.039999999999,v3_run3_tick69.txt,-85862.81986179018
2026-09-10T20:14:54.676,155,FLATTEN,CRZY_M,SELL,664.0,12.86,2026-09-10 20:14:54.676,-664.0,8539.039999999999,v3_run3_tick69.txt,-85862.8198617902
2026-09-10T20:14:54.738,155,FLATTEN,CRZY_M,SELL,664.0,12.86,2026-09-10 20:14:54.738,-664.0,8539.039999999999,v3_run3_tick69.txt,-85862.81986179021
2026-09-10T20:14:54.846,155,FLATTEN,CRZY_A,BUY,1328.0,12.86,2026-09-10 20:14:54.846,1328.0,-17078.079999999998,v3_run3_tick69.txt,-85862.8198617902
2026-09-10T20:14:54.920,155,FLATTEN,CRZY_A,BUY,1328.0,12.86,2026-09-10 20:14:54.920,1328.0,-17078.079999999998,v3_run3_tick69.txt,-85862.81986179021
2026-09-10T20:14:54.990,155,FLATTEN,CRZY_A,BUY,1328.0,12.86,2026-09-10 20:14:54.990,1328.0,-17078.079999999998,v3_run3_tick69.txt,-85862.81986179021
2026-09-10T20:14:55.092,155,FLATTEN,CRZY_M,SELL,2656.0,12.86,2026-09-10 20:14:55.092,-2656.0,34156.159999999996,v3_run3_tick69.txt,-85862.8198617902
2026-09-10T20:14:55.165,155,FLATTEN,CRZY_M,SELL,2656.0,12.86,2026-09-10 20:14:55.165,-2656.0,34156.159999999996,v3_run3_tick69.txt,-85862.8198617902
2026-09-10T20:14:55.234,155,FLATTEN,CRZY_M,SELL,2656.0,12.86,2026-09-10 20:14:55.234,-2656.0,34156.159999999996,v3_run3_tick69.txt,-85862.8198617902
2026-09-10T20:14:55.341,155,FLATTEN,CRZY_A,BUY,5312.0,12.86,2026-09-10 20:14:55.341,5312.0,-68312.31999999999,v3_run3_tick69.txt,-85862.81986179018
2026-09-10T20:14:55.421,155,FLATTEN,CRZY_A,BUY,5312.0,12.86,2026-09-10 20:14:55.421,5312.0,-68312.31999999999,v3_run3_tick69.txt,-85862.81986179018
2026-09-10T20:14:55.494,155,FLATTEN,CRZY_A,BUY,5312.0,12.86,2026-09-10 20:14:55.494,5312.0,-68312.31999999999,v3_run3_tick69.txt,-85862.81986179018
2026-09-10T20:14:55.591,155,FLATTEN,CRZY_M,SELL,10000.0,12.86,2026-09-10 20:14:55.591,-10000.0,128600.0,v3_run3_tick69.txt,-85862.81986179018
2026-09-10T20:14:55.665,155,FLATTEN,CRZY_M,SELL,10000.0,12.86,2026-09-10 20:14:55.665,-10000.0,128600.0,v3_run3_tick69.txt,-85862.81986179017
2026-09-10T20:14:55.738,155,FLATTEN,CRZY_M,SELL,10000.0,12.86,2026-09-10 20:14:55.738,-10000.0,128600.0,v3_run3_tick69.txt,-85862.81986179017
2026-09-10T20:14:55.847,155,FLATTEN,CRZY_A,BUY,10000.0,12.86,2026-09-10 20:14:55.847,10000.0,-128600.0,v3_run3_tick69.txt,-85862.81986179017
2026-09-10T20:14:55.921,155,FLATTEN,CRZY_A,BUY,10000.0,12.86,2026-09-10 20:14:55.921,10000.0,-128600.0,v3_run3_tick69.txt,-85862.81986179017
2026-09-10T20:14:55.998,155,FLATTEN,CRZY_A,BUY,10000.0,12.86,2026-09-10 20:14:55.998,10000.0,-128600.0,v3_run3_tick69.txt,-85862.81986179017
2026-09-10T20:14:56.108,155,FLATTEN,CRZY_M,SELL,10000.0,12.86,2026-09-10 20:14:56.108,-10000.0,128600.0,v3_run3_tick69.txt,-85862.81986179017
2026-09-10T20:14:56.193,155,FLATTEN,CRZY_M,SELL,10000.0,12.86,2026-09-10 20:14:56.193,-10000.0,128600.0,v3_run3_tick69.txt,-85862.81986179017
2026-09-10T20:14:56.268,155,FLATTEN,CRZY_M,SELL,10000.0,12.86,2026-09-10 20:14:56.268,-10000.0,128600.0,v3_run3_tick69.txt,-85862.81986179017
2026-09-10T20:14:56.355,155,FLATTEN,CRZY_A,BUY,10000.0,12.86,2026-09-10 20:14:56.355,10000.0,-128600.0,v3_run3_tick69.txt,-85862.81986179017
2026-09-10T20:14:56.429,155,FLATTEN,CRZY_A,BUY,10000.0,12.86,2026-09-10 20:14:56.429,10000.0,-128600.0,v3_run3_tick69.txt,-85862.81986179017
2026-09-10T20:14:56.496,155,FLATTEN,CRZY_A,BUY,10000.0,12.86,2026-09-10 20:14:56.496,10000.0,-128600.0,v3_run3_tick69.txt,-85862.81986179017
2026-09-10T20:14:56.592,155,FLATTEN,CRZY_M,SELL,7208.0,12.86,2026-09-10 20:14:56.592,-7208.0,92694.87999999999,v3_run3_tick69.txt,-85862.81986179017
2026-09-10T20:14:56.954,155,FLATTEN,CRZY_A,SELL,2500.0,12.85,2026-09-10 20:14:56.954,-2500.0,32125.0,v3_run3_tick69.txt,-85779.48986179016
2026-09-10T20:14:57.346,155,FLATTEN,CRZY_A,SELL,916.0,12.84,2026-09-10 20:14:57.346,-916.0,11761.44,v3_run3_tick69.txt,-85671.15986179018
2026-09-10T20:14:57.419,155,FLATTEN,CRZY_A,SELL,916.0,12.84,2026-09-10 20:14:57.419,-916.0,11761.44,v3_run3_tick69.txt,-85671.15986179018
2026-09-10T20:14:57.778,155,FLATTEN,CRZY_A,BUY,916.0,12.84,2026-09-10 20:14:57.778,916.0,-11761.44,v3_run3_tick69.txt,-85671.15986179018
2026-09-10T20:14:57.892,155,FLATTEN,CRZY_A,BUY,8124.0,12.86,2026-09-10 20:14:57.892,8124.0,-104474.64,v3_run3_tick69.txt,-85906.13986179017
2026-09-10T20:14:57.968,155,FLATTEN,CRZY_A,BUY,8124.0,12.86,2026-09-10 20:14:57.968,8124.0,-104474.64,v3_run3_tick69.txt,-85906.13986179019
2026-09-10T20:14:58.056,157,FLATTEN,CRZY_A,BUY,8124.0,12.86,2026-09-10 20:14:58.056,8124.0,-104474.64,v3_run3_tick69.txt,-85906.1398617902
2026-09-10T20:14:58.150,157,FLATTEN,CRZY_M,SELL,10000.0,12.83,2026-09-10 20:14:58.150,-10000.0,128300.0,v3_run3_tick69.txt,-86284.8298617902
2026-09-10T20:14:58.229,157,FLATTEN,CRZY_M,SELL,10000.0,12.83,2026-09-10 20:14:58.229,-10000.0,128300.0,v3_run3_tick69.txt,-86284.8298617902
2026-09-10T20:14:58.299,157,FLATTEN,CRZY_M,SELL,10000.0,12.83,2026-09-10 20:14:58.299,-10000.0,128300.0,v3_run3_tick69.txt,-86284.8298617902
2026-09-10T20:14:58.419,157,FLATTEN,CRZY_A,BUY,10000.0,12.86,2026-09-10 20:14:58.419,10000.0,-128600.0,v3_run3_tick69.txt,-86806.1398617902
2026-09-10T20:14:58.495,157,FLATTEN,CRZY_A,BUY,10000.0,12.86,2026-09-10 20:14:58.495,10000.0,-128600.0,v3_run3_tick69.txt,-86806.1398617902
2026-09-10T20:14:58.557,157,FLATTEN,CRZY_A,BUY,10000.0,12.86,2026-09-10 20:14:58.557,10000.0,-128600.0,v3_run3_tick69.txt,-86806.1398617902
2026-09-10T20:14:58.641,157,FLATTEN,CRZY_M,SELL,10000.0,12.83,2026-09-10 20:14:58.641,-10000.0,128300.0,v3_run3_tick69.txt,-87184.8298617902
2026-09-10T20:14:58.717,157,FLATTEN,CRZY_M,SELL,10000.0,12.83,2026-09-10 20:14:58.717,-10000.0,128300.0,v3_run3_tick69.txt,-87184.8298617902
2026-09-10T20:14:58.807,157,FLATTEN,CRZY_M,SELL,10000.0,12.83,2026-09-10 20:14:58.807,-10000.0,128300.0,v3_run3_tick69.txt,-87184.8298617902
2026-09-10T20:14:58.911,157,FLATTEN,CRZY_A,BUY,10000.0,12.86,2026-09-10 20:14:58.911,10000.0,-128600.0,v3_run3_tick69.txt,-87706.1398617902
2026-09-10T20:14:58.985,157,FLATTEN,CRZY_A,BUY,10000.0,12.86,2026-09-10 20:14:58.985,10000.0,-128600.0,v3_run3_tick69.txt,-87706.1398617902
2026-09-10T20:14:59.058,157,FLATTEN,CRZY_A,BUY,10000.0,12.86,2026-09-10 20:14:59.058,10000.0,-128600.0,v3_run3_tick69.txt,-87706.1398617902
2026-09-10T20:14:59.147,157,FLATTEN,CRZY_M,SELL,10000.0,12.83,2026-09-10 20:14:59.147,-10000.0,128300.0,v3_run3_tick69.txt,-88084.8298617902
2026-09-10T20:14:59.219,157,FLATTEN,CRZY_M,SELL,4700.0,12.83,2026-09-10 20:14:59.219,-4700.0,60301.0,v3_run3_tick69.txt,-88084.8298617902
2026-09-10T20:14:59.593,157,FLATTEN,CRZY_M,SELL,548.0,12.82,2026-09-10 20:14:59.593,-548.0,7025.360000000001,v3_run3_tick69.txt,-88064.0598617902
2026-09-10T20:14:59.695,157,FLATTEN,CRZY_M,BUY,1452.0,12.83,2026-09-10 20:14:59.695,1452.0,-18629.16,v3_run3_tick69.txt,-88090.3098617902
2026-09-10T20:14:59.772,157,FLATTEN,CRZY_M,BUY,1452.0,12.83,2026-09-10 20:14:59.772,1452.0,-18629.16,v3_run3_tick69.txt,-88090.3098617902
2026-09-10T20:14:59.846,157,FLATTEN,CRZY_M,BUY,1452.0,12.83,2026-09-10 20:14:59.846,1452.0,-18629.16,v3_run3_tick69.txt,-88090.30986179021
2026-09-10T20:15:00.212,157,FLATTEN,CRZY_A,BUY,600.0,12.85,2026-09-10 20:15:00.212,600.0,-7710.0,v3_run3_tick69.txt,-88055.68986179022
2026-09-10T20:15:00.831,157,FLATTEN,CRZY_A,BUY,9344.0,12.86,2026-09-10 20:15:00.831,9344.0,-120163.84,v3_run3_tick69.txt,-88032.37986179022
2026-09-10T20:15:02.527,158,FLATTEN,CRZY_A,SELL,200.0,12.86,2026-09-10 20:15:02.527,-200.0,2572.0,v3_run3_tick69.txt,-88032.37986179022
2026-09-10T20:15:02.602,158,FLATTEN,CRZY_A,SELL,200.0,12.86,2026-09-10 20:15:02.602,-200.0,2572.0,v3_run3_tick69.txt,-88032.37986179022
2026-09-10T20:15:02.673,158,FLATTEN,CRZY_A,SELL,200.0,12.86,2026-09-10 20:15:02.673,-200.0,2572.0,v3_run3_tick69.txt,-88032.37986179022
2026-09-10T20:15:02.759,158,FLATTEN,CRZY_M,BUY,200.0,12.86,2026-09-10 20:15:02.759,200.0,-2572.0,v3_run3_tick69.txt,-88032.37986179022
2026-09-10T20:15:03.109,158,FLATTEN,CRZY_M,BUY,400.0,12.87,2026-09-10 20:15:03.109,400.0,-5148.0,v3_run3_tick69.txt,-87919.62986179022
2026-09-10T20:15:03.177,158,FLATTEN,CRZY_M,BUY,400.0,12.87,2026-09-10 20:15:03.177,400.0,-5148.0,v3_run3_tick69.txt,-87919.62986179022
2026-09-10T20:15:03.266,158,FLATTEN,CRZY_M,SELL,200.0,12.86,2026-09-10 20:15:03.266,-200.0,2572.0,v3_run3_tick69.txt,-88040.37986179022
2026-09-10T20:15:03.338,158,FLATTEN,CRZY_M,SELL,200.0,12.86,2026-09-10 20:15:03.338,-200.0,2572.0,v3_run3_tick69.txt,-88040.37986179022
2026-09-10T20:15:03.410,158,FLATTEN,CRZY_M,SELL,200.0,12.86,2026-09-10 20:15:03.410,-200.0,2572.0,v3_run3_tick69.txt,-88040.37986179022
2026-09-10T20:15:19.482,162,PAIR,CRZY_M,SELL,1000.0,12.98,2026-09-10 20:15:19.482,-1000.0,12980.0,v3_run3_tick69.txt,-86663.37986179022
2026-09-10T20:15:19.740,162,FLATTEN,CRZY_A,BUY,1000.0,12.95,2026-09-10 20:15:19.740,1000.0,-12950.0,v3_run3_tick69.txt,-86977.62986179022
2026-09-10T20:15:19.811,162,FLATTEN,CRZY_A,BUY,1000.0,12.95,2026-09-10 20:15:19.811,1000.0,-12950.0,v3_run3_tick69.txt,-86977.62986179022
2026-09-10T20:15:19.887,162,FLATTEN,CRZY_A,BUY,1000.0,12.95,2026-09-10 20:15:19.887,1000.0,-12950.0,v3_run3_tick69.txt,-86977.62986179022
2026-09-10T20:15:19.970,162,FLATTEN,CRZY_A,SELL,2000.0,12.93,2026-09-10 20:15:19.970,-2000.0,25860.0,v3_run3_tick69.txt,-87247.12986179022
2026-09-10T20:15:20.044,162,FLATTEN,CRZY_A,SELL,2000.0,12.93,2026-09-10 20:15:20.044,-2000.0,25860.0,v3_run3_tick69.txt,-87247.12986179022
2026-09-10T20:15:20.122,162,FLATTEN,CRZY_A,SELL,2000.0,12.93,2026-09-10 20:15:20.122,-2000.0,25860.0,v3_run3_tick69.txt,-87247.12986179022
2026-09-10T20:15:20.221,162,FLATTEN,CRZY_A,BUY,4000.0,12.95,2026-09-10 20:15:20.221,4000.0,-51800.0,v3_run3_tick69.txt,-87097.62986179022
2026-09-10T20:15:20.300,162,FLATTEN,CRZY_A,BUY,4000.0,12.95,2026-09-10 20:15:20.300,4000.0,-51800.0,v3_run3_tick69.txt,-87097.62986179022
2026-09-10T20:15:20.365,162,FLATTEN,CRZY_A,BUY,4000.0,12.95,2026-09-10 20:15:20.365,4000.0,-51800.0,v3_run3_tick69.txt,-87097.62986179022
2026-09-10T20:15:20.457,162,FLATTEN,CRZY_A,SELL,8000.0,12.93,2026-09-10 20:15:20.457,-8000.0,103440.0,v3_run3_tick69.txt,-87487.12986179022
2026-09-10T20:15:20.539,162,FLATTEN,CRZY_A,SELL,8000.0,12.93,2026-09-10 20:15:20.539,-8000.0,103440.0,v3_run3_tick69.txt,-87487.12986179022
2026-09-10T20:15:20.624,162,FLATTEN,CRZY_A,SELL,8000.0,12.93,2026-09-10 20:15:20.624,-8000.0,103440.0,v3_run3_tick69.txt,-87487.12986179022
2026-09-10T20:15:20.721,162,FLATTEN,CRZY_A,BUY,5512.0,12.95,2026-09-10 20:15:20.721,5512.0,-71380.4,v3_run3_tick69.txt,-87577.62986179022
2026-09-10T20:15:21.072,162,FLATTEN,CRZY_M,BUY,2064.0,12.98,2026-09-10 20:15:21.072,2064.0,-26790.72,v3_run3_tick69.txt,-87548.0198617902
2026-09-10T20:15:21.457,162,FLATTEN,CRZY_M,BUY,7689.0,12.99,2026-09-10 20:15:21.457,7689.0,-99880.11,v3_run3_tick69.txt,-87517.5098617902
2026-09-10T20:15:21.552,162,FLATTEN,CRZY_M,BUY,7689.0,12.99,2026-09-10 20:15:21.552,7689.0,-99880.11,v3_run3_tick69.txt,-87517.5098617902
2026-09-10T20:15:21.632,162,FLATTEN,CRZY_M,BUY,7689.0,12.99,2026-09-10 20:15:21.632,7689.0,-99880.11,v3_run3_tick69.txt,-87517.50986179017
2026-09-10T20:15:21.734,162,FLATTEN,CRZY_A,SELL,2500.0,12.96,2026-09-10 20:15:21.734,-2500.0,32400.000000000004,v3_run3_tick69.txt,-88301.04986179015
2026-09-10T20:15:22.088,162,FLATTEN,CRZY_M,SELL,1500.0,12.95,2026-09-10 20:15:22.088,-1500.0,19425.0,v3_run3_tick69.txt,-88537.2298617902
2026-09-10T20:15:22.479,162,FLATTEN,CRZY_A,SELL,5312.0,12.95,2026-09-10 20:15:22.479,-5312.0,68790.4,v3_run3_tick69.txt,-88537.22986179017
2026-09-10T20:15:22.846,162,FLATTEN,CRZY_A,SELL,600.0,12.94,2026-09-10 20:15:22.846,-600.0,7764.0,v3_run3_tick69.txt,-88705.28986179017
2026-09-10T20:15:23.221,162,FLATTEN,CRZY_A,SELL,5976.0,12.93,2026-09-10 20:15:23.221,-5976.0,77269.68,v3_run3_tick69.txt,-88867.34986179016
2026-09-10T20:15:23.320,162,FLATTEN,CRZY_A,SELL,4802.0,12.92,2026-09-10 20:15:23.320,-4802.0,62041.84,v3_run3_tick69.txt,-88969.64986179017
2026-09-10T20:15:23.392,162,FLATTEN,CRZY_A,SELL,4802.0,12.92,2026-09-10 20:15:23.392,-4802.0,62041.84,v3_run3_tick69.txt,-88969.64986179017
2026-09-10T20:15:23.464,162,FLATTEN,CRZY_A,SELL,4802.0,12.92,2026-09-10 20:15:23.464,-4802.0,62041.84,v3_run3_tick69.txt,-88969.64986179017
2026-09-10T20:15:23.564,162,FLATTEN,CRZY_M,BUY,1000.0,12.95,2026-09-10 20:15:23.564,1000.0,-12950.0,v3_run3_tick69.txt,-89094.92986179017
2026-09-10T20:15:23.637,162,FLATTEN,CRZY_M,BUY,1000.0,12.95,2026-09-10 20:15:23.637,1000.0,-12950.0,v3_run3_tick69.txt,-89094.92986179017
2026-09-10T20:15:23.707,162,FLATTEN,CRZY_M,BUY,1000.0,12.95,2026-09-10 20:15:23.707,1000.0,-12950.0,v3_run3_tick69.txt,-89094.92986179017
2026-09-10T20:15:23.800,162,FLATTEN,CRZY_M,BUY,500.0,12.95,2026-09-10 20:15:23.800,500.0,-6475.0,v3_run3_tick69.txt,-89094.92986179017
2026-09-10T20:15:24.146,162,FLATTEN,CRZY_A,BUY,7104.0,12.95,2026-09-10 20:15:24.146,7104.0,-91996.79999999999,v3_run3_tick69.txt,-89094.92986179017
2026-09-10T20:15:24.238,162,FLATTEN,CRZY_A,BUY,4976.0,12.95,2026-09-10 20:15:24.238,4976.0,-64439.2,v3_run3_tick69.txt,-89094.92986179015
2026-09-10T20:15:24.328,162,FLATTEN,CRZY_M,BUY,400.0,12.96,2026-09-10 20:15:24.328,400.0,-5184.0,v3_run3_tick69.txt,-88980.88986179014
2026-09-10T20:15:24.962,163,FLATTEN,CRZY_M,BUY,2605.0,12.98,2026-09-10 20:15:24.962,2605.0,-33812.9,v3_run3_tick69.txt,-88744.80986179016
2026-09-10T20:15:25.080,163,FLATTEN,CRZY_M,BUY,2500.0,12.98,2026-09-10 20:15:25.080,2500.0,-32450.0,v3_run3_tick69.txt,-88744.80986179016
2026-09-10T20:15:25.429,163,FLATTEN,CRZY_A,SELL,1601.0,12.96,2026-09-10 20:15:25.429,-1601.0,20748.960000000003,v3_run3_tick69.txt,-89082.98986179012
2026-09-10T20:15:25.514,163,FLATTEN,CRZY_A,SELL,1299.0,12.96,2026-09-10 20:15:25.514,-1299.0,16835.04,v3_run3_tick69.txt,-89082.98986179015
2026-09-10T20:15:25.604,163,FLATTEN,CRZY_M,SELL,1500.0,12.93,2026-09-10 20:15:25.604,-1500.0,19395.0,v3_run3_tick69.txt,-89503.25986179017
2026-09-10T20:15:25.677,163,FLATTEN,CRZY_M,SELL,1500.0,12.94,2026-09-10 20:15:25.677,-1500.0,19410.0,v3_run3_tick69.txt,-89378.16986179017
2026-09-10T20:15:25.749,163,FLATTEN,CRZY_M,SELL,1500.0,12.94,2026-09-10 20:15:25.749,-1500.0,19410.0,v3_run3_tick69.txt,-89378.16986179017
2026-09-10T20:15:25.871,163,FLATTEN,CRZY_A,BUY,2500.0,12.98,2026-09-10 20:15:25.871,2500.0,-32450.0,v3_run3_tick69.txt,-88997.80986179016
2026-09-10T20:15:26.001,163,FLATTEN,CRZY_M,BUY,399.0,12.99,2026-09-10 20:15:26.001,399.0,-5183.01,v3_run3_tick69.txt,-88877.71986179016
2026-09-10T20:15:31.546,165,PAIR,CRZY_M,SELL,1000.0,13.08,2026-09-10 20:15:31.546,-1000.0,13080.0,v3_run3_tick69.txt,-87760.99986179016
2026-09-10T20:15:31.546,165,PAIR2,CRZY_A,BUY,1000.0,13.02,2026-09-10 20:15:31.546,1000.0,-13020.0,v3_run3_tick69.txt,-88445.47986179017
2026-09-10T20:15:47.625,169,PAIR,CRZY_M,BUY,1000.0,13.01,2026-09-10 20:15:47.625,1000.0,-13010.0,v3_run3_tick69.txt,-88569.55986179019
2026-09-10T20:15:47.876,169,FLATTEN,CRZY_A,SELL,1000.0,13.04,2026-09-10 20:15:47.876,-1000.0,13040.0,v3_run3_tick69.txt,-88167.3198617902
2026-09-10T20:15:47.958,169,FLATTEN,CRZY_A,SELL,1000.0,13.04,2026-09-10 20:15:47.958,-1000.0,13040.0,v3_run3_tick69.txt,-88167.3198617902
2026-09-10T20:15:48.061,169,FLATTEN,CRZY_A,BUY,1000.0,13.07,2026-09-10 20:15:48.061,1000.0,-13070.0,v3_run3_tick69.txt,-87825.07986179017
2026-09-10T20:15:48.137,169,FLATTEN,CRZY_A,BUY,1000.0,13.07,2026-09-10 20:15:48.137,1000.0,-13070.0,v3_run3_tick69.txt,-87825.07986179017
2026-09-10T20:15:48.215,169,FLATTEN,CRZY_A,BUY,1000.0,13.07,2026-09-10 20:15:48.215,1000.0,-13070.0,v3_run3_tick69.txt,-87825.07986179017
2026-09-10T20:15:48.318,169,FLATTEN,CRZY_M,SELL,2000.0,13.07,2026-09-10 20:15:48.318,-2000.0,26140.0,v3_run3_tick69.txt,-87825.07986179017
2026-09-10T20:15:48.402,169,FLATTEN,CRZY_M,SELL,500.0,13.07,2026-09-10 20:15:48.402,-500.0,6535.0,v3_run3_tick69.txt,-87825.07986179017
2026-09-10T20:15:48.769,169,FLATTEN,CRZY_M,BUY,500.0,13.07,2026-09-10 20:15:48.769,500.0,-6535.0,v3_run3_tick69.txt,-87825.07986179017
2026-09-10T20:15:48.851,169,FLATTEN,CRZY_M,BUY,500.0,13.07,2026-09-10 20:15:48.851,500.0,-6535.0,v3_run3_tick69.txt,-87825.07986179017
2026-09-10T20:15:48.925,169,FLATTEN,CRZY_M,BUY,500.0,13.07,2026-09-10 20:15:48.925,500.0,-6535.0,v3_run3_tick69.txt,-87825.07986179017
2026-09-10T20:15:49.314,169,FLATTEN,CRZY_A,BUY,500.0,13.07,2026-09-10 20:15:49.314,500.0,-6535.0,v3_run3_tick69.txt,-87825.07986179017
2026-09-10T20:15:49.396,169,FLATTEN,CRZY_A,BUY,500.0,13.07,2026-09-10 20:15:49.396,500.0,-6535.0,v3_run3_tick69.txt,-87825.07986179017
2026-09-10T20:15:49.468,169,FLATTEN,CRZY_A,BUY,500.0,13.07,2026-09-10 20:15:49.468,500.0,-6535.0,v3_run3_tick69.txt,-87825.07986179017
2026-09-10T20:15:49.537,169,FLATTEN,CRZY_A,BUY,500.0,13.07,2026-09-10 20:15:49.537,500.0,-6535.0,v3_run3_tick69.txt,-87825.07986179017
2026-09-10T20:15:49.621,169,FLATTEN,CRZY_M,SELL,1500.0,13.05,2026-09-10 20:15:49.621,-1500.0,19575.0,v3_run3_tick69.txt,-88133.23986179015
2026-09-10T20:15:49.695,169,FLATTEN,CRZY_M,SELL,1500.0,13.05,2026-09-10 20:15:49.695,-1500.0,19575.0,v3_run3_tick69.txt,-88133.23986179015
2026-09-10T20:15:49.763,169,FLATTEN,CRZY_M,SELL,1500.0,13.05,2026-09-10 20:15:49.763,-1500.0,19575.0,v3_run3_tick69.txt,-88133.23986179018
2026-09-10T20:15:49.852,169,FLATTEN,CRZY_A,BUY,3000.0,13.07,2026-09-10 20:15:49.852,3000.0,-39210.0,v3_run3_tick69.txt,-87915.07986179017
2026-09-10T20:15:49.979,169,FLATTEN,CRZY_A,BUY,1500.0,13.07,2026-09-10 20:15:49.979,1500.0,-19605.0,v3_run3_tick69.txt,-87915.07986179017
2026-09-10T20:15:50.085,169,FLATTEN,CRZY_A,SELL,1500.0,13.07,2026-09-10 20:15:50.085,-1500.0,19605.0,v3_run3_tick69.txt,-87915.07986179017
2026-09-10T20:15:50.444,169,FLATTEN,CRZY_M,SELL,1500.0,13.05,2026-09-10 20:15:50.444,-1500.0,19575.0,v3_run3_tick69.txt,-88193.23986179015
2026-09-10T20:15:50.525,169,FLATTEN,CRZY_M,SELL,1059.0,13.05,2026-09-10 20:15:50.525,-1059.0,13819.95,v3_run3_tick69.txt,-88193.23986179015
2026-09-10T20:15:50.898,169,FLATTEN,CRZY_M,BUY,1059.0,13.07,2026-09-10 20:15:50.898,1059.0,-13841.130000000001,v3_run3_tick69.txt,-87966.25986179017
2026-09-10T20:15:50.990,169,FLATTEN,CRZY_M,BUY,1059.0,13.07,2026-09-10 20:15:50.990,1059.0,-13841.130000000001,v3_run3_tick69.txt,-87966.25986179017
2026-09-10T20:15:51.388,169,FLATTEN,CRZY_M,SELL,441.0,13.05,2026-09-10 20:15:51.388,-441.0,5755.05,v3_run3_tick69.txt,-88235.59986179016
2026-09-10T20:15:51.733,169,FLATTEN,CRZY_M,SELL,1059.0,13.04,2026-09-10 20:15:51.733,-1059.0,13809.359999999999,v3_run3_tick69.txt,-88365.8598617902
2026-09-10T20:15:51.802,169,FLATTEN,CRZY_M,SELL,1059.0,13.04,2026-09-10 20:15:51.802,-1059.0,13809.359999999999,v3_run3_tick69.txt,-88365.85986179023
2026-09-10T20:15:51.887,169,FLATTEN,CRZY_M,BUY,441.0,13.05,2026-09-10 20:15:51.887,441.0,-5755.05,v3_run3_tick69.txt,-88256.77986179019
2026-09-10T20:15:52.248,169,FLATTEN,CRZY_M,BUY,1059.0,13.07,2026-09-10 20:15:52.248,1059.0,-13841.130000000001,v3_run3_tick69.txt,-88029.7998617902
2026-09-10T20:15:52.316,169,FLATTEN,CRZY_M,BUY,1059.0,13.07,2026-09-10 20:15:52.316,1059.0,-13841.130000000001,v3_run3_tick69.txt,-88029.7998617902
2026-09-10T20:15:52.420,169,FLATTEN,CRZY_M,SELL,441.0,13.05,2026-09-10 20:15:52.420,-441.0,5755.05,v3_run3_tick69.txt,-88299.1398617902
2026-09-10T20:15:52.776,169,FLATTEN,CRZY_A,SELL,1059.0,13.04,2026-09-10 20:15:52.776,-1059.0,13809.359999999999,v3_run3_tick69.txt,-88429.39986179024
2026-09-10T20:15:52.862,170,FLATTEN,CRZY_A,SELL,1059.0,13.04,2026-09-10 20:15:52.862,-1059.0,13809.359999999999,v3_run3_tick69.txt,-88429.39986179027
2026-09-10T20:15:52.945,170,FLATTEN,CRZY_M,BUY,1059.0,13.07,2026-09-10 20:15:52.945,1059.0,-13841.130000000001,v3_run3_tick69.txt,-88102.15986179025
2026-09-10T20:15:53.018,170,FLATTEN,CRZY_M,BUY,1059.0,13.07,2026-09-10 20:15:53.018,1059.0,-13841.130000000001,v3_run3_tick69.txt,-88102.15986179025
2026-09-10T20:15:53.091,170,FLATTEN,CRZY_M,BUY,1059.0,13.07,2026-09-10 20:15:53.091,1059.0,-13841.130000000001,v3_run3_tick69.txt,-88102.15986179025
2026-09-10T20:15:53.179,170,FLATTEN,CRZY_A,SELL,1006.0,13.04,2026-09-10 20:15:53.179,-1006.0,13118.24,v3_run3_tick69.txt,-88524.7098617903
2026-09-10T20:15:53.534,170,FLATTEN,CRZY_M,SELL,1112.0,13.03,2026-09-10 20:15:53.534,-1112.0,14489.359999999999,v3_run3_tick69.txt,-88655.4998617903
2026-09-10T20:15:53.604,170,FLATTEN,CRZY_M,SELL,1112.0,13.03,2026-09-10 20:15:53.604,-1112.0,14489.359999999999,v3_run3_tick69.txt,-88655.4998617903
2026-09-10T20:15:53.695,170,FLATTEN,CRZY_A,BUY,1006.0,13.04,2026-09-10 20:15:53.695,1006.0,-13118.24,v3_run3_tick69.txt,-88546.94986179029
2026-09-10T20:15:54.053,170,FLATTEN,CRZY_M,BUY,1112.0,13.07,2026-09-10 20:15:54.053,1112.0,-14533.84,v3_run3_tick69.txt,-88191.11986179027
2026-09-10T20:15:54.125,170,FLATTEN,CRZY_M,BUY,1112.0,13.07,2026-09-10 20:15:54.125,1112.0,-14533.84,v3_run3_tick69.txt,-88191.11986179027
2026-09-10T20:15:54.217,170,FLATTEN,CRZY_A,SELL,1006.0,13.04,2026-09-10 20:15:54.217,-1006.0,13118.24,v3_run3_tick69.txt,-88613.66986179032
2026-09-10T20:15:54.575,170,FLATTEN,CRZY_M,SELL,1112.0,13.03,2026-09-10 20:15:54.575,-1112.0,14489.359999999999,v3_run3_tick69.txt,-88744.45986179032
2026-09-10T20:15:56.295,171,FLATTEN,CRZY_M,BUY,200.0,13.05,2026-09-10 20:15:56.295,200.0,-2610.0,v3_run3_tick69.txt,-88505.1198617903
2026-09-10T20:15:56.365,171,FLATTEN,CRZY_M,BUY,200.0,13.05,2026-09-10 20:15:56.365,200.0,-2610.0,v3_run3_tick69.txt,-88505.1198617903
2026-09-10T20:15:56.468,171,FLATTEN,CRZY_M,BUY,200.0,13.05,2026-09-10 20:15:56.468,200.0,-2610.0,v3_run3_tick69.txt,-88505.1198617903
2026-09-10T20:15:56.541,171,FLATTEN,CRZY_M,SELL,400.0,13.0,2026-09-10 20:15:56.541,-400.0,5200.0,v3_run3_tick69.txt,-89133.4698617903
2026-09-10T20:15:56.612,171,FLATTEN,CRZY_M,SELL,400.0,13.0,2026-09-10 20:15:56.612,-400.0,5200.0,v3_run3_tick69.txt,-89133.4698617903
2026-09-10T20:15:56.679,171,FLATTEN,CRZY_M,SELL,400.0,13.0,2026-09-10 20:15:56.679,-400.0,5200.0,v3_run3_tick69.txt,-89133.4698617903
2026-09-10T20:15:56.770,171,FLATTEN,CRZY_A,BUY,600.0,13.04,2026-09-10 20:15:56.770,600.0,-7823.999999999999,v3_run3_tick69.txt,-88678.78986179031
2026-09-10T20:15:56.841,171,FLATTEN,CRZY_A,BUY,600.0,13.04,2026-09-10 20:15:56.841,600.0,-7823.999999999999,v3_run3_tick69.txt,-88678.78986179031
2026-09-10T20:15:56.912,171,FLATTEN,CRZY_A,BUY,600.0,13.01,2026-09-10 20:15:56.912,600.0,-7806.0,v3_run3_tick69.txt,-89055.79986179032
2026-09-10T20:15:57.028,171,FLATTEN,CRZY_M,SELL,1200.0,12.99,2026-09-10 20:15:57.028,-1200.0,15588.0,v3_run3_tick69.txt,-89319.13986179029
2026-09-10T20:15:57.098,171,FLATTEN,CRZY_M,SELL,1200.0,12.99,2026-09-10 20:15:57.098,-1200.0,15588.0,v3_run3_tick69.txt,-89319.13986179029
2026-09-10T20:15:57.163,171,FLATTEN,CRZY_M,SELL,1200.0,12.99,2026-09-10 20:15:57.163,-1200.0,15588.0,v3_run3_tick69.txt,-89319.1398617903
2026-09-10T20:15:57.248,171,FLATTEN,CRZY_M,BUY,2000.0,13.01,2026-09-10 20:15:57.248,2000.0,-26020.0,v3_run3_tick69.txt,-89127.79986179032
2026-09-10T20:15:57.592,171,FLATTEN,CRZY_A,BUY,400.0,13.01,2026-09-10 20:15:57.592,400.0,-5204.0,v3_run3_tick69.txt,-89127.79986179032
2026-09-10T20:15:57.659,171,FLATTEN,CRZY_A,BUY,400.0,13.01,2026-09-10 20:15:57.659,400.0,-5204.0,v3_run3_tick69.txt,-89127.79986179032
2026-09-10T20:15:57.748,171,FLATTEN,CRZY_M,SELL,400.0,13.01,2026-09-10 20:15:57.748,-400.0,5204.0,v3_run3_tick69.txt,-89127.79986179032
2026-09-10T20:15:57.830,171,FLATTEN,CRZY_M,SELL,400.0,13.01,2026-09-10 20:15:57.830,-400.0,5204.0,v3_run3_tick69.txt,-89127.79986179032
2026-09-10T20:15:57.912,171,FLATTEN,CRZY_M,SELL,400.0,13.01,2026-09-10 20:15:57.912,-400.0,5204.0,v3_run3_tick69.txt,-89127.79986179032
2026-09-10T20:15:58.010,171,FLATTEN,CRZY_M,SELL,400.0,13.01,2026-09-10 20:15:58.010,-400.0,5204.0,v3_run3_tick69.txt,-89127.79986179032
2026-09-10T20:15:58.094,171,FLATTEN,CRZY_M,SELL,400.0,13.01,2026-09-10 20:15:58.094,-400.0,5204.0,v3_run3_tick69.txt,-89127.79986179032
2026-09-10T20:15:58.457,171,FLATTEN,CRZY_M,SELL,400.0,12.99,2026-09-10 20:15:58.457,-400.0,5196.0,v3_run3_tick69.txt,-89335.1398617903
2026-09-10T20:16:02.339,172,PAIR,CRZY_M,BUY,1000.0,12.87,2026-09-10 20:16:02.339,1000.0,-12870.0,v3_run3_tick69.txt,-90531.17986179033
2026-09-10T20:16:02.461,172,FLATTEN,CRZY_M,SELL,341.0,12.87,2026-09-10 20:16:02.461,-341.0,4388.67,v3_run3_tick69.txt,-90531.1798617903
2026-09-10T20:16:02.532,172,FLATTEN,CRZY_M,SELL,341.0,12.87,2026-09-10 20:16:02.532,-341.0,4388.67,v3_run3_tick69.txt,-90531.1798617903
2026-09-10T20:16:02.621,172,FLATTEN,CRZY_M,SELL,318.0,12.87,2026-09-10 20:16:02.621,-318.0,4092.66,v3_run3_tick69.txt,-90531.17986179028
2026-09-10T20:16:03.151,173,FLATTEN,CRZY_A,BUY,318.0,12.88,2026-09-10 20:16:03.151,318.0,-4095.84,v3_run3_tick69.txt,-90431.50986179025
2026-09-10T20:16:03.224,173,FLATTEN,CRZY_A,BUY,318.0,12.88,2026-09-10 20:16:03.224,318.0,-4095.84,v3_run3_tick69.txt,-90431.50986179025
2026-09-10T20:16:03.304,173,FLATTEN,CRZY_A,BUY,318.0,12.88,2026-09-10 20:16:03.304,318.0,-4095.84,v3_run3_tick69.txt,-90431.50986179025
2026-09-10T20:16:03.393,173,FLATTEN,CRZY_M,SELL,636.0,12.88,2026-09-10 20:16:03.393,-636.0,8191.68,v3_run3_tick69.txt,-90431.50986179025
2026-09-10T20:16:03.467,173,FLATTEN,CRZY_M,SELL,636.0,12.88,2026-09-10 20:16:03.467,-636.0,8191.68,v3_run3_tick69.txt,-90431.50986179027
2026-09-10T20:16:03.538,173,FLATTEN,CRZY_M,SELL,636.0,12.88,2026-09-10 20:16:03.538,-636.0,8191.68,v3_run3_tick69.txt,-90431.50986179028
2026-09-10T20:16:03.663,173,FLATTEN,CRZY_A,BUY,1272.0,12.88,2026-09-10 20:16:03.663,1272.0,-16383.36,v3_run3_tick69.txt,-90431.50986179025
2026-09-10T20:16:03.747,173,FLATTEN,CRZY_A,BUY,735.0,12.88,2026-09-10 20:16:03.747,735.0,-9466.800000000001,v3_run3_tick69.txt,-90431.50986179025
2026-09-10T20:16:03.822,173,FLATTEN,CRZY_A,BUY,1272.0,12.87,2026-09-10 20:16:03.822,1272.0,-16370.64,v3_run3_tick69.txt,-90541.7098617903
2026-09-10T20:16:03.917,173,FLATTEN,CRZY_M,SELL,1800.0,12.87,2026-09-10 20:16:03.917,-1800.0,23166.0,v3_run3_tick69.txt,-90541.7098617903
2026-09-10T20:16:04.260,173,FLATTEN,CRZY_M,SELL,744.0,12.86,2026-09-10 20:16:04.260,-744.0,9567.84,v3_run3_tick69.txt,-90646.62986179028
2026-09-10T20:16:04.329,173,FLATTEN,CRZY_M,SELL,744.0,12.86,2026-09-10 20:16:04.329,-744.0,9567.84,v3_run3_tick69.txt,-90646.6298617903
2026-09-10T20:16:04.421,173,FLATTEN,CRZY_M,BUY,744.0,12.87,2026-09-10 20:16:04.421,744.0,-9575.279999999999,v3_run3_tick69.txt,-90556.58986179029
2026-09-10T20:16:04.493,173,FLATTEN,CRZY_M,BUY,744.0,12.87,2026-09-10 20:16:04.493,744.0,-9575.279999999999,v3_run3_tick69.txt,-90556.5898617903
2026-09-10T20:16:04.597,173,FLATTEN,CRZY_M,BUY,312.0,12.87,2026-09-10 20:16:04.597,312.0,-4015.4399999999996,v3_run3_tick69.txt,-90556.5898617903
2026-09-10T20:16:04.698,173,FLATTEN,CRZY_M,BUY,744.0,12.88,2026-09-10 20:16:04.698,744.0,-9582.720000000001,v3_run3_tick69.txt,-90448.54986179026
2026-09-10T20:16:04.773,173,FLATTEN,CRZY_M,BUY,744.0,12.88,2026-09-10 20:16:04.773,744.0,-9582.720000000001,v3_run3_tick69.txt,-90448.54986179026
2026-09-10T20:16:04.850,173,FLATTEN,CRZY_M,BUY,744.0,12.88,2026-09-10 20:16:04.850,744.0,-9582.720000000001,v3_run3_tick69.txt,-90448.54986179026
2026-09-10T20:16:04.940,173,FLATTEN,CRZY_A,SELL,1488.0,12.86,2026-09-10 20:16:04.940,-1488.0,19135.68,v3_run3_tick69.txt,-90709.2698617903
2026-09-10T20:16:05.013,173,FLATTEN,CRZY_A,SELL,1488.0,12.86,2026-09-10 20:16:05.013,-1488.0,19135.68,v3_run3_tick69.txt,-90709.26986179031
2026-09-10T20:16:05.084,173,FLATTEN,CRZY_A,SELL,1488.0,12.86,2026-09-10 20:16:05.084,-1488.0,19135.68,v3_run3_tick69.txt,-90709.26986179031
2026-09-10T20:16:05.184,173,FLATTEN,CRZY_M,BUY,2976.0,12.88,2026-09-10 20:16:05.184,2976.0,-38330.880000000005,v3_run3_tick69.txt,-90537.82986179029
2026-09-10T20:16:05.258,173,FLATTEN,CRZY_M,BUY,2976.0,12.88,2026-09-10 20:16:05.258,2976.0,-38330.880000000005,v3_run3_tick69.txt,-90537.82986179026
2026-09-10T20:16:05.363,173,FLATTEN,CRZY_M,BUY,2976.0,12.88,2026-09-10 20:16:05.363,2976.0,-38330.880000000005,v3_run3_tick69.txt,-90537.82986179029
2026-09-10T20:16:05.458,173,FLATTEN,CRZY_A,SELL,1542.0,12.86,2026-09-10 20:16:05.458,-1542.0,19830.12,v3_run3_tick69.txt,-90887.82986179029
2026-09-10T20:16:05.807,173,FLATTEN,CRZY_A,SELL,4410.0,12.85,2026-09-10 20:16:05.807,-4410.0,56668.5,v3_run3_tick69.txt,-91047.40986179031
2026-09-10T20:16:05.879,173,FLATTEN,CRZY_A,SELL,4410.0,12.85,2026-09-10 20:16:05.879,-4410.0,56668.5,v3_run3_tick69.txt,-91047.4098617903
2026-09-10T20:16:05.979,173,FLATTEN,CRZY_A,BUY,1542.0,12.86,2026-09-10 20:16:05.979,1542.0,-19830.12,v3_run3_tick69.txt,-90976.0298617903
2026-09-10T20:16:06.056,173,FLATTEN,CRZY_A,BUY,1542.0,12.86,2026-09-10 20:16:06.056,1542.0,-19830.12,v3_run3_tick69.txt,-90976.0298617903
2026-09-10T20:16:06.131,173,FLATTEN,CRZY_A,BUY,1542.0,12.86,2026-09-10 20:16:06.131,1542.0,-19830.12,v3_run3_tick69.txt,-90976.0298617903
2026-09-10T20:16:06.233,173,FLATTEN,CRZY_A,BUY,1326.0,12.86,2026-09-10 20:16:06.233,1326.0,-17052.36,v3_run3_tick69.txt,-90976.02986179027
2026-09-10T20:16:06.307,173,FLATTEN,CRZY_A,BUY,1326.0,12.86,2026-09-10 20:16:06.307,1326.0,-17052.36,v3_run3_tick69.txt,-90976.02986179027
2026-09-10T20:16:06.371,173,FLATTEN,CRZY_A,BUY,1326.0,12.86,2026-09-10 20:16:06.371,1326.0,-17052.36,v3_run3_tick69.txt,-90976.02986179024
2026-09-10T20:16:06.456,173,FLATTEN,CRZY_A,SELL,2652.0,12.85,2026-09-10 20:16:06.456,-2652.0,34078.2,v3_run3_tick69.txt,-91133.44986179023
2026-09-10T20:16:06.529,173,FLATTEN,CRZY_A,SELL,2652.0,12.85,2026-09-10 20:16:06.529,-2652.0,34078.2,v3_run3_tick69.txt,-91133.44986179023
2026-09-10T20:16:06.601,173,FLATTEN,CRZY_A,SELL,2652.0,12.85,2026-09-10 20:16:06.601,-2652.0,34078.2,v3_run3_tick69.txt,-91133.44986179021
2026-09-10T20:16:06.716,173,FLATTEN,CRZY_A,SELL,2652.0,12.85,2026-09-10 20:16:06.716,-2652.0,34078.2,v3_run3_tick69.txt,-91133.4498617902
2026-09-10T20:16:06.793,173,FLATTEN,CRZY_A,BUY,5304.0,12.86,2026-09-10 20:16:06.793,5304.0,-68209.44,v3_run3_tick69.txt,-91082.1098617902
2026-09-10T20:16:06.884,174,FLATTEN,CRZY_A,BUY,5304.0,12.86,2026-09-10 20:16:06.884,5304.0,-68209.44,v3_run3_tick69.txt,-91082.1098617902
2026-09-10T20:16:06.982,174,FLATTEN,CRZY_A,SELL,2652.0,12.85,2026-09-10 20:16:06.982,-2652.0,34078.2,v3_run3_tick69.txt,-91239.52986179019
2026-09-10T20:16:07.055,174,FLATTEN,CRZY_A,SELL,2652.0,12.85,2026-09-10 20:16:07.055,-2652.0,34078.2,v3_run3_tick69.txt,-91239.52986179019
2026-09-10T20:16:07.126,174,FLATTEN,CRZY_A,SELL,2652.0,12.85,2026-09-10 20:16:07.126,-2652.0,34078.2,v3_run3_tick69.txt,-91239.52986179017
2026-09-10T20:16:07.226,174,FLATTEN,CRZY_A,BUY,5304.0,12.86,2026-09-10 20:16:07.226,5304.0,-68209.44,v3_run3_tick69.txt,-91161.66986179017
2026-09-10T20:16:07.301,174,FLATTEN,CRZY_A,BUY,5304.0,12.86,2026-09-10 20:16:07.301,5304.0,-68209.44,v3_run3_tick69.txt,-91161.66986179017
2026-09-10T20:16:07.391,174,FLATTEN,CRZY_A,BUY,5304.0,12.86,2026-09-10 20:16:07.391,5304.0,-68209.44,v3_run3_tick69.txt,-91161.6698617902
2026-09-10T20:16:07.491,174,FLATTEN,CRZY_M,SELL,2000.0,12.85,2026-09-10 20:16:07.491,-2000.0,25700.0,v3_run3_tick69.txt,-91398.64986179018
2026-09-10T20:16:08.387,174,FLATTEN,CRZY_M,BUY,600.0,12.86,2026-09-10 20:16:08.387,600.0,-7716.0,v3_run3_tick69.txt,-91181.6698617902
2026-09-10T20:16:08.775,174,FLATTEN,CRZY_M,SELL,400.0,12.86,2026-09-10 20:16:08.775,-400.0,5144.0,v3_run3_tick69.txt,-91181.6698617902
2026-09-10T20:16:09.128,174,FLATTEN,CRZY_M,SELL,408.0,12.84,2026-09-10 20:16:09.128,-408.0,5238.72,v3_run3_tick69.txt,-91619.62986179022
2026-09-10T20:16:14.987,176,FLATTEN,CRZY_M,BUY,328.0,12.8,2026-09-10 20:16:14.987,328.0,-4198.400000000001,v3_run3_tick69.txt,-92479.2298617902
2026-09-10T20:16:15.061,176,FLATTEN,CRZY_M,BUY,328.0,12.8,2026-09-10 20:16:15.061,328.0,-4198.400000000001,v3_run3_tick69.txt,-92479.22986179026
2026-09-10T20:16:15.160,176,FLATTEN,CRZY_M,SELL,240.0,12.79,2026-09-10 20:16:15.160,-240.0,3069.6,v3_run3_tick69.txt,-92700.68986179028
2026-09-10T20:16:15.234,176,FLATTEN,CRZY_M,SELL,240.0,12.79,2026-09-10 20:16:15.234,-240.0,3069.6,v3_run3_tick69.txt,-92700.68986179034
2026-09-10T20:16:15.305,176,FLATTEN,CRZY_M,SELL,240.0,12.79,2026-09-10 20:16:15.305,-240.0,3069.6,v3_run3_tick69.txt,-92700.68986179034
2026-09-10T20:16:15.408,176,FLATTEN,CRZY_M,BUY,220.0,12.8,2026-09-10 20:16:15.408,220.0,-2816.0,v3_run3_tick69.txt,-92486.42986179033
2026-09-10T20:16:15.768,176,FLATTEN,CRZY_M,BUY,260.0,12.82,2026-09-10 20:16:15.768,260.0,-3333.2000000000003,v3_run3_tick69.txt,-92053.50986179034
2026-09-10T20:16:15.836,176,FLATTEN,CRZY_M,BUY,260.0,12.82,2026-09-10 20:16:15.836,260.0,-3333.2000000000003,v3_run3_tick69.txt,-92053.50986179034
2026-09-10T20:16:16.234,176,FLATTEN,CRZY_M,SELL,480.0,12.79,2026-09-10 20:16:16.234,-480.0,6139.2,v3_run3_tick69.txt,-92718.48986179032
2026-09-10T20:16:16.306,176,FLATTEN,CRZY_M,SELL,480.0,12.79,2026-09-10 20:16:16.306,-480.0,6139.2,v3_run3_tick69.txt,-92718.48986179032
2026-09-10T20:16:16.403,176,FLATTEN,CRZY_M,SELL,480.0,12.79,2026-09-10 20:16:16.403,-480.0,6139.2,v3_run3_tick69.txt,-92718.48986179032
2026-09-10T20:16:16.476,176,FLATTEN,CRZY_M,BUY,480.0,12.8,2026-09-10 20:16:16.476,480.0,-6144.0,v3_run3_tick69.txt,-92511.22986179031
2026-09-10T20:16:16.544,176,FLATTEN,CRZY_M,BUY,480.0,12.8,2026-09-10 20:16:16.544,480.0,-6144.0,v3_run3_tick69.txt,-92511.22986179031
2026-09-10T20:16:16.614,176,FLATTEN,CRZY_M,BUY,480.0,12.8,2026-09-10 20:16:16.614,480.0,-6144.0,v3_run3_tick69.txt,-92511.22986179031
2026-09-10T20:16:16.709,176,FLATTEN,CRZY_M,SELL,480.0,12.79,2026-09-10 20:16:16.709,-480.0,6139.2,v3_run3_tick69.txt,-92732.88986179029
2026-09-10T20:16:16.782,176,FLATTEN,CRZY_M,SELL,480.0,12.79,2026-09-10 20:16:16.782,-480.0,6139.2,v3_run3_tick69.txt,-92732.88986179029
2026-09-10T20:16:16.842,176,FLATTEN,CRZY_M,SELL,480.0,12.79,2026-09-10 20:16:16.842,-480.0,6139.2,v3_run3_tick69.txt,-92732.88986179029
2026-09-10T20:16:16.946,176,FLATTEN,CRZY_M,BUY,960.0,12.8,2026-09-10 20:16:16.946,960.0,-12288.0,v3_run3_tick69.txt,-92525.62986179028
2026-09-10T20:16:17.018,176,FLATTEN,CRZY_M,BUY,960.0,12.8,2026-09-10 20:16:17.018,960.0,-12288.0,v3_run3_tick69.txt,-92525.62986179028
2026-09-10T20:16:17.096,176,FLATTEN,CRZY_M,BUY,960.0,12.8,2026-09-10 20:16:17.096,960.0,-12288.0,v3_run3_tick69.txt,-92525.62986179028
2026-09-10T20:16:17.205,176,FLATTEN,CRZY_M,SELL,1920.0,12.79,2026-09-10 20:16:17.205,-1920.0,24556.8,v3_run3_tick69.txt,-92761.68986179028
2026-09-10T20:16:17.278,176,FLATTEN,CRZY_M,SELL,1920.0,12.79,2026-09-10 20:16:17.278,-1920.0,24556.8,v3_run3_tick69.txt,-92761.6898617903
2026-09-10T20:16:17.344,176,FLATTEN,CRZY_M,SELL,1920.0,12.79,2026-09-10 20:16:17.344,-1920.0,24556.8,v3_run3_tick69.txt,-92761.6898617903
2026-09-10T20:16:17.454,176,FLATTEN,CRZY_M,BUY,3840.0,12.8,2026-09-10 20:16:17.454,3840.0,-49152.0,v3_run3_tick69.txt,-92583.22986179031
2026-09-10T20:16:17.526,176,FLATTEN,CRZY_M,BUY,3840.0,12.8,2026-09-10 20:16:17.526,3840.0,-49152.0,v3_run3_tick69.txt,-92583.22986179026
2026-09-10T20:16:17.647,176,FLATTEN,CRZY_M,BUY,3840.0,12.8,2026-09-10 20:16:17.647,3840.0,-49152.0,v3_run3_tick69.txt,-92583.22986179026
2026-09-10T20:16:17.748,176,FLATTEN,CRZY_M,SELL,7680.0,12.79,2026-09-10 20:16:17.748,-7680.0,98227.2,v3_run3_tick69.txt,-92876.88986179029
2026-09-10T20:16:17.820,176,FLATTEN,CRZY_M,SELL,7680.0,12.79,2026-09-10 20:16:17.820,-7680.0,98227.2,v3_run3_tick69.txt,-92876.88986179029
2026-09-10T20:16:17.927,176,FLATTEN,CRZY_M,SELL,7680.0,12.79,2026-09-10 20:16:17.927,-7680.0,98227.2,v3_run3_tick69.txt,-92876.88986179027
2026-09-10T20:16:18.027,176,FLATTEN,CRZY_M,BUY,10000.0,12.8,2026-09-10 20:16:18.027,10000.0,-128000.0,v3_run3_tick69.txt,-92813.62986179025
2026-09-10T20:16:18.148,176,FLATTEN,CRZY_M,BUY,10000.0,12.8,2026-09-10 20:16:18.148,10000.0,-128000.0,v3_run3_tick69.txt,-92813.62986179022
2026-09-10T20:16:18.250,176,FLATTEN,CRZY_M,SELL,5056.0,12.79,2026-09-10 20:16:18.250,-5056.0,64666.24,v3_run3_tick69.txt,-93076.88986179029
2026-09-10T20:16:18.321,176,FLATTEN,CRZY_M,SELL,5056.0,12.79,2026-09-10 20:16:18.321,-5056.0,64666.24,v3_run3_tick69.txt,-93076.88986179029
2026-09-10T20:16:18.387,176,FLATTEN,CRZY_M,SELL,5056.0,12.79,2026-09-10 20:16:18.387,-5056.0,64666.24,v3_run3_tick69.txt,-93076.88986179032
2026-09-10T20:16:18.472,176,FLATTEN,CRZY_M,BUY,10000.0,12.8,2026-09-10 20:16:18.472,10000.0,-128000.0,v3_run3_tick69.txt,-92965.30986179027
2026-09-10T20:16:18.544,176,FLATTEN,CRZY_M,BUY,10000.0,12.8,2026-09-10 20:16:18.544,10000.0,-128000.0,v3_run3_tick69.txt,-92965.30986179027
2026-09-10T20:16:18.640,176,FLATTEN,CRZY_M,BUY,10000.0,12.8,2026-09-10 20:16:18.640,10000.0,-128000.0,v3_run3_tick69.txt,-92965.30986179027
2026-09-10T20:16:18.757,177,FLATTEN,CRZY_M,SELL,10000.0,12.79,2026-09-10 20:16:18.757,-10000.0,127899.99999999999,v3_run3_tick69.txt,-93376.88986179035
2026-09-10T20:16:18.829,177,FLATTEN,CRZY_M,SELL,1678.0,12.79,2026-09-10 20:16:18.829,-1678.0,21461.62,v3_run3_tick69.txt,-93376.88986179035
2026-09-10T20:16:19.174,177,FLATTEN,CRZY_M,SELL,8210.0,12.78,2026-09-10 20:16:19.174,-8210.0,104923.79999999999,v3_run3_tick69.txt,-93671.68986179034
2026-09-10T20:16:20.584,177,FLATTEN,CRZY_M,BUY,200.0,12.8,2026-09-10 20:16:20.584,200.0,-2560.0,v3_run3_tick69.txt,-93246.28986179031
2026-09-10T20:16:20.657,177,FLATTEN,CRZY_M,BUY,200.0,12.8,2026-09-10 20:16:20.657,200.0,-2560.0,v3_run3_tick69.txt,-93246.28986179031
2026-09-10T20:16:20.732,177,FLATTEN,CRZY_M,BUY,200.0,12.8,2026-09-10 20:16:20.732,200.0,-2560.0,v3_run3_tick69.txt,-93246.28986179031
2026-09-10T20:16:21.101,177,FLATTEN,CRZY_M,SELL,600.0,12.77,2026-09-10 20:16:21.101,-600.0,7662.0,v3_run3_tick69.txt,-93902.38986179035
2026-09-10T20:16:21.173,177,FLATTEN,CRZY_M,SELL,600.0,12.77,2026-09-10 20:16:21.173,-600.0,7662.0,v3_run3_tick69.txt,-93902.38986179035
2026-09-10T20:16:21.241,177,FLATTEN,CRZY_M,SELL,600.0,12.77,2026-09-10 20:16:21.241,-600.0,7662.0,v3_run3_tick69.txt,-93902.38986179032
2026-09-10T20:16:21.337,177,FLATTEN,CRZY_M,BUY,200.0,12.79,2026-09-10 20:16:21.337,200.0,-2558.0,v3_run3_tick69.txt,-93500.98986179032
2026-09-10T20:16:21.407,177,FLATTEN,CRZY_M,BUY,200.0,12.76,2026-09-10 20:16:21.407,200.0,-2552.0,v3_run3_tick69.txt,-94109.08986179033
2026-09-10T20:16:21.481,177,FLATTEN,CRZY_M,BUY,200.0,12.76,2026-09-10 20:16:21.481,200.0,-2552.0,v3_run3_tick69.txt,-94109.0898617903
2026-09-10T20:16:21.577,177,FLATTEN,CRZY_M,BUY,800.0,12.76,2026-09-10 20:16:21.577,800.0,-10208.0,v3_run3_tick69.txt,-94109.0898617903
2026-09-10T20:16:21.678,177,FLATTEN,CRZY_M,BUY,800.0,12.76,2026-09-10 20:16:21.678,800.0,-10208.0,v3_run3_tick69.txt,-94109.0898617903
2026-09-10T20:16:21.742,177,FLATTEN,CRZY_M,BUY,800.0,12.76,2026-09-10 20:16:21.742,800.0,-10208.0,v3_run3_tick69.txt,-94109.0898617903
2026-09-10T20:16:21.839,177,FLATTEN,CRZY_M,SELL,1600.0,12.75,2026-09-10 20:16:21.839,-1600.0,20400.0,v3_run3_tick69.txt,-94339.78986179031
2026-09-10T20:16:21.917,177,FLATTEN,CRZY_M,SELL,1600.0,12.75,2026-09-10 20:16:21.917,-1600.0,20400.0,v3_run3_tick69.txt,-94339.78986179031
2026-09-10T20:16:21.998,177,FLATTEN,CRZY_M,BUY,1600.0,12.76,2026-09-10 20:16:21.998,1600.0,-20416.0,v3_run3_tick69.txt,-94141.0898617903
2026-09-10T20:16:33.354,180,PAIR,CRZY_M,BUY,1000.0,12.66,2026-09-10 20:16:33.354,1000.0,-12660.0,v3_run3_tick69.txt,-96288.0898617903
2026-09-10T20:16:33.676,180,FLATTEN,CRZY_M,SELL,1000.0,12.68,2026-09-10 20:16:33.676,-1000.0,12680.0,v3_run3_tick69.txt,-95838.68986179034
2026-09-10T20:16:33.774,180,FLATTEN,CRZY_M,SELL,1000.0,12.71,2026-09-10 20:16:33.774,-1000.0,12710.0,v3_run3_tick69.txt,-95194.5898617903
2026-09-10T20:16:33.871,180,FLATTEN,CRZY_A,BUY,1000.0,12.7,2026-09-10 20:16:33.871,1000.0,-12700.0,v3_run3_tick69.txt,-95399.28986179031
2026-09-10T20:16:34.015,180,FLATTEN,CRZY_A,BUY,1000.0,12.7,2026-09-10 20:16:34.015,1000.0,-12700.0,v3_run3_tick69.txt,-95399.28986179031
2026-09-10T20:16:34.111,180,FLATTEN,CRZY_M,SELL,1000.0,12.68,2026-09-10 20:16:34.111,-1000.0,12680.0,v3_run3_tick69.txt,-95848.68986179034
2026-09-10T20:16:34.207,180,FLATTEN,CRZY_M,SELL,1000.0,12.69,2026-09-10 20:16:34.207,-1000.0,12690.0,v3_run3_tick69.txt,-95633.98986179032
2026-09-10T20:16:34.271,180,FLATTEN,CRZY_M,SELL,1000.0,12.69,2026-09-10 20:16:34.271,-1000.0,12690.0,v3_run3_tick69.txt,-95633.98986179032
2026-09-10T20:16:34.386,180,FLATTEN,CRZY_A,BUY,2000.0,12.69,2026-09-10 20:16:34.386,2000.0,-25380.0,v3_run3_tick69.txt,-95633.98986179032
2026-09-10T20:16:34.888,181,FLATTEN,CRZY_M,SELL,2000.0,12.66,2026-09-10 20:16:34.888,-2000.0,25320.0,v3_run3_tick69.txt,-96278.0898617903
2026-09-10T20:16:34.966,181,FLATTEN,CRZY_M,SELL,2000.0,12.66,2026-09-10 20:16:34.966,-2000.0,25320.0,v3_run3_tick69.txt,-96278.0898617903
2026-09-10T20:16:35.029,181,FLATTEN,CRZY_M,SELL,2000.0,12.67,2026-09-10 20:16:35.029,-2000.0,25340.0,v3_run3_tick69.txt,-96103.38986179032
2026-09-10T20:16:35.134,181,FLATTEN,CRZY_A,BUY,3177.0,12.69,2026-09-10 20:16:35.134,3177.0,-40316.13,v3_run3_tick69.txt,-95793.98986179032
2026-09-10T20:16:35.481,181,FLATTEN,CRZY_M,SELL,2354.0,12.66,2026-09-10 20:16:35.481,-2354.0,29801.64,v3_run3_tick69.txt,-96353.3998617903
2026-09-10T20:16:35.551,181,FLATTEN,CRZY_M,SELL,2354.0,12.66,2026-09-10 20:16:35.551,-2354.0,29801.64,v3_run3_tick69.txt,-96353.3998617903
2026-09-10T20:16:35.644,181,FLATTEN,CRZY_M,BUY,2354.0,12.67,2026-09-10 20:16:35.644,2354.0,-29825.18,v3_run3_tick69.txt,-96214.00986179028
2026-09-10T20:16:35.718,181,FLATTEN,CRZY_M,BUY,361.0,12.67,2026-09-10 20:16:35.718,361.0,-4573.87,v3_run3_tick69.txt,-96214.00986179028
2026-09-10T20:16:36.111,181,FLATTEN,CRZY_M,SELL,361.0,12.67,2026-09-10 20:16:36.111,-361.0,4573.87,v3_run3_tick69.txt,-96214.00986179028
2026-09-10T20:16:36.194,181,FLATTEN,CRZY_M,SELL,361.0,12.67,2026-09-10 20:16:36.194,-361.0,4573.87,v3_run3_tick69.txt,-96214.00986179028
2026-09-10T20:16:36.268,181,FLATTEN,CRZY_M,SELL,361.0,12.67,2026-09-10 20:16:36.268,-361.0,4573.87,v3_run3_tick69.txt,-96214.00986179028
2026-09-10T20:16:36.366,181,FLATTEN,CRZY_M,SELL,361.0,12.67,2026-09-10 20:16:36.366,-361.0,4573.87,v3_run3_tick69.txt,-96214.00986179028
2026-09-10T20:16:36.453,181,FLATTEN,CRZY_M,SELL,353.0,12.67,2026-09-10 20:16:36.453,-353.0,4472.51,v3_run3_tick69.txt,-96214.00986179028
2026-09-10T20:16:36.872,181,FLATTEN,CRZY_M,SELL,557.0,12.66,2026-09-10 20:16:36.872,-557.0,7051.62,v3_run3_tick69.txt,-96362.57986179029
2026-09-10T20:16:36.948,181,FLATTEN,CRZY_M,SELL,549.0,12.66,2026-09-10 20:16:36.948,-549.0,6950.34,v3_run3_tick69.txt,-96362.57986179026
2026-09-10T20:16:37.052,181,FLATTEN,CRZY_M,SELL,549.0,12.67,2026-09-10 20:16:37.052,-549.0,6955.83,v3_run3_tick69.txt,-96225.06986179025
2026-09-10T20:16:37.144,181,FLATTEN,CRZY_A,BUY,1106.0,12.68,2026-09-10 20:16:37.144,1106.0,-14024.08,v3_run3_tick69.txt,-96093.04986179026
2026-09-10T20:16:37.237,181,FLATTEN,CRZY_A,BUY,694.0,12.68,2026-09-10 20:16:37.237,694.0,-8799.92,v3_run3_tick69.txt,-96093.04986179026
2026-09-10T20:16:37.639,181,FLATTEN,CRZY_A,SELL,1106.0,12.61,2026-09-10 20:16:37.639,-1106.0,13946.66,v3_run3_tick69.txt,-97143.18986179028
2026-09-10T20:16:37.716,181,FLATTEN,CRZY_A,SELL,1106.0,12.61,2026-09-10 20:16:37.716,-1106.0,13946.66,v3_run3_tick69.txt,-97143.18986179028
2026-09-10T20:16:37.828,181,FLATTEN,CRZY_A,SELL,1106.0,12.61,2026-09-10 20:16:37.828,-1106.0,13946.66,v3_run3_tick69.txt,-97143.18986179028
2026-09-10T20:16:37.926,181,FLATTEN,CRZY_A,BUY,2212.0,12.68,2026-09-10 20:16:37.926,2212.0,-28048.16,v3_run3_tick69.txt,-96325.30986179024
2026-09-10T20:16:54.269,185,PAIR,CRZY_M,SELL,520.0,12.6,2026-09-10 20:16:54.269,-520.0,6552.0,v3_run3_tick69.txt,-97436.98986179024
2026-09-10T20:16:54.359,185,FLATTEN,CRZY_A,BUY,1000.0,12.54,2026-09-10 20:16:54.359,1000.0,-12540.0,v3_run3_tick69.txt,-98239.54986179026
2026-09-10T20:16:54.442,185,FLATTEN,CRZY_A,BUY,1000.0,12.54,2026-09-10 20:16:54.442,1000.0,-12540.0,v3_run3_tick69.txt,-98239.54986179026
2026-09-10T20:16:54.834,185,FLATTEN,CRZY_M,SELL,1520.0,12.49,2026-09-10 20:16:54.834,-1520.0,18984.8,v3_run3_tick69.txt,-99008.34986179025
2026-09-10T20:16:54.913,185,FLATTEN,CRZY_M,SELL,1520.0,12.49,2026-09-10 20:16:54.913,-1520.0,18984.8,v3_run3_tick69.txt,-99008.34986179025
2026-09-10T20:16:55.034,185,FLATTEN,CRZY_A,BUY,1520.0,12.49,2026-09-10 20:16:55.034,1520.0,-18984.8,v3_run3_tick69.txt,-99008.34986179025
2026-09-10T20:16:55.175,186,FLATTEN,CRZY_A,BUY,1520.0,12.49,2026-09-10 20:16:55.175,1520.0,-18984.8,v3_run3_tick69.txt,-99008.34986179025
2026-09-10T20:16:55.552,186,FLATTEN,CRZY_M,SELL,1000.0,12.48,2026-09-10 20:16:55.552,-1000.0,12480.0,v3_run3_tick69.txt,-99162.10986179023
2026-09-10T20:16:56.251,186,FLATTEN,CRZY_M,BUY,2500.0,12.48,2026-09-10 20:16:56.251,2500.0,-31200.0,v3_run3_tick69.txt,-99162.10986179023
2026-09-10T20:16:56.887,186,FLATTEN,CRZY_A,SELL,2280.0,12.47,2026-09-10 20:16:56.887,-2280.0,28431.600000000002,v3_run3_tick69.txt,-99330.86986179027
2026-09-10T20:16:56.953,186,FLATTEN,CRZY_A,SELL,2280.0,12.47,2026-09-10 20:16:56.953,-2280.0,28431.600000000002,v3_run3_tick69.txt,-99330.86986179024
2026-09-10T20:16:57.063,186,FLATTEN,CRZY_M,BUY,280.0,12.48,2026-09-10 20:16:57.063,280.0,-3494.4,v3_run3_tick69.txt,-99207.70986179024
2026-09-10T20:16:57.414,186,FLATTEN,CRZY_A,BUY,2280.0,12.48,2026-09-10 20:16:57.414,2280.0,-28454.4,v3_run3_tick69.txt,-99207.70986179027
2026-09-10T20:16:57.481,186,FLATTEN,CRZY_A,BUY,2280.0,12.48,2026-09-10 20:16:57.481,2280.0,-28454.4,v3_run3_tick69.txt,-99207.7098617903
2026-09-10T20:16:57.870,186,FLATTEN,CRZY_A,SELL,2560.0,12.47,2026-09-10 20:16:57.870,-2560.0,31923.2,v3_run3_tick69.txt,-99379.2698617903
2026-09-10T20:16:57.953,186,FLATTEN,CRZY_A,SELL,2560.0,12.47,2026-09-10 20:16:57.953,-2560.0,31923.2,v3_run3_tick69.txt,-99379.26986179026
2026-09-10T20:16:58.071,186,FLATTEN,CRZY_M,BUY,1987.0,12.48,2026-09-10 20:16:58.071,1987.0,-24797.760000000002,v3_run3_tick69.txt,-99258.90986179028
2026-09-10T20:16:58.150,186,FLATTEN,CRZY_M,BUY,280.0,12.48,2026-09-10 20:16:58.150,280.0,-3494.4,v3_run3_tick69.txt,-99258.90986179031
2026-09-10T20:16:58.519,186,FLATTEN,CRZY_A,BUY,573.0,12.48,2026-09-10 20:16:58.519,573.0,-7151.04,v3_run3_tick69.txt,-99258.90986179028
2026-09-10T20:16:59.620,187,FLATTEN,CRZY_A,SELL,1707.0,12.46,2026-09-10 20:16:59.620,-1707.0,21269.22,v3_run3_tick69.txt,-99556.42986179024
2026-09-10T20:16:59.708,187,FLATTEN,CRZY_A,SELL,1707.0,12.46,2026-09-10 20:16:59.708,-1707.0,21269.22,v3_run3_tick69.txt,-99556.42986179024
2026-09-10T20:16:59.786,187,FLATTEN,CRZY_A,SELL,1707.0,12.46,2026-09-10 20:16:59.786,-1707.0,21269.22,v3_run3_tick69.txt,-99556.42986179025
2026-09-10T20:16:59.895,187,FLATTEN,CRZY_A,BUY,2500.0,12.47,2026-09-10 20:16:59.895,2500.0,-31175.0,v3_run3_tick69.txt,-99458.87986179025
2026-09-10T20:17:01.188,187,FLATTEN,CRZY_A,SELL,598.0,12.42,2026-09-10 20:17:01.188,-598.0,7427.16,v3_run3_tick69.txt,-100071.62986179025
2026-09-10T20:17:01.294,187,FLATTEN,CRZY_A,SELL,598.0,12.42,2026-09-10 20:17:01.294,-598.0,7427.16,v3_run3_tick69.txt,-100071.62986179025
2026-09-10T20:17:01.401,187,FLATTEN,CRZY_M,BUY,500.0,12.42,2026-09-10 20:17:01.401,500.0,-6210.0,v3_run3_tick69.txt,-100071.62986179025
2026-09-10T20:17:02.065,187,FLATTEN,CRZY_A,SELL,500.0,12.4,2026-09-10 20:17:02.065,-500.0,6200.0,v3_run3_tick69.txt,-100302.80986179024
2026-09-10T20:17:35.954,196,FLATTEN,CRZY_A,SELL,400.0,12.15,2026-09-10 20:17:35.954,-400.0,4860.0,v3_run3_tick69.txt,-103067.55986179024
2026-09-10T20:17:47.148,199,PAIR,CRZY_M,BUY,1000.0,11.94,2026-09-10 20:17:47.148,1000.0,-11940.0,v3_run3_tick69.txt,-105305.94986179026
2026-09-10T20:17:47.383,199,FLATTEN,CRZY_M,SELL,1000.0,11.96,2026-09-10 20:17:47.383,-1000.0,11960.0,v3_run3_tick69.txt,-105072.76986179024
2026-09-10T20:17:47.507,199,FLATTEN,CRZY_M,SELL,1000.0,12.0,2026-09-10 20:17:47.507,-1000.0,12000.0,v3_run3_tick69.txt,-104646.40986179025
2026-09-10T20:17:47.606,199,FLATTEN,CRZY_A,BUY,1000.0,11.98,2026-09-10 20:17:47.606,1000.0,-11980.0,v3_run3_tick69.txt,-104839.58986179024
2026-09-10T20:17:47.680,199,FLATTEN,CRZY_A,BUY,1000.0,11.97,2026-09-10 20:17:47.680,1000.0,-11970.0,v3_run3_tick69.txt,-104946.17986179024
2026-09-10T20:17:47.761,199,FLATTEN,CRZY_A,BUY,1000.0,11.96,2026-09-10 20:17:47.761,1000.0,-11960.0,v3_run3_tick69.txt,-105062.76986179024
2026-09-10T20:17:47.887,199,FLATTEN,CRZY_M,SELL,2000.0,11.96,2026-09-10 20:17:47.887,-2000.0,23920.0,v3_run3_tick69.txt,-105062.76986179024
2026-09-10T20:17:58.155,201,PAIR,CRZY_M,SELL,1000.0,11.86,2026-09-10 20:17:58.155,-1000.0,11860.0,v3_run3_tick69.txt,-106128.66986179026
2026-09-10T20:17:58.247,201,FLATTEN,CRZY_M,BUY,1000.0,11.79,2026-09-10 20:17:58.247,1000.0,-11790.0,v3_run3_tick69.txt,-106804.79986179026
2026-09-10T20:17:58.532,202,PAIR,CRZY_M,BUY,1000.0,11.79,2026-09-10 20:17:58.532,1000.0,-11790.0,v3_run3_tick69.txt,-106804.79986179026
2026-09-10T20:17:58.619,202,FLATTEN,CRZY_M,SELL,500.0,11.79,2026-09-10 20:17:58.619,-500.0,5895.0,v3_run3_tick69.txt,-106804.79986179026
2026-09-10T20:17:59.346,202,FLATTEN,CRZY_M,BUY,150.0,11.78,2026-09-10 20:17:59.346,150.0,-1767.0,v3_run3_tick69.txt,-106916.38986179026
2026-09-10T20:17:59.438,202,FLATTEN,CRZY_M,BUY,150.0,11.77,2026-09-10 20:17:59.438,150.0,-1765.5,v3_run3_tick69.txt,-107029.47986179026
2026-09-10T20:18:00.188,202,FLATTEN,CRZY_A,SELL,150.0,11.8,2026-09-10 20:18:00.188,-150.0,1770.0,v3_run3_tick69.txt,-106685.70986179024
2026-09-10T20:18:00.253,202,FLATTEN,CRZY_A,SELL,150.0,11.8,2026-09-10 20:18:00.253,-150.0,1770.0,v3_run3_tick69.txt,-106685.70986179024
2026-09-10T20:18:00.356,202,FLATTEN,CRZY_M,BUY,300.0,11.81,2026-09-10 20:18:00.356,300.0,-3543.0,v3_run3_tick69.txt,-106574.11986179024
2026-09-10T20:18:00.432,202,FLATTEN,CRZY_M,BUY,300.0,11.81,2026-09-10 20:18:00.432,300.0,-3543.0,v3_run3_tick69.txt,-106574.11986179024
2026-09-10T20:18:00.505,202,FLATTEN,CRZY_M,BUY,300.0,11.81,2026-09-10 20:18:00.505,300.0,-3543.0,v3_run3_tick69.txt,-106574.11986179024
2026-09-10T20:18:00.607,202,FLATTEN,CRZY_A,SELL,600.0,11.78,2026-09-10 20:18:00.607,-600.0,7068.0,v3_run3_tick69.txt,-106935.88986179026
2026-09-10T20:18:00.702,202,FLATTEN,CRZY_A,SELL,600.0,11.79,2026-09-10 20:18:00.702,-600.0,7073.999999999999,v3_run3_tick69.txt,-106821.29986179026
2026-09-10T20:18:00.782,202,FLATTEN,CRZY_A,SELL,600.0,11.79,2026-09-10 20:18:00.782,-600.0,7073.999999999999,v3_run3_tick69.txt,-106821.29986179026
2026-09-10T20:18:00.878,202,FLATTEN,CRZY_M,BUY,448.0,11.79,2026-09-10 20:18:00.878,448.0,-5281.92,v3_run3_tick69.txt,-106821.29986179028
2026-09-10T20:18:01.230,202,FLATTEN,CRZY_M,BUY,752.0,11.81,2026-09-10 20:18:01.230,752.0,-8881.12,v3_run3_tick69.txt,-106607.15986179025
2026-09-10T20:18:01.300,202,FLATTEN,CRZY_M,BUY,752.0,11.81,2026-09-10 20:18:01.300,752.0,-8881.12,v3_run3_tick69.txt,-106607.15986179025
2026-09-10T20:18:01.398,202,FLATTEN,CRZY_A,SELL,1200.0,11.79,2026-09-10 20:18:01.398,-1200.0,14147.999999999998,v3_run3_tick69.txt,-106851.37986179026
2026-09-10T20:18:01.474,202,FLATTEN,CRZY_A,SELL,1100.0,11.79,2026-09-10 20:18:01.474,-1100.0,12968.999999999998,v3_run3_tick69.txt,-106851.37986179026
2026-09-10T20:18:01.874,202,FLATTEN,CRZY_M,BUY,399.0,11.79,2026-09-10 20:18:01.874,399.0,-4704.21,v3_run3_tick69.txt,-106851.37986179025
2026-09-10T20:18:02.245,202,FLATTEN,CRZY_M,BUY,801.0,11.8,2026-09-10 20:18:02.245,801.0,-9451.800000000001,v3_run3_tick69.txt,-106748.27986179022
2026-09-10T20:18:02.638,202,FLATTEN,CRZY_M,SELL,399.0,11.76,2026-09-10 20:18:02.638,-399.0,4692.24,v3_run3_tick69.txt,-107192.71986179025
2026-09-10T20:18:02.712,202,FLATTEN,CRZY_M,SELL,399.0,11.76,2026-09-10 20:18:02.712,-399.0,4692.24,v3_run3_tick69.txt,-107192.71986179025
2026-09-10T20:18:02.787,202,FLATTEN,CRZY_M,SELL,399.0,11.76,2026-09-10 20:18:02.787,-399.0,4692.24,v3_run3_tick69.txt,-107192.71986179026
2026-09-10T20:18:02.889,202,FLATTEN,CRZY_M,BUY,329.0,11.79,2026-09-10 20:18:02.889,329.0,-3878.91,v3_run3_tick69.txt,-106895.29986179028
2026-09-10T20:18:03.234,202,FLATTEN,CRZY_A,BUY,399.0,11.79,2026-09-10 20:18:03.234,399.0,-4704.21,v3_run3_tick69.txt,-106895.29986179026
2026-09-10T20:18:03.630,202,FLATTEN,CRZY_A,SELL,259.0,11.78,2026-09-10 20:18:03.630,-259.0,3051.02,v3_run3_tick69.txt,-107001.71986179028
2026-09-10T20:18:19.742,207,PAIR,CRZY_M,SELL,1000.0,11.48,2026-09-10 20:18:19.742,-1000.0,11480.0,v3_run3_tick69.txt,-110116.61986179026
2026-09-10T20:18:20.049,207,FLATTEN,CRZY_M,BUY,1000.0,11.48,2026-09-10 20:18:20.049,1000.0,-11480.0,v3_run3_tick69.txt,-110116.61986179026
2026-09-10T20:18:20.136,207,FLATTEN,CRZY_M,BUY,1000.0,11.39,2026-09-10 20:18:20.136,1000.0,-11390.0,v3_run3_tick69.txt,-111051.08986179026
2026-09-10T20:18:20.223,207,FLATTEN,CRZY_A,SELL,1000.0,11.41,2026-09-10 20:18:20.223,-1000.0,11410.0,v3_run3_tick69.txt,-110823.42986179027
2026-09-10T20:18:20.824,207,FLATTEN,CRZY_M,BUY,1000.0,11.37,2026-09-10 20:18:20.824,1000.0,-11370.0,v3_run3_tick69.txt,-111238.74986179027
2026-09-10T20:18:20.892,207,FLATTEN,CRZY_M,BUY,1000.0,11.37,2026-09-10 20:18:20.892,1000.0,-11370.0,v3_run3_tick69.txt,-111238.74986179027
2026-09-10T20:18:20.994,207,FLATTEN,CRZY_M,SELL,1000.0,11.35,2026-09-10 20:18:20.994,-1000.0,11350.0,v3_run3_tick69.txt,-111486.40986179026
2026-09-10T20:18:23.073,208,PAIR,CRZY_M,SELL,1000.0,10.98,2026-09-10 20:18:23.073,-1000.0,10980.0,v3_run3_tick69.txt,-115698.11986179026
2026-09-10T20:18:23.320,208,FLATTEN,CRZY_M,BUY,150.0,10.97,2026-09-10 20:18:23.320,150.0,-1645.5,v3_run3_tick69.txt,-115801.94986179026
2026-09-10T20:18:23.701,208,FLATTEN,CRZY_M,BUY,850.0,10.97823529,2026-09-10 20:18:23.701,850.0,-9331.4999965,v3_run3_tick69.txt,-115715.20755222026
2026-09-10T20:18:41.432,212,FLATTEN,CRZY_M,BUY,411.0,10.8,2026-09-10 20:18:41.432,411.0,-4438.8,v3_run3_tick69.txt,-117744.05985829025
2026-09-10T20:18:42.220,212,FLATTEN,CRZY_A,SELL,411.0,10.78,2026-09-10 20:18:42.220,-411.0,4430.58,v3_run3_tick69.txt,-117979.93985829028
2026-09-10T20:18:42.314,212,FLATTEN,CRZY_A,SELL,411.0,10.78,2026-09-10 20:18:42.314,-411.0,4430.58,v3_run3_tick69.txt,-117979.9398582903
2026-09-10T20:18:42.407,212,FLATTEN,CRZY_M,BUY,411.0,10.8,2026-09-10 20:18:42.407,411.0,-4438.8,v3_run3_tick69.txt,-117760.49985829026
2026-09-10T20:18:42.481,212,FLATTEN,CRZY_M,BUY,411.0,10.8,2026-09-10 20:18:42.481,411.0,-4438.8,v3_run3_tick69.txt,-117760.49985829025
2026-09-10T20:18:42.559,212,FLATTEN,CRZY_M,BUY,411.0,10.8,2026-09-10 20:18:42.559,411.0,-4438.8,v3_run3_tick69.txt,-117760.49985829025
2026-09-10T20:18:42.670,212,FLATTEN,CRZY_A,SELL,353.0,10.79,2026-09-10 20:18:42.670,-353.0,3808.87,v3_run3_tick69.txt,-117882.54985829027
2026-09-10T20:18:42.753,212,FLATTEN,CRZY_A,SELL,353.0,10.79,2026-09-10 20:18:42.753,-353.0,3808.87,v3_run3_tick69.txt,-117882.54985829027
2026-09-10T20:18:43.140,212,FLATTEN,CRZY_A,SELL,116.0,10.78,2026-09-10 20:18:43.140,-116.0,1250.48,v3_run3_tick69.txt,-117997.53985829026
2026-09-10T20:18:43.232,212,FLATTEN,CRZY_A,SELL,116.0,10.78,2026-09-10 20:18:43.232,-116.0,1250.48,v3_run3_tick69.txt,-117997.53985829024
2026-09-10T20:18:43.313,212,FLATTEN,CRZY_A,SELL,116.0,10.78,2026-09-10 20:18:43.313,-116.0,1250.48,v3_run3_tick69.txt,-117997.53985829023
2026-09-10T20:18:43.413,212,FLATTEN,CRZY_M,BUY,232.0,10.8,2026-09-10 20:18:43.413,232.0,-2505.6000000000004,v3_run3_tick69.txt,-117774.51985829022
2026-09-10T20:18:43.485,212,FLATTEN,CRZY_M,BUY,232.0,10.8,2026-09-10 20:18:43.485,232.0,-2505.6000000000004,v3_run3_tick69.txt,-117774.51985829022
2026-09-10T20:18:43.551,212,FLATTEN,CRZY_M,BUY,232.0,10.8,2026-09-10 20:18:43.551,232.0,-2505.6000000000004,v3_run3_tick69.txt,-117774.51985829024
2026-09-10T20:18:43.650,212,FLATTEN,CRZY_A,SELL,464.0,10.78,2026-09-10 20:18:43.650,-464.0,5001.92,v3_run3_tick69.txt,-118011.45985829024
2026-09-10T20:18:43.726,212,FLATTEN,CRZY_A,SELL,464.0,10.78,2026-09-10 20:18:43.726,-464.0,5001.92,v3_run3_tick69.txt,-118011.45985829023
2026-09-10T20:18:43.847,212,FLATTEN,CRZY_A,SELL,464.0,10.78,2026-09-10 20:18:43.847,-464.0,5001.92,v3_run3_tick69.txt,-118011.45985829021
2026-09-10T20:18:43.968,212,FLATTEN,CRZY_M,BUY,928.0,10.81,2026-09-10 20:18:43.968,928.0,-10031.68,v3_run3_tick69.txt,-117697.80985829019
2026-09-10T20:18:44.065,212,FLATTEN,CRZY_M,BUY,928.0,10.81,2026-09-10 20:18:44.065,928.0,-10031.68,v3_run3_tick69.txt,-117697.80985829019
2026-09-10T20:18:44.156,212,FLATTEN,CRZY_M,SELL,410.0,10.79,2026-09-10 20:18:44.156,-410.0,4423.9,v3_run3_tick69.txt,-117944.0298582902
2026-09-10T20:18:44.501,212,FLATTEN,CRZY_A,SELL,108.0,10.78,2026-09-10 20:18:44.501,-108.0,1164.24,v3_run3_tick69.txt,-118063.03985829021
2026-09-10T20:18:44.575,212,FLATTEN,CRZY_A,SELL,108.0,10.8,2026-09-10 20:18:44.575,-108.0,1166.4,v3_run3_tick69.txt,-117827.1798582902
2026-09-10T20:18:44.676,212,FLATTEN,CRZY_M,BUY,108.0,10.81,2026-09-10 20:18:44.676,108.0,-1167.48,v3_run3_tick69.txt,-117710.32985829022
2026-09-10T20:18:44.752,212,FLATTEN,CRZY_M,BUY,108.0,10.81,2026-09-10 20:18:44.752,108.0,-1167.48,v3_run3_tick69.txt,-117710.32985829022
2026-09-10T20:18:44.837,212,FLATTEN,CRZY_M,BUY,108.0,10.81,2026-09-10 20:18:44.837,108.0,-1167.48,v3_run3_tick69.txt,-117710.32985829024
2026-09-10T20:18:44.929,212,FLATTEN,CRZY_A,SELL,216.0,10.78,2026-09-10 20:18:44.929,-216.0,2328.48,v3_run3_tick69.txt,-118070.59985829024
2026-09-10T20:18:45.005,212,FLATTEN,CRZY_A,SELL,216.0,10.78,2026-09-10 20:18:45.005,-216.0,2328.48,v3_run3_tick69.txt,-118070.59985829022
2026-09-10T20:18:45.115,212,FLATTEN,CRZY_A,SELL,216.0,10.78,2026-09-10 20:18:45.115,-216.0,2328.48,v3_run3_tick69.txt,-118070.59985829022
2026-09-10T20:18:45.222,212,FLATTEN,CRZY_M,BUY,432.0,10.8,2026-09-10 20:18:45.222,432.0,-4665.6,v3_run3_tick69.txt,-117843.37985829021
2026-09-10T20:18:45.296,212,FLATTEN,CRZY_M,BUY,432.0,10.8,2026-09-10 20:18:45.296,432.0,-4665.6,v3_run3_tick69.txt,-117843.37985829022
2026-09-10T20:18:45.361,212,FLATTEN,CRZY_M,BUY,432.0,10.8,2026-09-10 20:18:45.361,432.0,-4665.6,v3_run3_tick69.txt,-117843.37985829022
2026-09-10T20:18:45.489,212,FLATTEN,CRZY_A,SELL,864.0,10.78,2026-09-10 20:18:45.489,-864.0,9313.92,v3_run3_tick69.txt,-118096.51985829022
2026-09-10T20:18:45.562,212,FLATTEN,CRZY_A,SELL,864.0,10.78,2026-09-10 20:18:45.562,-864.0,9313.92,v3_run3_tick69.txt,-118096.51985829021
2026-09-10T20:18:45.634,212,FLATTEN,CRZY_A,SELL,864.0,10.78,2026-09-10 20:18:45.634,-864.0,9313.92,v3_run3_tick69.txt,-118096.5198582902
2026-09-10T20:18:45.746,212,FLATTEN,CRZY_M,BUY,1728.0,10.8,2026-09-10 20:18:45.746,1728.0,-18662.4,v3_run3_tick69.txt,-117895.21985829018
2026-09-10T20:18:45.820,212,FLATTEN,CRZY_M,BUY,1728.0,10.8,2026-09-10 20:18:45.820,1728.0,-18662.4,v3_run3_tick69.txt,-117895.21985829019
2026-09-10T20:18:45.888,212,FLATTEN,CRZY_M,BUY,1728.0,10.8,2026-09-10 20:18:45.888,1728.0,-18662.4,v3_run3_tick69.txt,-117895.21985829022
2026-09-10T20:18:45.987,212,FLATTEN,CRZY_A,SELL,3456.0,10.78,2026-09-10 20:18:45.987,-3456.0,37255.68,v3_run3_tick69.txt,-118200.19985829025
2026-09-10T20:18:46.061,212,FLATTEN,CRZY_A,SELL,3456.0,10.78,2026-09-10 20:18:46.061,-3456.0,37255.68,v3_run3_tick69.txt,-118200.19985829025
2026-09-10T20:18:46.164,213,FLATTEN,CRZY_A,SELL,3456.0,10.78,2026-09-10 20:18:46.164,-3456.0,37255.68,v3_run3_tick69.txt,-118200.19985829026
2026-09-10T20:18:46.274,213,FLATTEN,CRZY_M,BUY,6912.0,10.8,2026-09-10 20:18:46.274,6912.0,-74649.6,v3_run3_tick69.txt,-118102.57985829025
2026-09-10T20:18:46.350,213,FLATTEN,CRZY_M,BUY,6912.0,10.8,2026-09-10 20:18:46.350,6912.0,-74649.6,v3_run3_tick69.txt,-118102.57985829026
2026-09-10T20:18:46.413,213,FLATTEN,CRZY_M,BUY,6912.0,10.8,2026-09-10 20:18:46.413,6912.0,-74649.6,v3_run3_tick69.txt,-118102.5798582902
2026-09-10T20:18:46.508,213,FLATTEN,CRZY_A,SELL,10000.0,10.78,2026-09-10 20:18:46.508,-10000.0,107800.0,v3_run3_tick69.txt,-118614.91985829026
2026-09-10T20:18:46.583,213,FLATTEN,CRZY_A,SELL,10000.0,10.78,2026-09-10 20:18:46.583,-10000.0,107800.0,v3_run3_tick69.txt,-118614.91985829025
2026-09-10T20:18:46.657,213,FLATTEN,CRZY_A,SELL,10000.0,10.78,2026-09-10 20:18:46.657,-10000.0,107800.0,v3_run3_tick69.txt,-118614.91985829023
2026-09-10T20:18:46.753,213,FLATTEN,CRZY_M,BUY,10000.0,10.8,2026-09-10 20:18:46.753,10000.0,-108000.0,v3_run3_tick69.txt,-118702.57985829024
2026-09-10T20:18:46.828,213,FLATTEN,CRZY_M,BUY,10000.0,10.78,2026-09-10 20:18:46.828,10000.0,-107800.0,v3_run3_tick69.txt,-118814.91985829026
2026-09-10T20:18:46.897,213,FLATTEN,CRZY_M,BUY,10000.0,10.78,2026-09-10 20:18:46.897,10000.0,-107800.0,v3_run3_tick69.txt,-118814.91985829023
2026-09-10T20:18:47.013,213,FLATTEN,CRZY_A,SELL,10000.0,10.78,2026-09-10 20:18:47.013,-10000.0,107800.0,v3_run3_tick69.txt,-118814.91985829026
2026-09-10T20:18:47.086,213,FLATTEN,CRZY_A,SELL,10000.0,10.78,2026-09-10 20:18:47.086,-10000.0,107800.0,v3_run3_tick69.txt,-118814.91985829025
2026-09-10T20:18:47.155,213,FLATTEN,CRZY_A,SELL,10000.0,10.78,2026-09-10 20:18:47.155,-10000.0,107800.0,v3_run3_tick69.txt,-118814.91985829023
2026-09-10T20:18:47.263,213,FLATTEN,CRZY_M,BUY,10000.0,10.78,2026-09-10 20:18:47.263,10000.0,-107800.0,v3_run3_tick69.txt,-118814.91985829025
2026-09-10T20:18:47.338,213,FLATTEN,CRZY_M,BUY,10000.0,10.78,2026-09-10 20:18:47.338,10000.0,-107800.0,v3_run3_tick69.txt,-118814.91985829026
2026-09-10T20:18:47.409,213,FLATTEN,CRZY_M,BUY,10000.0,10.78,2026-09-10 20:18:47.409,10000.0,-107800.0,v3_run3_tick69.txt,-118814.91985829023
2026-09-10T20:18:47.523,213,FLATTEN,CRZY_A,SELL,4294.0,10.78,2026-09-10 20:18:47.523,-4294.0,46289.32,v3_run3_tick69.txt,-118814.91985829026
2026-09-10T20:18:47.874,213,FLATTEN,CRZY_M,SELL,9530.0,10.77,2026-09-10 20:18:47.874,-9530.0,102638.09999999999,v3_run3_tick69.txt,-119028.14985829026
2026-09-10T20:18:47.937,213,FLATTEN,CRZY_M,SELL,9530.0,10.77,2026-09-10 20:18:47.937,-9530.0,102638.09999999999,v3_run3_tick69.txt,-119028.14985829029
2026-09-10T20:18:48.025,213,FLATTEN,CRZY_M,BUY,9530.0,10.78,2026-09-10 20:18:48.025,9530.0,-102733.4,v3_run3_tick69.txt,-119005.51985829028
2026-09-10T20:18:48.098,213,FLATTEN,CRZY_M,BUY,9530.0,10.78,2026-09-10 20:18:48.098,9530.0,-102733.4,v3_run3_tick69.txt,-119005.5198582903
2026-09-10T20:18:48.176,213,FLATTEN,CRZY_M,BUY,9530.0,10.78,2026-09-10 20:18:48.176,9530.0,-102733.4,v3_run3_tick69.txt,-119005.51985829032
2026-09-10T20:18:48.277,213,FLATTEN,CRZY_M,SELL,10000.0,10.77,2026-09-10 20:18:48.277,-10000.0,107700.0,v3_run3_tick69.txt,-119314.0498582903
2026-09-10T20:18:48.352,213,FLATTEN,CRZY_M,SELL,4044.0,10.77,2026-09-10 20:18:48.352,-4044.0,43553.88,v3_run3_tick69.txt,-119314.0498582903
2026-09-10T20:18:48.782,213,FLATTEN,CRZY_A,SELL,4016.0,10.77,2026-09-10 20:18:48.782,-4016.0,43252.32,v3_run3_tick69.txt,-119314.0498582903
2026-09-10T20:18:48.857,213,FLATTEN,CRZY_A,SELL,4016.0,10.77,2026-09-10 20:18:48.857,-4016.0,43252.32,v3_run3_tick69.txt,-119314.04985829028
2026-09-10T20:18:48.953,213,FLATTEN,CRZY_A,SELL,4016.0,10.77,2026-09-10 20:18:48.953,-4016.0,43252.32,v3_run3_tick69.txt,-119314.04985829027
2026-09-10T20:18:49.047,213,FLATTEN,CRZY_M,BUY,4956.0,10.77,2026-09-10 20:18:49.047,4956.0,-53376.119999999995,v3_run3_tick69.txt,-119314.04985829027
2026-09-10T20:18:49.397,213,FLATTEN,CRZY_M,BUY,4410.0,10.78,2026-09-10 20:18:49.397,4410.0,-47539.799999999996,v3_run3_tick69.txt,-119216.87985829025
2026-09-10T20:18:49.790,213,FLATTEN,CRZY_A,BUY,2294.0,10.78,2026-09-10 20:18:49.790,2294.0,-24729.32,v3_run3_tick69.txt,-119216.87985829028
2026-09-10T20:18:50.137,213,FLATTEN,CRZY_M,BUY,3228.0,10.79,2026-09-10 20:18:50.137,3228.0,-34830.119999999995,v3_run3_tick69.txt,-119052.66985829026
2026-09-10T20:18:50.224,213,FLATTEN,CRZY_A,BUY,2394.0,10.79,2026-09-10 20:18:50.224,2394.0,-25831.26,v3_run3_tick69.txt,-119052.66985829029
2026-09-10T20:18:51.364,215,FLATTEN,CRZY_A,SELL,64.0,10.77,2026-09-10 20:18:51.364,-64.0,689.28,v3_run3_tick69.txt,-119493.52985829025
2026-09-10T20:18:51.436,215,FLATTEN,CRZY_A,SELL,100.0,10.77,2026-09-10 20:18:51.436,-100.0,1077.0,v3_run3_tick69.txt,-119493.52985829025
2026-09-10T20:18:51.508,215,FLATTEN,CRZY_A,SELL,100.0,10.77,2026-09-10 20:18:51.508,-100.0,1077.0,v3_run3_tick69.txt,-119493.52985829025
2026-09-10T20:18:51.602,215,FLATTEN,CRZY_A,SELL,5.0,10.77,2026-09-10 20:18:51.602,-5.0,53.849999999999994,v3_run3_tick69.txt,-119493.52985829028
2026-09-10T20:18:51.951,215,FLATTEN,CRZY_M,SELL,2189.0,10.76,2026-09-10 20:18:51.951,-2189.0,23553.64,v3_run3_tick69.txt,-119711.26985829024
2026-09-10T20:18:52.015,215,FLATTEN,CRZY_M,SELL,2189.0,10.76,2026-09-10 20:18:52.015,-2189.0,23553.64,v3_run3_tick69.txt,-119711.26985829024
2026-09-10T20:18:52.110,215,FLATTEN,CRZY_A,BUY,100.0,10.77,2026-09-10 20:18:52.110,100.0,-1077.0,v3_run3_tick69.txt,-119537.30985829025
2026-09-10T20:18:52.185,215,FLATTEN,CRZY_A,BUY,95.0,10.77,2026-09-10 20:18:52.185,95.0,-1023.15,v3_run3_tick69.txt,-119537.30985829025
2026-09-10T20:18:52.586,215,FLATTEN,CRZY_M,BUY,2189.0,10.78,2026-09-10 20:18:52.586,2189.0,-23597.42,v3_run3_tick69.txt,-119361.39985829024
2026-09-10T20:18:52.660,215,FLATTEN,CRZY_M,BUY,2189.0,10.78,2026-09-10 20:18:52.660,2189.0,-23597.42,v3_run3_tick69.txt,-119361.39985829024
2026-09-10T20:18:52.734,215,FLATTEN,CRZY_M,BUY,2189.0,10.78,2026-09-10 20:18:52.734,2189.0,-23597.42,v3_run3_tick69.txt,-119361.39985829021
2026-09-10T20:18:52.851,215,FLATTEN,CRZY_A,SELL,5.0,10.77,2026-09-10 20:18:52.851,-5.0,53.849999999999994,v3_run3_tick69.txt,-119602.97985829023
2026-09-10T20:18:53.198,215,FLATTEN,CRZY_M,SELL,4378.0,10.76,2026-09-10 20:18:53.198,-4378.0,47107.28,v3_run3_tick69.txt,-119844.5098582902
2026-09-10T20:18:53.299,215,FLATTEN,CRZY_M,SELL,4378.0,10.76,2026-09-10 20:18:53.299,-4378.0,47107.28,v3_run3_tick69.txt,-119844.50985829017
2026-09-10T20:18:53.387,215,FLATTEN,CRZY_M,BUY,4378.0,10.77,2026-09-10 20:18:53.387,4378.0,-47151.06,v3_run3_tick69.txt,-119690.53985829017
2026-09-10T20:18:53.459,215,FLATTEN,CRZY_M,BUY,4378.0,10.77,2026-09-10 20:18:53.459,4378.0,-47151.06,v3_run3_tick69.txt,-119690.53985829017
2026-09-10T20:18:53.532,215,FLATTEN,CRZY_M,BUY,4378.0,10.77,2026-09-10 20:18:53.532,4378.0,-47151.06,v3_run3_tick69.txt,-119690.53985829017
2026-09-10T20:18:53.620,215,FLATTEN,CRZY_M,SELL,8756.0,10.76,2026-09-10 20:18:53.620,-8756.0,94214.56,v3_run3_tick69.txt,-119975.84985829017
2026-09-10T20:18:53.694,215,FLATTEN,CRZY_M,SELL,8756.0,10.76,2026-09-10 20:18:53.694,-8756.0,94214.56,v3_run3_tick69.txt,-119975.84985829017
2026-09-10T20:18:53.767,215,FLATTEN,CRZY_M,SELL,8756.0,10.76,2026-09-10 20:18:53.767,-8756.0,94214.56,v3_run3_tick69.txt,-119975.84985829017
2026-09-10T20:18:54.068,215,FLATTEN,CRZY_M,BUY,10000.0,10.77,2026-09-10 20:18:54.068,10000.0,-107700.0,v3_run3_tick69.txt,-119953.21985829016
2026-09-10T20:18:54.235,215,FLATTEN,CRZY_M,BUY,7512.0,10.77,2026-09-10 20:18:54.235,7512.0,-80904.23999999999,v3_run3_tick69.txt,-119953.21985829016
2026-09-10T20:18:54.303,215,FLATTEN,CRZY_M,BUY,7512.0,10.77,2026-09-10 20:18:54.303,7512.0,-80904.23999999999,v3_run3_tick69.txt,-119953.21985829016
2026-09-10T20:18:54.390,215,FLATTEN,CRZY_M,SELL,7317.0,10.76,2026-09-10 20:18:54.390,-7317.0,78730.92,v3_run3_tick69.txt,-120226.08985829019
2026-09-10T20:18:54.474,215,FLATTEN,CRZY_M,SELL,7317.0,10.76,2026-09-10 20:18:54.474,-7317.0,78730.92,v3_run3_tick69.txt,-120226.08985829019
2026-09-10T20:18:54.554,215,FLATTEN,CRZY_M,SELL,7317.0,10.76,2026-09-10 20:18:54.554,-7317.0,78730.92,v3_run3_tick69.txt,-120226.0898582902
2026-09-10T20:18:54.639,215,FLATTEN,CRZY_M,BUY,10000.0,10.77,2026-09-10 20:18:54.639,10000.0,-107700.0,v3_run3_tick69.txt,-120172.7298582902
2026-09-10T20:18:54.725,215,FLATTEN,CRZY_M,BUY,10000.0,10.77,2026-09-10 20:18:54.725,10000.0,-107700.0,v3_run3_tick69.txt,-120172.72985829023
2026-09-10T20:18:54.801,215,FLATTEN,CRZY_M,BUY,10000.0,10.77,2026-09-10 20:18:54.801,10000.0,-107700.0,v3_run3_tick69.txt,-120172.72985829023
2026-09-10T20:18:54.923,215,FLATTEN,CRZY_M,SELL,10000.0,10.76,2026-09-10 20:18:54.923,-10000.0,107600.0,v3_run3_tick69.txt,-120526.08985829022
2026-09-10T20:18:54.993,215,FLATTEN,CRZY_M,SELL,2647.0,10.76,2026-09-10 20:18:54.993,-2647.0,28481.72,v3_run3_tick69.txt,-120526.08985829019
2026-09-10T20:18:55.363,215,FLATTEN,CRZY_A,SELL,2719.0,10.76,2026-09-10 20:18:55.363,-2719.0,29256.44,v3_run3_tick69.txt,-120526.08985829019
2026-09-10T20:18:57.775,216,FLATTEN,CRZY_A,BUY,200.0,10.76,2026-09-10 20:18:57.775,200.0,-2152.0,v3_run3_tick69.txt,-120526.08985829019
2026-09-10T20:18:57.848,216,FLATTEN,CRZY_A,BUY,200.0,10.76,2026-09-10 20:18:57.848,200.0,-2152.0,v3_run3_tick69.txt,-120526.08985829019
2026-09-10T20:18:57.913,216,FLATTEN,CRZY_A,BUY,200.0,10.76,2026-09-10 20:18:57.913,200.0,-2152.0,v3_run3_tick69.txt,-120526.08985829019
2026-09-10T20:18:58.014,216,FLATTEN,CRZY_M,SELL,200.0,10.76,2026-09-10 20:18:58.014,-200.0,2152.0,v3_run3_tick69.txt,-120526.08985829019
2026-09-10T20:18:58.397,216,FLATTEN,CRZY_M,SELL,400.0,10.75,2026-09-10 20:18:58.397,-400.0,4300.0,v3_run3_tick69.txt,-120729.78985829017
2026-09-10T20:18:59.532,217,FLATTEN,CRZY_A,BUY,200.0,10.76,2026-09-10 20:18:59.532,200.0,-2152.0,v3_run3_tick69.txt,-120530.08985829019
2026-09-10T20:18:59.602,217,FLATTEN,CRZY_A,BUY,200.0,10.76,2026-09-10 20:18:59.602,200.0,-2152.0,v3_run3_tick69.txt,-120530.08985829019
2026-09-10T20:18:59.664,217,FLATTEN,CRZY_A,BUY,200.0,10.76,2026-09-10 20:18:59.664,200.0,-2152.0,v3_run3_tick69.txt,-120530.08985829019
2026-09-10T20:18:59.765,217,FLATTEN,CRZY_M,SELL,400.0,10.75,2026-09-10 20:18:59.765,-400.0,4300.0,v3_run3_tick69.txt,-120735.78985829017
2026-09-10T20:18:59.839,217,FLATTEN,CRZY_M,SELL,400.0,10.75,2026-09-10 20:18:59.839,-400.0,4300.0,v3_run3_tick69.txt,-120735.78985829017
2026-09-10T20:18:59.918,217,FLATTEN,CRZY_M,SELL,400.0,10.75,2026-09-10 20:18:59.918,-400.0,4300.0,v3_run3_tick69.txt,-120735.78985829017
2026-09-10T20:19:00.015,217,FLATTEN,CRZY_A,BUY,800.0,10.76,2026-09-10 20:19:00.015,800.0,-8608.0,v3_run3_tick69.txt,-120542.08985829019
2026-09-10T20:19:00.087,217,FLATTEN,CRZY_A,BUY,800.0,10.76,2026-09-10 20:19:00.087,800.0,-8608.0,v3_run3_tick69.txt,-120542.08985829019
2026-09-10T20:19:00.184,217,FLATTEN,CRZY_A,BUY,800.0,10.76,2026-09-10 20:19:00.184,800.0,-8608.0,v3_run3_tick69.txt,-120542.08985829019
2026-09-10T20:19:00.278,217,FLATTEN,CRZY_M,SELL,1600.0,10.75,2026-09-10 20:19:00.278,-1600.0,17200.0,v3_run3_tick69.txt,-120759.78985829017
2026-09-10T20:19:00.347,217,FLATTEN,CRZY_M,SELL,1600.0,10.75,2026-09-10 20:19:00.347,-1600.0,17200.0,v3_run3_tick69.txt,-120759.78985829017
2026-09-10T20:19:00.423,217,FLATTEN,CRZY_M,SELL,1600.0,10.75,2026-09-10 20:19:00.423,-1600.0,17200.0,v3_run3_tick69.txt,-120759.78985829017
2026-09-10T20:19:00.521,217,FLATTEN,CRZY_A,BUY,3200.0,10.76,2026-09-10 20:19:00.521,3200.0,-34432.0,v3_run3_tick69.txt,-120590.08985829019
2026-09-10T20:19:00.601,217,FLATTEN,CRZY_A,BUY,3200.0,10.76,2026-09-10 20:19:00.601,3200.0,-34432.0,v3_run3_tick69.txt,-120590.08985829019
2026-09-10T20:19:01.269,217,FLATTEN,CRZY_M,SELL,3200.0,10.75,2026-09-10 20:19:01.269,-3200.0,34400.0,v3_run3_tick69.txt,-120823.78985829017
2026-09-10T20:19:01.343,217,FLATTEN,CRZY_M,SELL,3200.0,10.75,2026-09-10 20:19:01.343,-3200.0,34400.0,v3_run3_tick69.txt,-120823.78985829017
2026-09-10T20:19:01.415,217,FLATTEN,CRZY_M,SELL,3200.0,10.75,2026-09-10 20:19:01.415,-3200.0,34400.0,v3_run3_tick69.txt,-120823.78985829017
2026-09-10T20:19:01.485,217,FLATTEN,CRZY_M,SELL,3200.0,10.75,2026-09-10 20:19:01.485,-3200.0,34400.0,v3_run3_tick69.txt,-120823.78985829017
2026-09-10T20:19:01.580,217,FLATTEN,CRZY_A,BUY,678.0,10.76,2026-09-10 20:19:01.580,678.0,-7295.28,v3_run3_tick69.txt,-120718.08985829017
2026-09-10T20:19:01.928,217,FLATTEN,CRZY_M,BUY,8922.0,10.77,2026-09-10 20:19:01.928,8922.0,-96089.94,v3_run3_tick69.txt,-120605.6098582902
2026-09-10T20:19:02.029,217,FLATTEN,CRZY_M,BUY,8922.0,10.77,2026-09-10 20:19:02.029,8922.0,-96089.94,v3_run3_tick69.txt,-120605.60985829023
2026-09-10T20:19:02.565,217,FLATTEN,CRZY_M,SELL,8922.0,10.75,2026-09-10 20:19:02.565,-8922.0,95911.5,v3_run3_tick69.txt,-121187.4498582902
2026-09-10T20:19:02.638,217,FLATTEN,CRZY_M,SELL,8922.0,10.75,2026-09-10 20:19:02.638,-8922.0,95911.5,v3_run3_tick69.txt,-121187.4498582902
2026-09-10T20:19:02.723,217,FLATTEN,CRZY_M,SELL,8922.0,10.75,2026-09-10 20:19:02.723,-8922.0,95911.5,v3_run3_tick69.txt,-121187.4498582902
2026-09-10T20:19:02.834,217,FLATTEN,CRZY_M,BUY,10000.0,10.77,2026-09-10 20:19:02.834,10000.0,-107700.0,v3_run3_tick69.txt,-121140.92985829021
2026-09-10T20:19:02.915,217,FLATTEN,CRZY_M,BUY,9998.0,10.77,2026-09-10 20:19:02.915,9998.0,-107678.45999999999,v3_run3_tick69.txt,-121140.92985829024
2026-09-10T20:19:03.596,217,FLATTEN,CRZY_M,SELL,2156.0,10.75,2026-09-10 20:19:03.596,-2156.0,23177.0,v3_run3_tick69.txt,-121587.40985829022
2026-09-10T20:19:03.671,217,FLATTEN,CRZY_M,SELL,2156.0,10.75,2026-09-10 20:19:03.671,-2156.0,23177.0,v3_run3_tick69.txt,-121587.40985829022
2026-09-10T20:19:03.740,217,FLATTEN,CRZY_M,SELL,2156.0,10.75,2026-09-10 20:19:03.740,-2156.0,23177.0,v3_run3_tick69.txt,-121587.40985829022
2026-09-10T20:19:03.845,217,FLATTEN,CRZY_M,BUY,4312.0,10.78,2026-09-10 20:19:03.845,4312.0,-46483.36,v3_run3_tick69.txt,-121111.72985829023
2026-09-10T20:19:03.919,217,FLATTEN,CRZY_M,BUY,4312.0,10.78,2026-09-10 20:19:03.919,4312.0,-46483.36,v3_run3_tick69.txt,-121111.72985829023
2026-09-10T20:19:03.990,217,FLATTEN,CRZY_M,BUY,4312.0,10.78,2026-09-10 20:19:03.990,4312.0,-46483.36,v3_run3_tick69.txt,-121111.72985829017
2026-09-10T20:19:04.090,217,FLATTEN,CRZY_M,SELL,8624.0,10.75,2026-09-10 20:19:04.090,-8624.0,92708.0,v3_run3_tick69.txt,-121975.48985829018
2026-09-10T20:19:04.167,217,FLATTEN,CRZY_M,SELL,8624.0,10.75,2026-09-10 20:19:04.167,-8624.0,92708.0,v3_run3_tick69.txt,-121975.48985829018
2026-09-10T20:19:04.266,217,FLATTEN,CRZY_M,SELL,7240.0,10.75,2026-09-10 20:19:04.266,-7240.0,77830.0,v3_run3_tick69.txt,-121975.48985829018
2026-09-10T20:19:04.618,217,FLATTEN,CRZY_A,BUY,613.0,10.76,2026-09-10 20:19:04.618,613.0,-6595.88,v3_run3_tick69.txt,-121932.44985829019
2026-09-10T20:19:04.966,217,FLATTEN,CRZY_A,BUY,10000.0,10.78,2026-09-10 20:19:04.966,10000.0,-107800.0,v3_run3_tick69.txt,-121834.1098582902
2026-09-10T20:19:05.070,217,FLATTEN,CRZY_A,BUY,9600.0,10.78,2026-09-10 20:19:05.070,9600.0,-103488.0,v3_run3_tick69.txt,-121834.10985829018
2026-09-10T20:19:05.435,217,FLATTEN,CRZY_M,SELL,1000.0,10.77,2026-09-10 20:19:05.435,-1000.0,10770.0,v3_run3_tick69.txt,-122079.27985829019
2026-09-10T20:19:06.142,217,FLATTEN,CRZY_M,SELL,1184.0,10.75,2026-09-10 20:19:06.142,-1184.0,12728.0,v3_run3_tick69.txt,-122549.61985829019
2026-09-10T20:19:06.235,217,FLATTEN,CRZY_M,SELL,3962.0,10.74,2026-09-10 20:19:06.235,-3962.0,42551.88,v3_run3_tick69.txt,-122772.94985829017
2026-09-10T20:19:06.300,217,FLATTEN,CRZY_M,SELL,3962.0,10.74,2026-09-10 20:19:06.300,-3962.0,42551.88,v3_run3_tick69.txt,-122772.94985829017
2026-09-10T20:19:06.395,217,FLATTEN,CRZY_M,BUY,1000.0,10.76,2026-09-10 20:19:06.395,1000.0,-10760.0,v3_run3_tick69.txt,-122484.76985829018
2026-09-10T20:19:06.741,217,FLATTEN,CRZY_M,BUY,1962.0,10.76,2026-09-10 20:19:06.741,1962.0,-21111.12,v3_run3_tick69.txt,-122484.76985829018
2026-09-10T20:19:06.812,217,FLATTEN,CRZY_M,BUY,1962.0,10.76,2026-09-10 20:19:06.812,1962.0,-21111.12,v3_run3_tick69.txt,-122484.76985829018
2026-09-10T20:19:06.904,217,FLATTEN,CRZY_M,SELL,1962.0,10.74,2026-09-10 20:19:06.904,-1962.0,21071.88,v3_run3_tick69.txt,-122871.42985829015
2026-09-10T20:19:06.978,217,FLATTEN,CRZY_M,SELL,1962.0,10.74,2026-09-10 20:19:06.978,-1962.0,21071.88,v3_run3_tick69.txt,-122871.42985829015
2026-09-10T20:19:07.079,217,FLATTEN,CRZY_M,SELL,1962.0,10.74,2026-09-10 20:19:07.079,-1962.0,21071.88,v3_run3_tick69.txt,-122871.42985829015
2026-09-10T20:19:07.188,217,FLATTEN,CRZY_M,BUY,3924.0,10.76,2026-09-10 20:19:07.188,3924.0,-42222.24,v3_run3_tick69.txt,-122602.48985829015
2026-09-10T20:19:07.263,217,FLATTEN,CRZY_M,BUY,3924.0,10.76,2026-09-10 20:19:07.263,3924.0,-42222.24,v3_run3_tick69.txt,-122602.48985829015
2026-09-10T20:19:07.334,217,FLATTEN,CRZY_M,BUY,3924.0,10.76,2026-09-10 20:19:07.334,3924.0,-42222.24,v3_run3_tick69.txt,-122602.48985829012
2026-09-10T20:19:07.426,217,FLATTEN,CRZY_M,SELL,7848.0,10.74,2026-09-10 20:19:07.426,-7848.0,84287.52,v3_run3_tick69.txt,-123106.8698582901
2026-09-10T20:19:07.507,219,FLATTEN,CRZY_M,SELL,7848.0,10.74,2026-09-10 20:19:07.507,-7848.0,84287.52,v3_run3_tick69.txt,-123106.86985829008
2026-09-10T20:19:07.572,219,FLATTEN,CRZY_M,SELL,7848.0,10.74,2026-09-10 20:19:07.572,-7848.0,84287.52,v3_run3_tick69.txt,-123106.86985829007
2026-09-10T20:19:07.666,219,FLATTEN,CRZY_M,BUY,10000.0,10.76,2026-09-10 20:19:07.666,10000.0,-107600.0,v3_run3_tick69.txt,-123073.36985829007
2026-09-10T20:19:07.746,219,FLATTEN,CRZY_M,BUY,10000.0,10.76,2026-09-10 20:19:07.746,10000.0,-107600.0,v3_run3_tick69.txt,-123073.36985829007
2026-09-10T20:19:07.815,219,FLATTEN,CRZY_M,BUY,10000.0,10.76,2026-09-10 20:19:07.815,10000.0,-107600.0,v3_run3_tick69.txt,-123073.36985829007
2026-09-10T20:19:07.914,219,FLATTEN,CRZY_M,SELL,10000.0,10.74,2026-09-10 20:19:07.914,-10000.0,107400.0,v3_run3_tick69.txt,-123706.86985829007
2026-09-10T20:19:07.992,219,FLATTEN,CRZY_M,SELL,10000.0,10.74,2026-09-10 20:19:07.992,-10000.0,107400.0,v3_run3_tick69.txt,-123706.86985829007
2026-09-10T20:19:08.093,219,FLATTEN,CRZY_M,SELL,10000.0,10.74,2026-09-10 20:19:08.093,-10000.0,107400.0,v3_run3_tick69.txt,-123706.86985829007
2026-09-10T20:19:08.183,219,FLATTEN,CRZY_M,BUY,10000.0,10.76,2026-09-10 20:19:08.183,10000.0,-107600.0,v3_run3_tick69.txt,-123673.36985829007
2026-09-10T20:19:08.255,219,FLATTEN,CRZY_M,BUY,10000.0,10.76,2026-09-10 20:19:08.255,10000.0,-107600.0,v3_run3_tick69.txt,-123673.36985829007
2026-09-10T20:19:08.332,219,FLATTEN,CRZY_M,BUY,10000.0,10.76,2026-09-10 20:19:08.332,10000.0,-107600.0,v3_run3_tick69.txt,-123673.36985829007
2026-09-10T20:19:08.438,219,FLATTEN,CRZY_M,SELL,10000.0,10.74,2026-09-10 20:19:08.438,-10000.0,107400.0,v3_run3_tick69.txt,-124306.86985829007
2026-09-10T20:19:08.512,219,FLATTEN,CRZY_M,SELL,10000.0,10.74,2026-09-10 20:19:08.512,-10000.0,107400.0,v3_run3_tick69.txt,-124306.86985829007
2026-09-10T20:19:08.584,219,FLATTEN,CRZY_M,SELL,10000.0,10.74,2026-09-10 20:19:08.584,-10000.0,107400.0,v3_run3_tick69.txt,-124306.86985829007
2026-09-10T20:19:08.689,219,FLATTEN,CRZY_M,BUY,10000.0,10.76,2026-09-10 20:19:08.689,10000.0,-107600.0,v3_run3_tick69.txt,-124273.36985829007
2026-09-10T20:19:08.760,219,FLATTEN,CRZY_M,BUY,7204.0,10.76,2026-09-10 20:19:08.760,7204.0,-77515.04,v3_run3_tick69.txt,-124273.36985829004
2026-09-10T20:19:09.173,219,FLATTEN,CRZY_M,SELL,1508.0,10.76,2026-09-10 20:19:09.173,-1508.0,16226.08,v3_run3_tick69.txt,-124273.36985829004
2026-09-10T20:19:09.248,219,FLATTEN,CRZY_M,SELL,1288.0,10.76,2026-09-10 20:19:09.248,-1288.0,13858.88,v3_run3_tick69.txt,-124273.36985829004
2026-09-10T20:19:09.596,219,FLATTEN,CRZY_M,SELL,1508.0,10.74,2026-09-10 20:19:09.596,-1508.0,16195.92,v3_run3_tick69.txt,-124595.02985829004
2026-09-10T20:19:10.471,220,FLATTEN,CRZY_A,BUY,544.0,10.75,2026-09-10 20:19:10.471,544.0,-5848.0,v3_run3_tick69.txt,-124449.27985829004
2026-09-10T20:19:10.819,220,FLATTEN,CRZY_A,BUY,456.0,10.76,2026-09-10 20:19:10.819,456.0,-4906.5599999999995,v3_run3_tick69.txt,-124298.08985829004
2026-09-10T20:19:10.884,220,FLATTEN,CRZY_A,BUY,456.0,10.76,2026-09-10 20:19:10.884,456.0,-4906.5599999999995,v3_run3_tick69.txt,-124298.08985829004
2026-09-10T20:19:10.979,220,FLATTEN,CRZY_M,SELL,363.0,10.75,2026-09-10 20:19:10.979,-363.0,3902.25,v3_run3_tick69.txt,-124458.39985829004
2026-09-10T20:19:11.327,220,FLATTEN,CRZY_M,SELL,274.0,10.74,2026-09-10 20:19:11.327,-274.0,2942.76,v3_run3_tick69.txt,-124615.07985829003
2026-09-10T20:19:11.395,220,FLATTEN,CRZY_M,SELL,274.0,10.74,2026-09-10 20:19:11.395,-274.0,2942.76,v3_run3_tick69.txt,-124615.07985829
2026-09-10T20:19:11.482,220,FLATTEN,CRZY_A,BUY,274.0,10.75,2026-09-10 20:19:11.482,274.0,-2945.5,v3_run3_tick69.txt,-124463.87985829002
2026-09-10T20:19:11.557,220,FLATTEN,CRZY_A,BUY,274.0,10.75,2026-09-10 20:19:11.557,274.0,-2945.5,v3_run3_tick69.txt,-124463.87985829002
2026-09-10T20:19:11.624,220,FLATTEN,CRZY_A,BUY,274.0,10.75,2026-09-10 20:19:11.624,274.0,-2945.5,v3_run3_tick69.txt,-124463.87985829002
2026-09-10T20:19:11.734,220,FLATTEN,CRZY_M,SELL,548.0,10.74,2026-09-10 20:19:11.734,-548.0,5885.52,v3_run3_tick69.txt,-124623.29985829
2026-09-10T20:19:11.807,220,FLATTEN,CRZY_M,SELL,548.0,10.74,2026-09-10 20:19:11.807,-548.0,5885.52,v3_run3_tick69.txt,-124623.29985828997
2026-09-10T20:19:11.883,220,FLATTEN,CRZY_M,SELL,548.0,10.74,2026-09-10 20:19:11.883,-548.0,5885.52,v3_run3_tick69.txt,-124623.29985828997
2026-09-10T20:19:11.991,220,FLATTEN,CRZY_A,BUY,1096.0,10.75,2026-09-10 20:19:11.991,1096.0,-11782.0,v3_run3_tick69.txt,-124480.31985828996
2026-09-10T20:19:12.066,220,FLATTEN,CRZY_A,BUY,1096.0,10.75,2026-09-10 20:19:12.066,1096.0,-11782.0,v3_run3_tick69.txt,-124480.31985828996
2026-09-10T20:19:12.136,220,FLATTEN,CRZY_A,BUY,1096.0,10.75,2026-09-10 20:19:12.136,1096.0,-11782.0,v3_run3_tick69.txt,-124480.31985828996
2026-09-10T20:19:12.249,220,FLATTEN,CRZY_M,SELL,2192.0,10.74,2026-09-10 20:19:12.249,-2192.0,23542.08,v3_run3_tick69.txt,-124656.17985828995
2026-09-10T20:19:12.322,220,FLATTEN,CRZY_M,SELL,2192.0,10.74,2026-09-10 20:19:12.322,-2192.0,23542.08,v3_run3_tick69.txt,-124656.17985828992
2026-09-10T20:19:12.395,220,FLATTEN,CRZY_M,SELL,2192.0,10.74,2026-09-10 20:19:12.395,-2192.0,23542.08,v3_run3_tick69.txt,-124656.1798582899
2026-09-10T20:19:12.503,220,FLATTEN,CRZY_A,BUY,4384.0,10.75,2026-09-10 20:19:12.503,4384.0,-47128.0,v3_run3_tick69.txt,-124546.07985828992
2026-09-10T20:19:12.578,220,FLATTEN,CRZY_A,BUY,4384.0,10.75,2026-09-10 20:19:12.578,4384.0,-47128.0,v3_run3_tick69.txt,-124546.07985828992
2026-09-10T20:19:12.643,220,FLATTEN,CRZY_A,BUY,4384.0,10.75,2026-09-10 20:19:12.643,4384.0,-47128.0,v3_run3_tick69.txt,-124546.07985828992
2026-09-10T20:19:12.750,220,FLATTEN,CRZY_M,SELL,8768.0,10.74,2026-09-10 20:19:12.750,-8768.0,94168.32,v3_run3_tick69.txt,-124787.69985828991
2026-09-10T20:19:12.830,220,FLATTEN,CRZY_M,SELL,8768.0,10.74,2026-09-10 20:19:12.830,-8768.0,94168.32,v3_run3_tick69.txt,-124787.6998582899
2026-09-10T20:19:12.913,220,FLATTEN,CRZY_M,SELL,8768.0,10.74,2026-09-10 20:19:12.913,-8768.0,94168.32,v3_run3_tick69.txt,-124787.6998582899
2026-09-10T20:19:13.009,220,FLATTEN,CRZY_A,BUY,10000.0,10.75,2026-09-10 20:19:13.009,10000.0,-107500.0,v3_run3_tick69.txt,-124809.1198582899
2026-09-10T20:19:13.088,220,FLATTEN,CRZY_A,BUY,10000.0,10.75,2026-09-10 20:19:13.088,10000.0,-107500.0,v3_run3_tick69.txt,-124809.1198582899
2026-09-10T20:19:13.160,220,FLATTEN,CRZY_A,BUY,10000.0,10.75,2026-09-10 20:19:13.160,10000.0,-107500.0,v3_run3_tick69.txt,-124809.1198582899
2026-09-10T20:19:13.257,220,FLATTEN,CRZY_M,SELL,10000.0,10.74,2026-09-10 20:19:13.257,-10000.0,107400.0,v3_run3_tick69.txt,-125087.69985828988
2026-09-10T20:19:13.330,220,FLATTEN,CRZY_M,SELL,10000.0,10.74,2026-09-10 20:19:13.330,-10000.0,107400.0,v3_run3_tick69.txt,-125087.6998582899
2026-09-10T20:19:13.401,220,FLATTEN,CRZY_M,SELL,10000.0,10.74,2026-09-10 20:19:13.401,-10000.0,107400.0,v3_run3_tick69.txt,-125087.6998582899
2026-09-10T20:19:13.715,220,FLATTEN,CRZY_A,BUY,10000.0,10.75,2026-09-10 20:19:13.715,10000.0,-107500.0,v3_run3_tick69.txt,-125109.1198582899
2026-09-10T20:19:13.798,220,FLATTEN,CRZY_A,BUY,7536.0,10.75,2026-09-10 20:19:13.798,7536.0,-81012.0,v3_run3_tick69.txt,-125109.1198582899
2026-09-10T20:19:13.869,220,FLATTEN,CRZY_A,BUY,7536.0,10.75,2026-09-10 20:19:13.869,7536.0,-81012.0,v3_run3_tick69.txt,-125109.1198582899
2026-09-10T20:19:13.933,220,FLATTEN,CRZY_A,BUY,7536.0,10.75,2026-09-10 20:19:13.933,7536.0,-81012.0,v3_run3_tick69.txt,-125109.1198582899
2026-09-10T20:19:14.061,220,FLATTEN,CRZY_M,SELL,2500.0,10.75,2026-09-10 20:19:14.061,-2500.0,26875.0,v3_run3_tick69.txt,-125109.1198582899
2026-09-10T20:19:14.774,221,FLATTEN,CRZY_A,SELL,7100.0,10.74,2026-09-10 20:19:14.774,-7100.0,76254.0,v3_run3_tick69.txt,-125388.7798582899
2026-09-10T20:19:15.408,221,FLATTEN,CRZY_M,SELL,4472.0,10.73,2026-09-10 20:19:15.408,-4472.0,47984.560000000005,v3_run3_tick69.txt,-125597.4398582899
2026-09-10T20:19:15.474,221,FLATTEN,CRZY_M,SELL,4472.0,10.73,2026-09-10 20:19:15.474,-4472.0,47984.560000000005,v3_run3_tick69.txt,-125597.43985828989
2026-09-10T20:19:15.562,221,FLATTEN,CRZY_M,BUY,570.0,10.74,2026-09-10 20:19:15.562,570.0,-6121.8,v3_run3_tick69.txt,-125478.21985828987
2026-09-10T20:19:15.908,221,FLATTEN,CRZY_A,BUY,4472.0,10.74,2026-09-10 20:19:15.908,4472.0,-48029.28,v3_run3_tick69.txt,-125478.2198582899
2026-09-10T20:19:16.006,221,FLATTEN,CRZY_A,BUY,2828.0,10.74,2026-09-10 20:19:16.006,2828.0,-30372.72,v3_run3_tick69.txt,-125478.21985828987
2026-09-10T20:19:16.080,221,FLATTEN,CRZY_A,BUY,4472.0,10.75,2026-09-10 20:19:16.080,4472.0,-48074.0,v3_run3_tick69.txt,-125280.29985828989
2026-09-10T20:19:16.150,221,FLATTEN,CRZY_A,BUY,4472.0,10.75,2026-09-10 20:19:16.150,4472.0,-48074.0,v3_run3_tick69.txt,-125280.29985828989
2026-09-10T20:19:16.214,221,FLATTEN,CRZY_A,BUY,4472.0,10.75,2026-09-10 20:19:16.214,4472.0,-48074.0,v3_run3_tick69.txt,-125280.29985828989
2026-09-10T20:19:16.313,221,FLATTEN,CRZY_M,SELL,570.0,10.74,2026-09-10 20:19:16.313,-570.0,6121.8,v3_run3_tick69.txt,-125612.3798582899
2026-09-10T20:19:16.671,221,FLATTEN,CRZY_M,SELL,8944.0,10.73,2026-09-10 20:19:16.671,-8944.0,95969.12000000001,v3_run3_tick69.txt,-125938.75985828988
2026-09-10T20:19:16.752,221,FLATTEN,CRZY_M,SELL,8944.0,10.73,2026-09-10 20:19:16.752,-8944.0,95969.12000000001,v3_run3_tick69.txt,-125938.75985828991
2026-09-10T20:19:16.853,221,FLATTEN,CRZY_A,BUY,9098.0,10.75,2026-09-10 20:19:16.853,9098.0,-97803.5,v3_run3_tick69.txt,-125643.75985828991
2026-09-10T20:19:17.202,221,FLATTEN,CRZY_M,SELL,570.0,10.74,2026-09-10 20:19:17.202,-570.0,6121.8,v3_run3_tick69.txt,-125882.23985828992
2026-09-10T20:19:17.302,221,FLATTEN,CRZY_M,SELL,430.0,10.74,2026-09-10 20:19:17.302,-430.0,4618.2,v3_run3_tick69.txt,-125882.23985828989
2026-09-10T20:19:17.402,221,FLATTEN,CRZY_A,SELL,1000.0,10.74,2026-09-10 20:19:17.402,-1000.0,10740.0,v3_run3_tick69.txt,-125882.23985828989
2026-09-10T20:19:17.746,221,FLATTEN,CRZY_M,SELL,6682.0,10.73,2026-09-10 20:19:17.746,-6682.0,71697.86,v3_run3_tick69.txt,-126100.71985828993
2026-09-10T20:19:17.874,221,FLATTEN,CRZY_M,SELL,6682.0,10.73,2026-09-10 20:19:17.874,-6682.0,71697.86,v3_run3_tick69.txt,-126100.71985828993
2026-09-10T20:19:18.463,221,FLATTEN,CRZY_M,BUY,800.0,10.75,2026-09-10 20:19:18.463,800.0,-8600.0,v3_run3_tick69.txt,-125931.03985828994
2026-09-10T20:19:18.536,221,FLATTEN,CRZY_M,BUY,800.0,10.74,2026-09-10 20:19:18.536,800.0,-8592.0,v3_run3_tick69.txt,-126023.87985828993
2026-09-10T20:19:18.648,221,FLATTEN,CRZY_M,BUY,200.0,10.74,2026-09-10 20:19:18.648,200.0,-2148.0,v3_run3_tick69.txt,-126023.87985828993
2026-09-10T20:19:18.996,221,FLATTEN,CRZY_A,BUY,1000.0,10.74,2026-09-10 20:19:18.996,1000.0,-10740.0,v3_run3_tick69.txt,-126023.87985828993
2026-09-10T20:19:19.400,221,FLATTEN,CRZY_A,BUY,3682.0,10.76,2026-09-10 20:19:19.400,3682.0,-39618.32,v3_run3_tick69.txt,-125798.19985828994
2026-09-10T20:19:19.473,221,FLATTEN,CRZY_A,BUY,3682.0,10.76,2026-09-10 20:19:19.473,3682.0,-39618.32,v3_run3_tick69.txt,-125798.19985828994
2026-09-10T20:19:19.544,221,FLATTEN,CRZY_A,BUY,3682.0,10.76,2026-09-10 20:19:19.544,3682.0,-39618.32,v3_run3_tick69.txt,-125798.19985828997
2026-09-10T20:19:19.667,221,FLATTEN,CRZY_M,SELL,7364.0,10.73,2026-09-10 20:19:19.667,-7364.0,79015.72,v3_run3_tick69.txt,-126468.09985828999
2026-09-10T20:19:19.743,221,FLATTEN,CRZY_M,SELL,7364.0,10.73,2026-09-10 20:19:19.743,-7364.0,79015.72,v3_run3_tick69.txt,-126468.09985828998
2026-09-10T20:19:19.832,221,FLATTEN,CRZY_M,SELL,7364.0,10.73135796,2026-09-10 20:19:19.832,-7364.0,79025.72001744,v3_run3_tick69.txt,-126457.77664636998
2026-09-10T20:19:19.923,221,FLATTEN,CRZY_M,BUY,10000.0,10.76,2026-09-10 20:19:19.923,10000.0,-107600.0,v3_run3_tick69.txt,-126450.95984084997
2026-09-10T20:19:19.999,221,FLATTEN,CRZY_M,BUY,10000.0,10.76,2026-09-10 20:19:19.999,10000.0,-107600.0,v3_run3_tick69.txt,-126450.95984084997
2026-09-10T20:19:20.108,221,FLATTEN,CRZY_M,BUY,10000.0,10.76,2026-09-10 20:19:20.108,10000.0,-107600.0,v3_run3_tick69.txt,-126450.95984084997
2026-09-10T20:19:20.195,221,FLATTEN,CRZY_A,SELL,1000.0,10.74,2026-09-10 20:19:20.195,-1000.0,10740.0,v3_run3_tick69.txt,-127055.71984084998
2026-09-10T20:19:20.545,221,FLATTEN,CRZY_M,SELL,10000.0,10.73,2026-09-10 20:19:20.545,-10000.0,107300.0,v3_run3_tick69.txt,-127348.09984084996
2026-09-10T20:19:20.610,221,FLATTEN,CRZY_M,SELL,10000.0,10.73,2026-09-10 20:19:20.610,-10000.0,107300.0,v3_run3_tick69.txt,-127348.09984084997
2026-09-10T20:19:20.715,221,FLATTEN,CRZY_A,BUY,1000.0,10.74,2026-09-10 20:19:20.715,1000.0,-10740.0,v3_run3_tick69.txt,-127255.71984084998
2026-09-10T20:19:21.063,221,FLATTEN,CRZY_M,BUY,5728.0,10.75650838,2026-09-10 20:19:21.063,5728.0,-61613.28000064,v3_run3_tick69.txt,-127086.70704641001
2026-09-10T20:19:21.131,221,FLATTEN,CRZY_M,BUY,5728.0,10.76,2026-09-10 20:19:21.131,5728.0,-61633.28,v3_run3_tick69.txt,-127030.95984148997
2026-09-10T20:19:21.231,221,FLATTEN,CRZY_M,SELL,2112.0,10.73,2026-09-10 20:19:21.231,-2112.0,22661.760000000002,v3_run3_tick69.txt,-127681.77984148994
2026-09-10T20:19:21.615,221,FLATTEN,CRZY_M,SELL,4616.0,10.72,2026-09-10 20:19:21.615,-4616.0,49483.520000000004,v3_run3_tick69.txt,-127877.59984148992
2026-09-10T20:19:22.762,223,FLATTEN,CRZY_M,BUY,1000.0,10.75,2026-09-10 20:19:22.762,1000.0,-10750.0,v3_run3_tick69.txt,-127428.61984148994
2026-09-10T20:19:22.835,223,FLATTEN,CRZY_M,BUY,1000.0,10.75,2026-09-10 20:19:22.835,1000.0,-10750.0,v3_run3_tick69.txt,-127428.61984148994
2026-09-10T20:19:22.933,223,FLATTEN,CRZY_M,BUY,465.0,10.75,2026-09-10 20:19:22.933,465.0,-4998.75,v3_run3_tick69.txt,-127428.61984148994
2026-09-10T20:19:23.008,223,FLATTEN,CRZY_M,SELL,1000.0,10.7407,2026-09-10 20:19:23.008,-1000.0,10740.7,v3_run3_tick69.txt,-127590.72814148993
2026-09-10T20:19:23.079,223,FLATTEN,CRZY_M,SELL,1000.0,10.73,2026-09-10 20:19:23.079,-1000.0,10730.0,v3_run3_tick69.txt,-127766.53984148992
2026-09-10T20:19:23.189,223,FLATTEN,CRZY_M,SELL,535.0,10.73,2026-09-10 20:19:23.189,-535.0,5740.55,v3_run3_tick69.txt,-127766.53984148992
2026-09-10T20:19:23.569,223,FLATTEN,CRZY_M,SELL,465.0,10.72,2026-09-10 20:19:23.569,-465.0,4984.8,v3_run3_tick69.txt,-127915.49984148995
2026-09-10T20:19:23.631,223,FLATTEN,CRZY_M,SELL,465.0,10.72,2026-09-10 20:19:23.631,-465.0,4984.8,v3_run3_tick69.txt,-127915.49984148995
2026-09-10T20:19:24.039,223,FLATTEN,CRZY_A,BUY,465.0,10.73,2026-09-10 20:19:24.039,465.0,-4989.45,v3_run3_tick69.txt,-127775.83984148997
2026-09-10T20:19:24.133,223,FLATTEN,CRZY_A,BUY,465.0,10.73,2026-09-10 20:19:24.133,465.0,-4989.45,v3_run3_tick69.txt,-127775.83984148997
2026-09-10T20:19:25.561,223,FLATTEN,CRZY_M,SELL,200.0,10.72,2026-09-10 20:19:25.561,-200.0,2144.0,v3_run3_tick69.txt,-127924.79984148999
2026-09-10T20:19:25.633,223,FLATTEN,CRZY_M,SELL,200.0,10.72,2026-09-10 20:19:25.633,-200.0,2144.0,v3_run3_tick69.txt,-127924.79984148999
2026-09-10T20:19:25.702,223,FLATTEN,CRZY_M,SELL,200.0,10.72,2026-09-10 20:19:25.702,-200.0,2144.0,v3_run3_tick69.txt,-127924.79984148999
2026-09-10T20:19:25.801,223,FLATTEN,CRZY_M,BUY,200.0,10.73,2026-09-10 20:19:25.801,200.0,-2146.0,v3_run3_tick69.txt,-127781.83984148997
2026-09-10T20:19:26.211,223,FLATTEN,CRZY_A,BUY,200.0,10.73,2026-09-10 20:19:26.211,200.0,-2146.0,v3_run3_tick69.txt,-127781.83984148997
2026-09-10T20:19:26.305,223,FLATTEN,CRZY_M,BUY,200.0,10.74,2026-09-10 20:19:26.305,200.0,-2148.0,v3_run3_tick69.txt,-127634.87984148998
2026-09-10T20:19:26.380,223,FLATTEN,CRZY_M,BUY,200.0,10.74,2026-09-10 20:19:26.380,200.0,-2148.0,v3_run3_tick69.txt,-127634.87984148998
2026-09-10T20:19:26.449,223,FLATTEN,CRZY_M,BUY,200.0,10.74,2026-09-10 20:19:26.449,200.0,-2148.0,v3_run3_tick69.txt,-127634.87984148998
2026-09-10T20:19:26.537,223,FLATTEN,CRZY_M,SELL,200.0,10.73,2026-09-10 20:19:26.537,-200.0,2146.0,v3_run3_tick69.txt,-127787.83984148997
2026-09-10T20:19:26.887,223,FLATTEN,CRZY_A,SELL,157.0,10.73,2026-09-10 20:19:26.887,-157.0,1684.6100000000001,v3_run3_tick69.txt,-127787.83984149
2026-09-10T20:19:27.307,223,FLATTEN,CRZY_M,SELL,200.0,10.72,2026-09-10 20:19:27.307,-200.0,2144.0,v3_run3_tick69.txt,-127937.22984148999
2026-09-10T20:19:27.383,223,FLATTEN,CRZY_M,SELL,200.0,10.72,2026-09-10 20:19:27.383,-200.0,2144.0,v3_run3_tick69.txt,-127937.22984148999
2026-09-10T20:19:27.452,223,FLATTEN,CRZY_M,SELL,200.0,10.72,2026-09-10 20:19:27.452,-200.0,2144.0,v3_run3_tick69.txt,-127937.22984148999
2026-09-10T20:19:27.547,223,FLATTEN,CRZY_A,BUY,400.0,10.74,2026-09-10 20:19:27.547,400.0,-4296.0,v3_run3_tick69.txt,-127650.44984148999
2026-09-10T20:19:27.620,223,FLATTEN,CRZY_A,BUY,400.0,10.74,2026-09-10 20:19:27.620,400.0,-4296.0,v3_run3_tick69.txt,-127650.44984148999
2026-09-10T20:19:27.721,223,FLATTEN,CRZY_A,BUY,400.0,10.731075,2026-09-10 20:19:27.721,400.0,-4292.43,v3_run3_tick69.txt,-127785.56541648999
2026-09-10T20:19:27.825,223,FLATTEN,CRZY_M,SELL,800.0,10.72,2026-09-10 20:19:27.825,-800.0,8576.0,v3_run3_tick69.txt,-127957.65984148998
2026-09-10T20:19:27.898,223,FLATTEN,CRZY_M,SELL,800.0,10.72,2026-09-10 20:19:27.898,-800.0,8576.0,v3_run3_tick69.txt,-127957.65984148998
2026-09-10T20:19:27.975,223,FLATTEN,CRZY_M,SELL,800.0,10.72,2026-09-10 20:19:27.975,-800.0,8576.0,v3_run3_tick69.txt,-127957.65984148998
2026-09-10T20:19:28.095,223,FLATTEN,CRZY_A,BUY,315.0,10.73,2026-09-10 20:19:28.095,315.0,-3379.9500000000003,v3_run3_tick69.txt,-127826.26984149
2026-09-10T20:19:28.446,223,FLATTEN,CRZY_A,BUY,970.0,10.73750515,2026-09-10 20:19:28.446,970.0,-10415.379995500001,v3_run3_tick69.txt,-127725.29555339002
2026-09-10T20:19:28.512,223,FLATTEN,CRZY_A,BUY,970.0,10.74,2026-09-10 20:19:28.512,970.0,-10417.800000000001,v3_run3_tick69.txt,-127689.30983699003
2026-09-10T20:19:28.585,223,FLATTEN,CRZY_M,SELL,970.0,10.72,2026-09-10 20:19:28.585,-970.0,10398.400000000001,v3_run3_tick69.txt,-127997.18983699
2026-09-10T20:19:36.733,225,FLATTEN,CRZY_A,BUY,970.0,10.63,2026-09-10 20:19:36.733,970.0,-10311.1,v3_run3_tick69.txt,-129295.34983698998
2026-09-10T20:19:36.811,225,FLATTEN,CRZY_A,BUY,968.0,10.63,2026-09-10 20:19:36.811,968.0,-10289.84,v3_run3_tick69.txt,-129295.34983698998
2026-09-10T20:19:36.932,225,FLATTEN,CRZY_A,BUY,970.0,10.63,2026-09-10 20:19:36.932,970.0,-10311.1,v3_run3_tick69.txt,-129295.34983698998
2026-09-10T20:19:37.861,225,FLATTEN,CRZY_A,SELL,1706.0,10.52,2026-09-10 20:19:37.861,-1706.0,17947.12,v3_run3_tick69.txt,-131201.86983699
2026-09-10T20:19:37.930,225,FLATTEN,CRZY_A,SELL,1706.0,10.52,2026-09-10 20:19:37.930,-1706.0,17947.12,v3_run3_tick69.txt,-131201.86983699
2026-09-10T20:19:38.039,225,FLATTEN,CRZY_A,BUY,4016.0,10.54,2026-09-10 20:19:38.039,4016.0,-42328.64,v3_run3_tick69.txt,-130923.46983699003
2026-09-10T20:19:38.117,225,FLATTEN,CRZY_A,BUY,4016.0,10.54,2026-09-10 20:19:38.117,4016.0,-42328.64,v3_run3_tick69.txt,-130923.46983699003
2026-09-10T20:19:38.188,225,FLATTEN,CRZY_A,BUY,4016.0,10.54,2026-09-10 20:19:38.188,4016.0,-42328.64,v3_run3_tick69.txt,-130923.46983699006
2026-09-10T20:19:38.296,225,FLATTEN,CRZY_A,SELL,2500.0,10.53,2026-09-10 20:19:38.296,-2500.0,26325.0,v3_run3_tick69.txt,-131183.14983699005
2026-09-10T20:19:38.661,225,FLATTEN,CRZY_A,SELL,5532.0,10.52,2026-09-10 20:19:38.661,-5532.0,58196.64,v3_run3_tick69.txt,-131417.82983699001
2026-09-10T20:19:39.605,227,PAIR,CRZY_M,BUY,1000.0,10.43,2026-09-10 20:19:39.605,1000.0,-10430.0,v3_run3_tick69.txt,-133032.06983699003
